2026-08-07 21:17:37,620 [INFO] app.main: Initializing database and application components...
2026-08-07 21:17:43,874 [INFO] app.main: WebSocket client connected. Total clients: 1
2026-08-07 21:19:22,652 [INFO] app.processor: EventProcessor active session updated to: 828b658f
2026-08-07 21:19:22,657 [INFO] app.providers.live: Connecting to TikTok live for username: @ridho_ramdani_46...
2026-08-07 21:19:24,327 [INFO] httpx: HTTP Request: GET https://www.tiktok.com/@ridho_ramdani_46/live? "HTTP/1.1 200 OK"
2026-08-07 21:19:24,561 [INFO] httpx: HTTP Request: GET https://webcast.tiktok.com/webcast/room/check_alive/?aid=1988&app_language=en&app_name=tiktok_web&browser_language=en-GB&browser_name=Mozilla&browser_online=true&browser_platform=Win32&browser_version=5.0%20%28Windows%20NT%2010.0%3B%20Win64%3B%20x64%29%20AppleWebKit%2F537.36%20%28KHTML%2C%20like%20Gecko%29%20Chrome%2F147.0.0.0%20Safari%2F537.36&cookie_enabled=true&device_platform=web_pc&focus_state=true&from_page=&history_len=10&is_fullscreen=false&is_page_visible=true&screen_height=2048&screen_width=1152&tz_name=Europe/London&channel=tiktok_web&data_collection_enabled=true&os=windows&priority_region=GB&region=GB&user_is_login=false&webcast_language=en&msToken=&referer=https://www.tiktok.com/@ridho_ramdani_46/live&root_referer=https://www.tiktok.com/@ridho_ramdani_46/live&device_id=94098106840217215712&room_id=7671260749810518805&room_ids=7671260749810518805 "HTTP/1.1 200 OK"
2026-08-07 21:19:26,621 [INFO] httpx: HTTP Request: GET https://api.eulerstream.com/webcast/fetch?client=ttlive-python&room_id=7671260749810518805&user_agent=Mozilla%2F5.0+%28Windows+NT+10.0%3B+Win64%3B+x64%29+AppleWebKit%2F537.36+%28KHTML%2C+like+Gecko%29+Chrome%2F147.0.0.0+Safari%2F537.36&client_enter=true&platform=web&tt_target_idc=useast1a "HTTP/1.1 200 OK"
2026-08-07 21:19:26,762 [INFO] app.providers.live: Reconnecting to @ridho_ramdani_46 in 2.0s...
2026-08-07 21:19:29,655 [INFO] app.providers.live: Successfully connected to room 7671260749810518805
2026-08-07 21:19:30,676 [INFO] app.providers.live: Connecting to TikTok live for username: @ridho_ramdani_46...
2026-08-07 21:19:34,106 [INFO] httpx: HTTP Request: GET https://www.tiktok.com/@ridho_ramdani_46/live? "HTTP/1.1 200 OK"
2026-08-07 21:19:34,293 [INFO] httpx: HTTP Request: GET https://webcast.tiktok.com/webcast/room/check_alive/?aid=1988&app_language=en&app_name=tiktok_web&browser_language=en-GB&browser_name=Mozilla&browser_online=true&browser_platform=Win32&browser_version=5.0%20%28Windows%20NT%2010.0%3B%20Win64%3B%20x64%29%20AppleWebKit%2F537.36%20%28KHTML%2C%20like%20Gecko%29%20Chrome%2F147.0.0.0%20Safari%2F537.36&cookie_enabled=true&device_platform=web_pc&focus_state=true&from_page=&history_len=10&is_fullscreen=false&is_page_visible=true&screen_height=2048&screen_width=1152&tz_name=Europe/London&channel=tiktok_web&data_collection_enabled=true&os=windows&priority_region=GB&region=GB&user_is_login=false&webcast_language=en&msToken=&referer=https://www.tiktok.com/@ridho_ramdani_46/live&root_referer=https://www.tiktok.com/@ridho_ramdani_46/live&device_id=47832261555211266326&room_id=7671260749810518805&room_ids=7671260749810518805 "HTTP/1.1 200 OK"
2026-08-07 21:19:36,433 [INFO] httpx: HTTP Request: GET https://api.eulerstream.com/webcast/fetch?client=ttlive-python&room_id=7671260749810518805&user_agent=Mozilla%2F5.0+%28Windows+NT+10.0%3B+Win64%3B+x64%29+AppleWebKit%2F537.36+%28KHTML%2C+like+Gecko%29+Chrome%2F147.0.0.0+Safari%2F537.36&client_enter=true&platform=web&tt_target_idc=useast1a "HTTP/1.1 200 OK"
2026-08-07 21:19:37,293 [INFO] app.providers.live: Reconnecting to @ridho_ramdani_46 in 4.0s...
2026-08-07 21:19:37,643 [INFO] app.providers.live: Successfully connected to room 7671260749810518805
2026-08-07 21:19:41,309 [INFO] app.providers.live: Connecting to TikTok live for username: @ridho_ramdani_46...
2026-08-07 21:19:42,816 [INFO] httpx: HTTP Request: GET https://www.tiktok.com/@ridho_ramdani_46/live? "HTTP/1.1 200 OK"
2026-08-07 21:19:43,332 [INFO] httpx: HTTP Request: GET https://webcast.tiktok.com/webcast/room/check_alive/?aid=1988&app_language=en&app_name=tiktok_web&browser_language=en-GB&browser_name=Mozilla&browser_online=true&browser_platform=Win32&browser_version=5.0%20%28Windows%20NT%2010.0%3B%20Win64%3B%20x64%29%20AppleWebKit%2F537.36%20%28KHTML%2C%20like%20Gecko%29%20Chrome%2F147.0.0.0%20Safari%2F537.36&cookie_enabled=true&device_platform=web_pc&focus_state=true&from_page=&history_len=10&is_fullscreen=false&is_page_visible=true&screen_height=2048&screen_width=1152&tz_name=Europe/London&channel=tiktok_web&data_collection_enabled=true&os=windows&priority_region=GB&region=GB&user_is_login=false&webcast_language=en&msToken=&referer=https://www.tiktok.com/@ridho_ramdani_46/live&root_referer=https://www.tiktok.com/@ridho_ramdani_46/live&device_id=71843163046999128866&room_id=7671260749810518805&room_ids=7671260749810518805 "HTTP/1.1 200 OK"
2026-08-07 21:19:47,602 [INFO] httpx: HTTP Request: GET https://api.eulerstream.com/webcast/fetch?client=ttlive-python&room_id=7671260749810518805&user_agent=Mozilla%2F5.0+%28Windows+NT+10.0%3B+Win64%3B+x64%29+AppleWebKit%2F537.36+%28KHTML%2C+like+Gecko%29+Chrome%2F147.0.0.0+Safari%2F537.36&client_enter=true&platform=web&tt_target_idc=useast1a "HTTP/1.1 200 OK"
2026-08-07 21:19:47,694 [INFO] app.providers.live: Reconnecting to @ridho_ramdani_46 in 4.0s...
2026-08-07 21:19:48,380 [INFO] app.providers.live: Successfully connected to room 7671260749810518805
2026-08-07 21:19:52,384 [INFO] app.providers.live: Connecting to TikTok live for username: @ridho_ramdani_46...
2026-08-07 21:19:55,757 [INFO] httpx: HTTP Request: GET https://www.tiktok.com/@ridho_ramdani_46/live? "HTTP/1.1 200 OK"
2026-08-07 21:19:57,306 [INFO] httpx: HTTP Request: GET https://webcast.tiktok.com/webcast/room/check_alive/?aid=1988&app_language=en&app_name=tiktok_web&browser_language=en-GB&browser_name=Mozilla&browser_online=true&browser_platform=Win32&browser_version=5.0%20%28Windows%20NT%2010.0%3B%20Win64%3B%20x64%29%20AppleWebKit%2F537.36%20%28KHTML%2C%20like%20Gecko%29%20Chrome%2F147.0.0.0%20Safari%2F537.36&cookie_enabled=true&device_platform=web_pc&focus_state=true&from_page=&history_len=10&is_fullscreen=false&is_page_visible=true&screen_height=2048&screen_width=1152&tz_name=Europe/London&channel=tiktok_web&data_collection_enabled=true&os=windows&priority_region=GB&region=GB&user_is_login=false&webcast_language=en&msToken=&referer=https://www.tiktok.com/@ridho_ramdani_46/live&root_referer=https://www.tiktok.com/@ridho_ramdani_46/live&device_id=65516804461560830327&room_id=7671260749810518805&room_ids=7671260749810518805 "HTTP/1.1 200 OK"
2026-08-07 21:19:59,803 [INFO] httpx: HTTP Request: GET https://api.eulerstream.com/webcast/fetch?client=ttlive-python&room_id=7671260749810518805&user_agent=Mozilla%2F5.0+%28Windows+NT+10.0%3B+Win64%3B+x64%29+AppleWebKit%2F537.36+%28KHTML%2C+like+Gecko%29+Chrome%2F147.0.0.0+Safari%2F537.36&client_enter=true&platform=web&tt_target_idc=useast1a "HTTP/1.1 200 OK"
2026-08-07 21:19:59,888 [INFO] app.providers.live: Reconnecting to @ridho_ramdani_46 in 4.0s...
2026-08-07 21:20:00,836 [INFO] app.providers.live: Successfully connected to room 7671260749810518805
2026-08-07 21:20:03,933 [INFO] app.providers.live: Connecting to TikTok live for username: @ridho_ramdani_46...
2026-08-07 21:20:05,206 [INFO] httpx: HTTP Request: GET https://www.tiktok.com/@ridho_ramdani_46/live? "HTTP/1.1 200 OK"
2026-08-07 21:20:05,764 [INFO] httpx: HTTP Request: GET https://webcast.tiktok.com/webcast/room/check_alive/?aid=1988&app_language=en&app_name=tiktok_web&browser_language=en-GB&browser_name=Mozilla&browser_online=true&browser_platform=Win32&browser_version=5.0%20%28Windows%20NT%2010.0%3B%20Win64%3B%20x64%29%20AppleWebKit%2F537.36%20%28KHTML%2C%20like%20Gecko%29%20Chrome%2F147.0.0.0%20Safari%2F537.36&cookie_enabled=true&device_platform=web_pc&focus_state=true&from_page=&history_len=10&is_fullscreen=false&is_page_visible=true&screen_height=2048&screen_width=1152&tz_name=Europe/London&channel=tiktok_web&data_collection_enabled=true&os=windows&priority_region=GB&region=GB&user_is_login=false&webcast_language=en&msToken=&referer=https://www.tiktok.com/@ridho_ramdani_46/live&root_referer=https://www.tiktok.com/@ridho_ramdani_46/live&device_id=79430714119197993861&room_id=7671260749810518805&room_ids=7671260749810518805 "HTTP/1.1 200 OK"
2026-08-07 21:20:07,513 [INFO] httpx: HTTP Request: GET https://api.eulerstream.com/webcast/fetch?client=ttlive-python&room_id=7671260749810518805&user_agent=Mozilla%2F5.0+%28Windows+NT+10.0%3B+Win64%3B+x64%29+AppleWebKit%2F537.36+%28KHTML%2C+like+Gecko%29+Chrome%2F147.0.0.0+Safari%2F537.36&client_enter=true&platform=web&tt_target_idc=useast1a "HTTP/1.1 200 OK"
2026-08-07 21:20:07,535 [INFO] app.providers.live: Reconnecting to @ridho_ramdani_46 in 4.0s...
2026-08-07 21:20:08,603 [INFO] app.providers.live: Successfully connected to room 7671260749810518805
2026-08-07 21:20:11,543 [INFO] app.providers.live: Connecting to TikTok live for username: @ridho_ramdani_46...
2026-08-07 21:20:20,307 [ERROR] app.processor: Error processing raw event 'viewer'
Traceback (most recent call last):
  File "C:\Users\pacong2\Videos\tiktobs\app\processor.py", line 45, in process_raw_event
    is_new = await database.insert_event(
             ^^^^^^^^^^^^^^^^^^^^^^^^^^^^
  File "C:\Users\pacong2\Videos\tiktobs\app\database.py", line 82, in insert_event
    async with aiosqlite.connect(DB_PATH) as db, db.execute(
                                                 ^^^^^^^^^^^
  File "C:\Users\pacong2\Videos\tiktobs\.venv\Lib\site-packages\aiosqlite\context.py", line 41, in __aenter__
    self._obj = await self._coro
                ^^^^^^^^^^^^^^^^
  File "C:\Users\pacong2\Videos\tiktobs\.venv\Lib\site-packages\aiosqlite\core.py", line 223, in execute
    cursor = await self._execute(self._conn.execute, sql, parameters)
             ^^^^^^^^^^^^^^^^^^^^^^^^^^^^^^^^^^^^^^^^^^^^^^^^^^^^^^^^
  File "C:\Users\pacong2\Videos\tiktobs\.venv\Lib\site-packages\aiosqlite\core.py", line 160, in _execute
    return await future
           ^^^^^^^^^^^^
  File "C:\Users\pacong2\Videos\tiktobs\.venv\Lib\site-packages\aiosqlite\core.py", line 63, in _connection_worker_thread
    result = function()
             ^^^^^^^^^^
sqlite3.OperationalError: database is locked
2026-08-07 21:20:20,327 [ERROR] app.processor: Error processing raw event 'comment'
Traceback (most recent call last):
  File "C:\Users\pacong2\Videos\tiktobs\app\processor.py", line 45, in process_raw_event
    is_new = await database.insert_event(
             ^^^^^^^^^^^^^^^^^^^^^^^^^^^^
  File "C:\Users\pacong2\Videos\tiktobs\app\database.py", line 82, in insert_event
    async with aiosqlite.connect(DB_PATH) as db, db.execute(
                                                 ^^^^^^^^^^^
  File "C:\Users\pacong2\Videos\tiktobs\.venv\Lib\site-packages\aiosqlite\context.py", line 41, in __aenter__
    self._obj = await self._coro
                ^^^^^^^^^^^^^^^^
  File "C:\Users\pacong2\Videos\tiktobs\.venv\Lib\site-packages\aiosqlite\core.py", line 223, in execute
    cursor = await self._execute(self._conn.execute, sql, parameters)
             ^^^^^^^^^^^^^^^^^^^^^^^^^^^^^^^^^^^^^^^^^^^^^^^^^^^^^^^^
  File "C:\Users\pacong2\Videos\tiktobs\.venv\Lib\site-packages\aiosqlite\core.py", line 160, in _execute
    return await future
           ^^^^^^^^^^^^
  File "C:\Users\pacong2\Videos\tiktobs\.venv\Lib\site-packages\aiosqlite\core.py", line 63, in _connection_worker_thread
    result = function()
             ^^^^^^^^^^
sqlite3.OperationalError: database is locked
2026-08-07 21:20:20,392 [ERROR] app.processor: Error processing raw event 'viewer'
Traceback (most recent call last):
  File "C:\Users\pacong2\Videos\tiktobs\app\processor.py", line 45, in process_raw_event
    is_new = await database.insert_event(
             ^^^^^^^^^^^^^^^^^^^^^^^^^^^^
  File "C:\Users\pacong2\Videos\tiktobs\app\database.py", line 82, in insert_event
    async with aiosqlite.connect(DB_PATH) as db, db.execute(
                                                 ^^^^^^^^^^^
  File "C:\Users\pacong2\Videos\tiktobs\.venv\Lib\site-packages\aiosqlite\context.py", line 41, in __aenter__
    self._obj = await self._coro
                ^^^^^^^^^^^^^^^^
  File "C:\Users\pacong2\Videos\tiktobs\.venv\Lib\site-packages\aiosqlite\core.py", line 223, in execute
    cursor = await self._execute(self._conn.execute, sql, parameters)
             ^^^^^^^^^^^^^^^^^^^^^^^^^^^^^^^^^^^^^^^^^^^^^^^^^^^^^^^^
  File "C:\Users\pacong2\Videos\tiktobs\.venv\Lib\site-packages\aiosqlite\core.py", line 160, in _execute
    return await future
           ^^^^^^^^^^^^
  File "C:\Users\pacong2\Videos\tiktobs\.venv\Lib\site-packages\aiosqlite\core.py", line 63, in _connection_worker_thread
    result = function()
             ^^^^^^^^^^
sqlite3.OperationalError: database is locked
2026-08-07 21:20:20,418 [ERROR] app.processor: Error processing raw event 'comment'
Traceback (most recent call last):
  File "C:\Users\pacong2\Videos\tiktobs\app\processor.py", line 45, in process_raw_event
    is_new = await database.insert_event(
             ^^^^^^^^^^^^^^^^^^^^^^^^^^^^
  File "C:\Users\pacong2\Videos\tiktobs\app\database.py", line 82, in insert_event
    async with aiosqlite.connect(DB_PATH) as db, db.execute(
                                                 ^^^^^^^^^^^
  File "C:\Users\pacong2\Videos\tiktobs\.venv\Lib\site-packages\aiosqlite\context.py", line 41, in __aenter__
    self._obj = await self._coro
                ^^^^^^^^^^^^^^^^
  File "C:\Users\pacong2\Videos\tiktobs\.venv\Lib\site-packages\aiosqlite\core.py", line 223, in execute
    cursor = await self._execute(self._conn.execute, sql, parameters)
             ^^^^^^^^^^^^^^^^^^^^^^^^^^^^^^^^^^^^^^^^^^^^^^^^^^^^^^^^
  File "C:\Users\pacong2\Videos\tiktobs\.venv\Lib\site-packages\aiosqlite\core.py", line 160, in _execute
    return await future
           ^^^^^^^^^^^^
  File "C:\Users\pacong2\Videos\tiktobs\.venv\Lib\site-packages\aiosqlite\core.py", line 63, in _connection_worker_thread
    result = function()
             ^^^^^^^^^^
sqlite3.OperationalError: database is locked
2026-08-07 21:20:20,743 [ERROR] app.processor: Error processing raw event 'comment'
Traceback (most recent call last):
  File "C:\Users\pacong2\Videos\tiktobs\app\processor.py", line 45, in process_raw_event
    is_new = await database.insert_event(
             ^^^^^^^^^^^^^^^^^^^^^^^^^^^^
  File "C:\Users\pacong2\Videos\tiktobs\app\database.py", line 82, in insert_event
    async with aiosqlite.connect(DB_PATH) as db, db.execute(
                                                 ^^^^^^^^^^^
  File "C:\Users\pacong2\Videos\tiktobs\.venv\Lib\site-packages\aiosqlite\context.py", line 41, in __aenter__
    self._obj = await self._coro
                ^^^^^^^^^^^^^^^^
  File "C:\Users\pacong2\Videos\tiktobs\.venv\Lib\site-packages\aiosqlite\core.py", line 223, in execute
    cursor = await self._execute(self._conn.execute, sql, parameters)
             ^^^^^^^^^^^^^^^^^^^^^^^^^^^^^^^^^^^^^^^^^^^^^^^^^^^^^^^^
  File "C:\Users\pacong2\Videos\tiktobs\.venv\Lib\site-packages\aiosqlite\core.py", line 160, in _execute
    return await future
           ^^^^^^^^^^^^
  File "C:\Users\pacong2\Videos\tiktobs\.venv\Lib\site-packages\aiosqlite\core.py", line 63, in _connection_worker_thread
    result = function()
             ^^^^^^^^^^
sqlite3.OperationalError: database is locked
2026-08-07 21:20:23,196 [ERROR] app.processor: Error processing raw event 'viewer'
Traceback (most recent call last):
  File "C:\Users\pacong2\Videos\tiktobs\app\processor.py", line 45, in process_raw_event
    is_new = await database.insert_event(
             ^^^^^^^^^^^^^^^^^^^^^^^^^^^^
  File "C:\Users\pacong2\Videos\tiktobs\app\database.py", line 82, in insert_event
    async with aiosqlite.connect(DB_PATH) as db, db.execute(
                                                 ^^^^^^^^^^^
  File "C:\Users\pacong2\Videos\tiktobs\.venv\Lib\site-packages\aiosqlite\context.py", line 41, in __aenter__
    self._obj = await self._coro
                ^^^^^^^^^^^^^^^^
  File "C:\Users\pacong2\Videos\tiktobs\.venv\Lib\site-packages\aiosqlite\core.py", line 223, in execute
    cursor = await self._execute(self._conn.execute, sql, parameters)
             ^^^^^^^^^^^^^^^^^^^^^^^^^^^^^^^^^^^^^^^^^^^^^^^^^^^^^^^^
  File "C:\Users\pacong2\Videos\tiktobs\.venv\Lib\site-packages\aiosqlite\core.py", line 160, in _execute
    return await future
           ^^^^^^^^^^^^
  File "C:\Users\pacong2\Videos\tiktobs\.venv\Lib\site-packages\aiosqlite\core.py", line 63, in _connection_worker_thread
    result = function()
             ^^^^^^^^^^
sqlite3.OperationalError: database is locked
2026-08-07 21:20:23,806 [INFO] httpx: HTTP Request: GET https://www.tiktok.com/@ridho_ramdani_46/live? "HTTP/1.1 200 OK"
2026-08-07 21:20:25,013 [ERROR] app.processor: Error processing raw event 'viewer'
Traceback (most recent call last):
  File "C:\Users\pacong2\Videos\tiktobs\app\processor.py", line 45, in process_raw_event
    is_new = await database.insert_event(
             ^^^^^^^^^^^^^^^^^^^^^^^^^^^^
  File "C:\Users\pacong2\Videos\tiktobs\app\database.py", line 82, in insert_event
    async with aiosqlite.connect(DB_PATH) as db, db.execute(
                                                 ^^^^^^^^^^^
  File "C:\Users\pacong2\Videos\tiktobs\.venv\Lib\site-packages\aiosqlite\context.py", line 41, in __aenter__
    self._obj = await self._coro
                ^^^^^^^^^^^^^^^^
  File "C:\Users\pacong2\Videos\tiktobs\.venv\Lib\site-packages\aiosqlite\core.py", line 223, in execute
    cursor = await self._execute(self._conn.execute, sql, parameters)
             ^^^^^^^^^^^^^^^^^^^^^^^^^^^^^^^^^^^^^^^^^^^^^^^^^^^^^^^^
  File "C:\Users\pacong2\Videos\tiktobs\.venv\Lib\site-packages\aiosqlite\core.py", line 160, in _execute
    return await future
           ^^^^^^^^^^^^
  File "C:\Users\pacong2\Videos\tiktobs\.venv\Lib\site-packages\aiosqlite\core.py", line 63, in _connection_worker_thread
    result = function()
             ^^^^^^^^^^
sqlite3.OperationalError: database is locked
2026-08-07 21:20:25,017 [ERROR] app.processor: Error processing raw event 'viewer'
Traceback (most recent call last):
  File "C:\Users\pacong2\Videos\tiktobs\app\processor.py", line 45, in process_raw_event
    is_new = await database.insert_event(
             ^^^^^^^^^^^^^^^^^^^^^^^^^^^^
  File "C:\Users\pacong2\Videos\tiktobs\app\database.py", line 82, in insert_event
    async with aiosqlite.connect(DB_PATH) as db, db.execute(
                                                 ^^^^^^^^^^^
  File "C:\Users\pacong2\Videos\tiktobs\.venv\Lib\site-packages\aiosqlite\context.py", line 41, in __aenter__
    self._obj = await self._coro
                ^^^^^^^^^^^^^^^^
  File "C:\Users\pacong2\Videos\tiktobs\.venv\Lib\site-packages\aiosqlite\core.py", line 223, in execute
    cursor = await self._execute(self._conn.execute, sql, parameters)
             ^^^^^^^^^^^^^^^^^^^^^^^^^^^^^^^^^^^^^^^^^^^^^^^^^^^^^^^^
  File "C:\Users\pacong2\Videos\tiktobs\.venv\Lib\site-packages\aiosqlite\core.py", line 160, in _execute
    return await future
           ^^^^^^^^^^^^
  File "C:\Users\pacong2\Videos\tiktobs\.venv\Lib\site-packages\aiosqlite\core.py", line 63, in _connection_worker_thread
    result = function()
             ^^^^^^^^^^
sqlite3.OperationalError: database is locked
2026-08-07 21:20:25,029 [ERROR] app.processor: Error processing raw event 'like'
Traceback (most recent call last):
  File "C:\Users\pacong2\Videos\tiktobs\app\processor.py", line 45, in process_raw_event
    is_new = await database.insert_event(
             ^^^^^^^^^^^^^^^^^^^^^^^^^^^^
  File "C:\Users\pacong2\Videos\tiktobs\app\database.py", line 82, in insert_event
    async with aiosqlite.connect(DB_PATH) as db, db.execute(
                                                 ^^^^^^^^^^^
  File "C:\Users\pacong2\Videos\tiktobs\.venv\Lib\site-packages\aiosqlite\context.py", line 41, in __aenter__
    self._obj = await self._coro
                ^^^^^^^^^^^^^^^^
  File "C:\Users\pacong2\Videos\tiktobs\.venv\Lib\site-packages\aiosqlite\core.py", line 223, in execute
    cursor = await self._execute(self._conn.execute, sql, parameters)
             ^^^^^^^^^^^^^^^^^^^^^^^^^^^^^^^^^^^^^^^^^^^^^^^^^^^^^^^^
  File "C:\Users\pacong2\Videos\tiktobs\.venv\Lib\site-packages\aiosqlite\core.py", line 160, in _execute
    return await future
           ^^^^^^^^^^^^
  File "C:\Users\pacong2\Videos\tiktobs\.venv\Lib\site-packages\aiosqlite\core.py", line 63, in _connection_worker_thread
    result = function()
             ^^^^^^^^^^
sqlite3.OperationalError: database is locked
2026-08-07 21:20:25,047 [ERROR] app.processor: Error processing raw event 'viewer'
Traceback (most recent call last):
  File "C:\Users\pacong2\Videos\tiktobs\app\processor.py", line 45, in process_raw_event
    is_new = await database.insert_event(
             ^^^^^^^^^^^^^^^^^^^^^^^^^^^^
  File "C:\Users\pacong2\Videos\tiktobs\app\database.py", line 82, in insert_event
    async with aiosqlite.connect(DB_PATH) as db, db.execute(
                                                 ^^^^^^^^^^^
  File "C:\Users\pacong2\Videos\tiktobs\.venv\Lib\site-packages\aiosqlite\context.py", line 41, in __aenter__
    self._obj = await self._coro
                ^^^^^^^^^^^^^^^^
  File "C:\Users\pacong2\Videos\tiktobs\.venv\Lib\site-packages\aiosqlite\core.py", line 223, in execute
    cursor = await self._execute(self._conn.execute, sql, parameters)
             ^^^^^^^^^^^^^^^^^^^^^^^^^^^^^^^^^^^^^^^^^^^^^^^^^^^^^^^^
  File "C:\Users\pacong2\Videos\tiktobs\.venv\Lib\site-packages\aiosqlite\core.py", line 160, in _execute
    return await future
           ^^^^^^^^^^^^
  File "C:\Users\pacong2\Videos\tiktobs\.venv\Lib\site-packages\aiosqlite\core.py", line 63, in _connection_worker_thread
    result = function()
             ^^^^^^^^^^
sqlite3.OperationalError: database is locked
2026-08-07 21:20:26,450 [ERROR] app.processor: Error processing raw event 'like'
Traceback (most recent call last):
  File "C:\Users\pacong2\Videos\tiktobs\app\processor.py", line 45, in process_raw_event
    is_new = await database.insert_event(
             ^^^^^^^^^^^^^^^^^^^^^^^^^^^^
  File "C:\Users\pacong2\Videos\tiktobs\app\database.py", line 82, in insert_event
    async with aiosqlite.connect(DB_PATH) as db, db.execute(
                                                 ^^^^^^^^^^^
  File "C:\Users\pacong2\Videos\tiktobs\.venv\Lib\site-packages\aiosqlite\context.py", line 41, in __aenter__
    self._obj = await self._coro
                ^^^^^^^^^^^^^^^^
  File "C:\Users\pacong2\Videos\tiktobs\.venv\Lib\site-packages\aiosqlite\core.py", line 223, in execute
    cursor = await self._execute(self._conn.execute, sql, parameters)
             ^^^^^^^^^^^^^^^^^^^^^^^^^^^^^^^^^^^^^^^^^^^^^^^^^^^^^^^^
  File "C:\Users\pacong2\Videos\tiktobs\.venv\Lib\site-packages\aiosqlite\core.py", line 160, in _execute
    return await future
           ^^^^^^^^^^^^
  File "C:\Users\pacong2\Videos\tiktobs\.venv\Lib\site-packages\aiosqlite\core.py", line 63, in _connection_worker_thread
    result = function()
             ^^^^^^^^^^
sqlite3.OperationalError: database is locked
2026-08-07 21:20:26,560 [ERROR] app.processor: Error processing raw event 'like'
Traceback (most recent call last):
  File "C:\Users\pacong2\Videos\tiktobs\app\processor.py", line 45, in process_raw_event
    is_new = await database.insert_event(
             ^^^^^^^^^^^^^^^^^^^^^^^^^^^^
  File "C:\Users\pacong2\Videos\tiktobs\app\database.py", line 82, in insert_event
    async with aiosqlite.connect(DB_PATH) as db, db.execute(
                                                 ^^^^^^^^^^^
  File "C:\Users\pacong2\Videos\tiktobs\.venv\Lib\site-packages\aiosqlite\context.py", line 41, in __aenter__
    self._obj = await self._coro
                ^^^^^^^^^^^^^^^^
  File "C:\Users\pacong2\Videos\tiktobs\.venv\Lib\site-packages\aiosqlite\core.py", line 223, in execute
    cursor = await self._execute(self._conn.execute, sql, parameters)
             ^^^^^^^^^^^^^^^^^^^^^^^^^^^^^^^^^^^^^^^^^^^^^^^^^^^^^^^^
  File "C:\Users\pacong2\Videos\tiktobs\.venv\Lib\site-packages\aiosqlite\core.py", line 160, in _execute
    return await future
           ^^^^^^^^^^^^
  File "C:\Users\pacong2\Videos\tiktobs\.venv\Lib\site-packages\aiosqlite\core.py", line 63, in _connection_worker_thread
    result = function()
             ^^^^^^^^^^
sqlite3.OperationalError: database is locked
2026-08-07 21:20:26,579 [ERROR] app.processor: Error processing raw event 'like'
Traceback (most recent call last):
  File "C:\Users\pacong2\Videos\tiktobs\app\processor.py", line 45, in process_raw_event
    is_new = await database.insert_event(
             ^^^^^^^^^^^^^^^^^^^^^^^^^^^^
  File "C:\Users\pacong2\Videos\tiktobs\app\database.py", line 82, in insert_event
    async with aiosqlite.connect(DB_PATH) as db, db.execute(
                                                 ^^^^^^^^^^^
  File "C:\Users\pacong2\Videos\tiktobs\.venv\Lib\site-packages\aiosqlite\context.py", line 41, in __aenter__
    self._obj = await self._coro
                ^^^^^^^^^^^^^^^^
  File "C:\Users\pacong2\Videos\tiktobs\.venv\Lib\site-packages\aiosqlite\core.py", line 223, in execute
    cursor = await self._execute(self._conn.execute, sql, parameters)
             ^^^^^^^^^^^^^^^^^^^^^^^^^^^^^^^^^^^^^^^^^^^^^^^^^^^^^^^^
  File "C:\Users\pacong2\Videos\tiktobs\.venv\Lib\site-packages\aiosqlite\core.py", line 160, in _execute
    return await future
           ^^^^^^^^^^^^
  File "C:\Users\pacong2\Videos\tiktobs\.venv\Lib\site-packages\aiosqlite\core.py", line 63, in _connection_worker_thread
    result = function()
             ^^^^^^^^^^
sqlite3.OperationalError: database is locked
2026-08-07 21:20:26,664 [ERROR] app.processor: Error processing raw event 'like'
Traceback (most recent call last):
  File "C:\Users\pacong2\Videos\tiktobs\app\processor.py", line 45, in process_raw_event
    is_new = await database.insert_event(
             ^^^^^^^^^^^^^^^^^^^^^^^^^^^^
  File "C:\Users\pacong2\Videos\tiktobs\app\database.py", line 82, in insert_event
    async with aiosqlite.connect(DB_PATH) as db, db.execute(
                                                 ^^^^^^^^^^^
  File "C:\Users\pacong2\Videos\tiktobs\.venv\Lib\site-packages\aiosqlite\context.py", line 41, in __aenter__
    self._obj = await self._coro
                ^^^^^^^^^^^^^^^^
  File "C:\Users\pacong2\Videos\tiktobs\.venv\Lib\site-packages\aiosqlite\core.py", line 223, in execute
    cursor = await self._execute(self._conn.execute, sql, parameters)
             ^^^^^^^^^^^^^^^^^^^^^^^^^^^^^^^^^^^^^^^^^^^^^^^^^^^^^^^^
  File "C:\Users\pacong2\Videos\tiktobs\.venv\Lib\site-packages\aiosqlite\core.py", line 160, in _execute
    return await future
           ^^^^^^^^^^^^
  File "C:\Users\pacong2\Videos\tiktobs\.venv\Lib\site-packages\aiosqlite\core.py", line 63, in _connection_worker_thread
    result = function()
             ^^^^^^^^^^
sqlite3.OperationalError: database is locked
2026-08-07 21:20:26,750 [ERROR] app.processor: Error processing raw event 'viewer'
Traceback (most recent call last):
  File "C:\Users\pacong2\Videos\tiktobs\app\processor.py", line 45, in process_raw_event
    is_new = await database.insert_event(
             ^^^^^^^^^^^^^^^^^^^^^^^^^^^^
  File "C:\Users\pacong2\Videos\tiktobs\app\database.py", line 82, in insert_event
    async with aiosqlite.connect(DB_PATH) as db, db.execute(
                                                 ^^^^^^^^^^^
  File "C:\Users\pacong2\Videos\tiktobs\.venv\Lib\site-packages\aiosqlite\context.py", line 41, in __aenter__
    self._obj = await self._coro
                ^^^^^^^^^^^^^^^^
  File "C:\Users\pacong2\Videos\tiktobs\.venv\Lib\site-packages\aiosqlite\core.py", line 223, in execute
    cursor = await self._execute(self._conn.execute, sql, parameters)
             ^^^^^^^^^^^^^^^^^^^^^^^^^^^^^^^^^^^^^^^^^^^^^^^^^^^^^^^^
  File "C:\Users\pacong2\Videos\tiktobs\.venv\Lib\site-packages\aiosqlite\core.py", line 160, in _execute
    return await future
           ^^^^^^^^^^^^
  File "C:\Users\pacong2\Videos\tiktobs\.venv\Lib\site-packages\aiosqlite\core.py", line 63, in _connection_worker_thread
    result = function()
             ^^^^^^^^^^
sqlite3.OperationalError: database is locked
2026-08-07 21:20:29,343 [ERROR] app.processor: Error processing raw event 'like'
Traceback (most recent call last):
  File "C:\Users\pacong2\Videos\tiktobs\app\processor.py", line 45, in process_raw_event
    is_new = await database.insert_event(
             ^^^^^^^^^^^^^^^^^^^^^^^^^^^^
  File "C:\Users\pacong2\Videos\tiktobs\app\database.py", line 82, in insert_event
    async with aiosqlite.connect(DB_PATH) as db, db.execute(
                                                 ^^^^^^^^^^^
  File "C:\Users\pacong2\Videos\tiktobs\.venv\Lib\site-packages\aiosqlite\context.py", line 41, in __aenter__
    self._obj = await self._coro
                ^^^^^^^^^^^^^^^^
  File "C:\Users\pacong2\Videos\tiktobs\.venv\Lib\site-packages\aiosqlite\core.py", line 223, in execute
    cursor = await self._execute(self._conn.execute, sql, parameters)
             ^^^^^^^^^^^^^^^^^^^^^^^^^^^^^^^^^^^^^^^^^^^^^^^^^^^^^^^^
  File "C:\Users\pacong2\Videos\tiktobs\.venv\Lib\site-packages\aiosqlite\core.py", line 160, in _execute
    return await future
           ^^^^^^^^^^^^
  File "C:\Users\pacong2\Videos\tiktobs\.venv\Lib\site-packages\aiosqlite\core.py", line 63, in _connection_worker_thread
    result = function()
             ^^^^^^^^^^
sqlite3.OperationalError: database is locked
2026-08-07 21:20:29,349 [ERROR] app.processor: Error processing raw event 'like'
Traceback (most recent call last):
  File "C:\Users\pacong2\Videos\tiktobs\app\processor.py", line 45, in process_raw_event
    is_new = await database.insert_event(
             ^^^^^^^^^^^^^^^^^^^^^^^^^^^^
  File "C:\Users\pacong2\Videos\tiktobs\app\database.py", line 82, in insert_event
    async with aiosqlite.connect(DB_PATH) as db, db.execute(
                                                 ^^^^^^^^^^^
  File "C:\Users\pacong2\Videos\tiktobs\.venv\Lib\site-packages\aiosqlite\context.py", line 41, in __aenter__
    self._obj = await self._coro
                ^^^^^^^^^^^^^^^^
  File "C:\Users\pacong2\Videos\tiktobs\.venv\Lib\site-packages\aiosqlite\core.py", line 223, in execute
    cursor = await self._execute(self._conn.execute, sql, parameters)
             ^^^^^^^^^^^^^^^^^^^^^^^^^^^^^^^^^^^^^^^^^^^^^^^^^^^^^^^^
  File "C:\Users\pacong2\Videos\tiktobs\.venv\Lib\site-packages\aiosqlite\core.py", line 160, in _execute
    return await future
           ^^^^^^^^^^^^
  File "C:\Users\pacong2\Videos\tiktobs\.venv\Lib\site-packages\aiosqlite\core.py", line 63, in _connection_worker_thread
    result = function()
             ^^^^^^^^^^
sqlite3.OperationalError: database is locked
2026-08-07 21:20:29,367 [ERROR] app.processor: Error processing raw event 'like'
Traceback (most recent call last):
  File "C:\Users\pacong2\Videos\tiktobs\app\processor.py", line 45, in process_raw_event
    is_new = await database.insert_event(
             ^^^^^^^^^^^^^^^^^^^^^^^^^^^^
  File "C:\Users\pacong2\Videos\tiktobs\app\database.py", line 82, in insert_event
    async with aiosqlite.connect(DB_PATH) as db, db.execute(
                                                 ^^^^^^^^^^^
  File "C:\Users\pacong2\Videos\tiktobs\.venv\Lib\site-packages\aiosqlite\context.py", line 41, in __aenter__
    self._obj = await self._coro
                ^^^^^^^^^^^^^^^^
  File "C:\Users\pacong2\Videos\tiktobs\.venv\Lib\site-packages\aiosqlite\core.py", line 223, in execute
    cursor = await self._execute(self._conn.execute, sql, parameters)
             ^^^^^^^^^^^^^^^^^^^^^^^^^^^^^^^^^^^^^^^^^^^^^^^^^^^^^^^^
  File "C:\Users\pacong2\Videos\tiktobs\.venv\Lib\site-packages\aiosqlite\core.py", line 160, in _execute
    return await future
           ^^^^^^^^^^^^
  File "C:\Users\pacong2\Videos\tiktobs\.venv\Lib\site-packages\aiosqlite\core.py", line 63, in _connection_worker_thread
    result = function()
             ^^^^^^^^^^
sqlite3.OperationalError: database is locked
2026-08-07 21:20:29,595 [ERROR] app.processor: Error processing raw event 'viewer'
Traceback (most recent call last):
  File "C:\Users\pacong2\Videos\tiktobs\app\processor.py", line 45, in process_raw_event
    is_new = await database.insert_event(
             ^^^^^^^^^^^^^^^^^^^^^^^^^^^^
  File "C:\Users\pacong2\Videos\tiktobs\app\database.py", line 82, in insert_event
    async with aiosqlite.connect(DB_PATH) as db, db.execute(
                                                 ^^^^^^^^^^^
  File "C:\Users\pacong2\Videos\tiktobs\.venv\Lib\site-packages\aiosqlite\context.py", line 41, in __aenter__
    self._obj = await self._coro
                ^^^^^^^^^^^^^^^^
  File "C:\Users\pacong2\Videos\tiktobs\.venv\Lib\site-packages\aiosqlite\core.py", line 223, in execute
    cursor = await self._execute(self._conn.execute, sql, parameters)
             ^^^^^^^^^^^^^^^^^^^^^^^^^^^^^^^^^^^^^^^^^^^^^^^^^^^^^^^^
  File "C:\Users\pacong2\Videos\tiktobs\.venv\Lib\site-packages\aiosqlite\core.py", line 160, in _execute
    return await future
           ^^^^^^^^^^^^
  File "C:\Users\pacong2\Videos\tiktobs\.venv\Lib\site-packages\aiosqlite\core.py", line 63, in _connection_worker_thread
    result = function()
             ^^^^^^^^^^
sqlite3.OperationalError: database is locked
2026-08-07 21:20:29,667 [INFO] httpx: HTTP Request: GET https://webcast.tiktok.com/webcast/room/check_alive/?aid=1988&app_language=en&app_name=tiktok_web&browser_language=en-GB&browser_name=Mozilla&browser_online=true&browser_platform=Win32&browser_version=5.0%20%28Windows%20NT%2010.0%3B%20Win64%3B%20x64%29%20AppleWebKit%2F537.36%20%28KHTML%2C%20like%20Gecko%29%20Chrome%2F147.0.0.0%20Safari%2F537.36&cookie_enabled=true&device_platform=web_pc&focus_state=true&from_page=&history_len=10&is_fullscreen=false&is_page_visible=true&screen_height=2048&screen_width=1152&tz_name=Europe/London&channel=tiktok_web&data_collection_enabled=true&os=windows&priority_region=GB&region=GB&user_is_login=false&webcast_language=en&msToken=&referer=https://www.tiktok.com/@ridho_ramdani_46/live&root_referer=https://www.tiktok.com/@ridho_ramdani_46/live&device_id=65097974881692692558&room_id=7671260749810518805&room_ids=7671260749810518805 "HTTP/1.1 200 OK"
2026-08-07 21:20:32,363 [INFO] httpx: HTTP Request: GET https://api.eulerstream.com/webcast/fetch?client=ttlive-python&room_id=7671260749810518805&user_agent=Mozilla%2F5.0+%28Windows+NT+10.0%3B+Win64%3B+x64%29+AppleWebKit%2F537.36+%28KHTML%2C+like+Gecko%29+Chrome%2F147.0.0.0+Safari%2F537.36&client_enter=true&platform=web&tt_target_idc=useast1a "HTTP/1.1 200 OK"
2026-08-07 21:20:32,524 [INFO] app.providers.live: Reconnecting to @ridho_ramdani_46 in 4.0s...
2026-08-07 21:20:32,857 [INFO] app.providers.live: Successfully connected to room 7671260749810518805
2026-08-07 21:20:36,526 [INFO] app.providers.live: Connecting to TikTok live for username: @ridho_ramdani_46...
2026-08-07 21:20:38,006 [INFO] httpx: HTTP Request: GET https://www.tiktok.com/@ridho_ramdani_46/live? "HTTP/1.1 200 OK"
2026-08-07 21:20:38,412 [INFO] httpx: HTTP Request: GET https://webcast.tiktok.com/webcast/room/check_alive/?aid=1988&app_language=en&app_name=tiktok_web&browser_language=en-GB&browser_name=Mozilla&browser_online=true&browser_platform=Win32&browser_version=5.0%20%28Windows%20NT%2010.0%3B%20Win64%3B%20x64%29%20AppleWebKit%2F537.36%20%28KHTML%2C%20like%20Gecko%29%20Chrome%2F147.0.0.0%20Safari%2F537.36&cookie_enabled=true&device_platform=web_pc&focus_state=true&from_page=&history_len=10&is_fullscreen=false&is_page_visible=true&screen_height=2048&screen_width=1152&tz_name=Europe/London&channel=tiktok_web&data_collection_enabled=true&os=windows&priority_region=GB&region=GB&user_is_login=false&webcast_language=en&msToken=&referer=https://www.tiktok.com/@ridho_ramdani_46/live&root_referer=https://www.tiktok.com/@ridho_ramdani_46/live&device_id=73682450200559800703&room_id=7671260749810518805&room_ids=7671260749810518805 "HTTP/1.1 200 OK"
2026-08-07 21:20:42,730 [INFO] httpx: HTTP Request: GET https://api.eulerstream.com/webcast/fetch?client=ttlive-python&room_id=7671260749810518805&user_agent=Mozilla%2F5.0+%28Windows+NT+10.0%3B+Win64%3B+x64%29+AppleWebKit%2F537.36+%28KHTML%2C+like+Gecko%29+Chrome%2F147.0.0.0+Safari%2F537.36&client_enter=true&platform=web&tt_target_idc=useast1a "HTTP/1.1 200 OK"
2026-08-07 21:20:42,793 [INFO] app.providers.live: Reconnecting to @ridho_ramdani_46 in 4.0s...
2026-08-07 21:20:44,390 [INFO] app.providers.live: Successfully connected to room 7671260749810518805
2026-08-07 21:20:46,782 [INFO] app.providers.live: Connecting to TikTok live for username: @ridho_ramdani_46...
2026-08-07 21:20:47,691 [INFO] httpx: HTTP Request: GET https://www.tiktok.com/@ridho_ramdani_46/live? "HTTP/1.1 200 OK"
2026-08-07 21:20:53,602 [INFO] httpx: HTTP Request: GET https://webcast.tiktok.com/webcast/room/check_alive/?aid=1988&app_language=en&app_name=tiktok_web&browser_language=en-GB&browser_name=Mozilla&browser_online=true&browser_platform=Win32&browser_version=5.0%20%28Windows%20NT%2010.0%3B%20Win64%3B%20x64%29%20AppleWebKit%2F537.36%20%28KHTML%2C%20like%20Gecko%29%20Chrome%2F147.0.0.0%20Safari%2F537.36&cookie_enabled=true&device_platform=web_pc&focus_state=true&from_page=&history_len=10&is_fullscreen=false&is_page_visible=true&screen_height=2048&screen_width=1152&tz_name=Europe/London&channel=tiktok_web&data_collection_enabled=true&os=windows&priority_region=GB&region=GB&user_is_login=false&webcast_language=en&msToken=&referer=https://www.tiktok.com/@ridho_ramdani_46/live&root_referer=https://www.tiktok.com/@ridho_ramdani_46/live&device_id=77598989962531737106&room_id=7671260749810518805&room_ids=7671260749810518805 "HTTP/1.1 200 OK"
2026-08-07 21:20:58,461 [INFO] httpx: HTTP Request: GET https://api.eulerstream.com/webcast/fetch?client=ttlive-python&room_id=7671260749810518805&user_agent=Mozilla%2F5.0+%28Windows+NT+10.0%3B+Win64%3B+x64%29+AppleWebKit%2F537.36+%28KHTML%2C+like+Gecko%29+Chrome%2F147.0.0.0+Safari%2F537.36&client_enter=true&platform=web&tt_target_idc=useast1a "HTTP/1.1 200 OK"
2026-08-07 21:20:58,551 [INFO] app.providers.live: Reconnecting to @ridho_ramdani_46 in 4.0s...
2026-08-07 21:20:59,637 [INFO] app.providers.live: Successfully connected to room 7671260749810518805
2026-08-07 21:21:02,575 [INFO] app.providers.live: Connecting to TikTok live for username: @ridho_ramdani_46...
2026-08-07 21:21:03,431 [INFO] httpx: HTTP Request: GET https://www.tiktok.com/@ridho_ramdani_46/live? "HTTP/1.1 200 OK"
2026-08-07 21:21:04,048 [INFO] httpx: HTTP Request: GET https://webcast.tiktok.com/webcast/room/check_alive/?aid=1988&app_language=en&app_name=tiktok_web&browser_language=en-GB&browser_name=Mozilla&browser_online=true&browser_platform=Win32&browser_version=5.0%20%28Windows%20NT%2010.0%3B%20Win64%3B%20x64%29%20AppleWebKit%2F537.36%20%28KHTML%2C%20like%20Gecko%29%20Chrome%2F147.0.0.0%20Safari%2F537.36&cookie_enabled=true&device_platform=web_pc&focus_state=true&from_page=&history_len=10&is_fullscreen=false&is_page_visible=true&screen_height=2048&screen_width=1152&tz_name=Europe/London&channel=tiktok_web&data_collection_enabled=true&os=windows&priority_region=GB&region=GB&user_is_login=false&webcast_language=en&msToken=&referer=https://www.tiktok.com/@ridho_ramdani_46/live&root_referer=https://www.tiktok.com/@ridho_ramdani_46/live&device_id=37041242338202001061&room_id=7671260749810518805&room_ids=7671260749810518805 "HTTP/1.1 200 OK"
2026-08-07 21:21:16,550 [ERROR] app.processor: Error processing raw event 'viewer'
Traceback (most recent call last):
  File "C:\Users\pacong2\Videos\tiktobs\app\processor.py", line 45, in process_raw_event
    is_new = await database.insert_event(
             ^^^^^^^^^^^^^^^^^^^^^^^^^^^^
  File "C:\Users\pacong2\Videos\tiktobs\app\database.py", line 82, in insert_event
    async with aiosqlite.connect(DB_PATH) as db, db.execute(
                                                 ^^^^^^^^^^^
  File "C:\Users\pacong2\Videos\tiktobs\.venv\Lib\site-packages\aiosqlite\context.py", line 41, in __aenter__
    self._obj = await self._coro
                ^^^^^^^^^^^^^^^^
  File "C:\Users\pacong2\Videos\tiktobs\.venv\Lib\site-packages\aiosqlite\core.py", line 223, in execute
    cursor = await self._execute(self._conn.execute, sql, parameters)
             ^^^^^^^^^^^^^^^^^^^^^^^^^^^^^^^^^^^^^^^^^^^^^^^^^^^^^^^^
  File "C:\Users\pacong2\Videos\tiktobs\.venv\Lib\site-packages\aiosqlite\core.py", line 160, in _execute
    return await future
           ^^^^^^^^^^^^
  File "C:\Users\pacong2\Videos\tiktobs\.venv\Lib\site-packages\aiosqlite\core.py", line 63, in _connection_worker_thread
    result = function()
             ^^^^^^^^^^
sqlite3.OperationalError: database is locked
2026-08-07 21:21:16,555 [ERROR] app.processor: Error processing raw event 'viewer'
Traceback (most recent call last):
  File "C:\Users\pacong2\Videos\tiktobs\app\processor.py", line 45, in process_raw_event
    is_new = await database.insert_event(
             ^^^^^^^^^^^^^^^^^^^^^^^^^^^^
  File "C:\Users\pacong2\Videos\tiktobs\app\database.py", line 82, in insert_event
    async with aiosqlite.connect(DB_PATH) as db, db.execute(
                                                 ^^^^^^^^^^^
  File "C:\Users\pacong2\Videos\tiktobs\.venv\Lib\site-packages\aiosqlite\context.py", line 41, in __aenter__
    self._obj = await self._coro
                ^^^^^^^^^^^^^^^^
  File "C:\Users\pacong2\Videos\tiktobs\.venv\Lib\site-packages\aiosqlite\core.py", line 223, in execute
    cursor = await self._execute(self._conn.execute, sql, parameters)
             ^^^^^^^^^^^^^^^^^^^^^^^^^^^^^^^^^^^^^^^^^^^^^^^^^^^^^^^^
  File "C:\Users\pacong2\Videos\tiktobs\.venv\Lib\site-packages\aiosqlite\core.py", line 160, in _execute
    return await future
           ^^^^^^^^^^^^
  File "C:\Users\pacong2\Videos\tiktobs\.venv\Lib\site-packages\aiosqlite\core.py", line 63, in _connection_worker_thread
    result = function()
             ^^^^^^^^^^
sqlite3.OperationalError: database is locked
2026-08-07 21:21:16,558 [ERROR] app.processor: Error processing raw event 'viewer'
Traceback (most recent call last):
  File "C:\Users\pacong2\Videos\tiktobs\app\processor.py", line 45, in process_raw_event
    is_new = await database.insert_event(
             ^^^^^^^^^^^^^^^^^^^^^^^^^^^^
  File "C:\Users\pacong2\Videos\tiktobs\app\database.py", line 82, in insert_event
    async with aiosqlite.connect(DB_PATH) as db, db.execute(
                                                 ^^^^^^^^^^^
  File "C:\Users\pacong2\Videos\tiktobs\.venv\Lib\site-packages\aiosqlite\context.py", line 41, in __aenter__
    self._obj = await self._coro
                ^^^^^^^^^^^^^^^^
  File "C:\Users\pacong2\Videos\tiktobs\.venv\Lib\site-packages\aiosqlite\core.py", line 223, in execute
    cursor = await self._execute(self._conn.execute, sql, parameters)
             ^^^^^^^^^^^^^^^^^^^^^^^^^^^^^^^^^^^^^^^^^^^^^^^^^^^^^^^^
  File "C:\Users\pacong2\Videos\tiktobs\.venv\Lib\site-packages\aiosqlite\core.py", line 160, in _execute
    return await future
           ^^^^^^^^^^^^
  File "C:\Users\pacong2\Videos\tiktobs\.venv\Lib\site-packages\aiosqlite\core.py", line 63, in _connection_worker_thread
    result = function()
             ^^^^^^^^^^
sqlite3.OperationalError: database is locked
2026-08-07 21:21:16,565 [ERROR] app.processor: Error processing raw event 'viewer'
Traceback (most recent call last):
  File "C:\Users\pacong2\Videos\tiktobs\app\processor.py", line 45, in process_raw_event
    is_new = await database.insert_event(
             ^^^^^^^^^^^^^^^^^^^^^^^^^^^^
  File "C:\Users\pacong2\Videos\tiktobs\app\database.py", line 82, in insert_event
    async with aiosqlite.connect(DB_PATH) as db, db.execute(
                                                 ^^^^^^^^^^^
  File "C:\Users\pacong2\Videos\tiktobs\.venv\Lib\site-packages\aiosqlite\context.py", line 41, in __aenter__
    self._obj = await self._coro
                ^^^^^^^^^^^^^^^^
  File "C:\Users\pacong2\Videos\tiktobs\.venv\Lib\site-packages\aiosqlite\core.py", line 223, in execute
    cursor = await self._execute(self._conn.execute, sql, parameters)
             ^^^^^^^^^^^^^^^^^^^^^^^^^^^^^^^^^^^^^^^^^^^^^^^^^^^^^^^^
  File "C:\Users\pacong2\Videos\tiktobs\.venv\Lib\site-packages\aiosqlite\core.py", line 160, in _execute
    return await future
           ^^^^^^^^^^^^
  File "C:\Users\pacong2\Videos\tiktobs\.venv\Lib\site-packages\aiosqlite\core.py", line 63, in _connection_worker_thread
    result = function()
             ^^^^^^^^^^
sqlite3.OperationalError: database is locked
2026-08-07 21:21:16,570 [ERROR] app.processor: Error processing raw event 'viewer'
Traceback (most recent call last):
  File "C:\Users\pacong2\Videos\tiktobs\app\processor.py", line 45, in process_raw_event
    is_new = await database.insert_event(
             ^^^^^^^^^^^^^^^^^^^^^^^^^^^^
  File "C:\Users\pacong2\Videos\tiktobs\app\database.py", line 82, in insert_event
    async with aiosqlite.connect(DB_PATH) as db, db.execute(
                                                 ^^^^^^^^^^^
  File "C:\Users\pacong2\Videos\tiktobs\.venv\Lib\site-packages\aiosqlite\context.py", line 41, in __aenter__
    self._obj = await self._coro
                ^^^^^^^^^^^^^^^^
  File "C:\Users\pacong2\Videos\tiktobs\.venv\Lib\site-packages\aiosqlite\core.py", line 223, in execute
    cursor = await self._execute(self._conn.execute, sql, parameters)
             ^^^^^^^^^^^^^^^^^^^^^^^^^^^^^^^^^^^^^^^^^^^^^^^^^^^^^^^^
  File "C:\Users\pacong2\Videos\tiktobs\.venv\Lib\site-packages\aiosqlite\core.py", line 160, in _execute
    return await future
           ^^^^^^^^^^^^
  File "C:\Users\pacong2\Videos\tiktobs\.venv\Lib\site-packages\aiosqlite\core.py", line 63, in _connection_worker_thread
    result = function()
             ^^^^^^^^^^
sqlite3.OperationalError: database is locked
2026-08-07 21:21:16,576 [ERROR] app.processor: Error processing raw event 'viewer'
Traceback (most recent call last):
  File "C:\Users\pacong2\Videos\tiktobs\app\processor.py", line 45, in process_raw_event
    is_new = await database.insert_event(
             ^^^^^^^^^^^^^^^^^^^^^^^^^^^^
  File "C:\Users\pacong2\Videos\tiktobs\app\database.py", line 82, in insert_event
    async with aiosqlite.connect(DB_PATH) as db, db.execute(
                                                 ^^^^^^^^^^^
  File "C:\Users\pacong2\Videos\tiktobs\.venv\Lib\site-packages\aiosqlite\context.py", line 41, in __aenter__
    self._obj = await self._coro
                ^^^^^^^^^^^^^^^^
  File "C:\Users\pacong2\Videos\tiktobs\.venv\Lib\site-packages\aiosqlite\core.py", line 223, in execute
    cursor = await self._execute(self._conn.execute, sql, parameters)
             ^^^^^^^^^^^^^^^^^^^^^^^^^^^^^^^^^^^^^^^^^^^^^^^^^^^^^^^^
  File "C:\Users\pacong2\Videos\tiktobs\.venv\Lib\site-packages\aiosqlite\core.py", line 160, in _execute
    return await future
           ^^^^^^^^^^^^
  File "C:\Users\pacong2\Videos\tiktobs\.venv\Lib\site-packages\aiosqlite\core.py", line 63, in _connection_worker_thread
    result = function()
             ^^^^^^^^^^
sqlite3.OperationalError: database is locked
2026-08-07 21:21:16,581 [ERROR] app.processor: Error processing raw event 'viewer'
Traceback (most recent call last):
  File "C:\Users\pacong2\Videos\tiktobs\app\processor.py", line 45, in process_raw_event
    is_new = await database.insert_event(
             ^^^^^^^^^^^^^^^^^^^^^^^^^^^^
  File "C:\Users\pacong2\Videos\tiktobs\app\database.py", line 82, in insert_event
    async with aiosqlite.connect(DB_PATH) as db, db.execute(
                                                 ^^^^^^^^^^^
  File "C:\Users\pacong2\Videos\tiktobs\.venv\Lib\site-packages\aiosqlite\context.py", line 41, in __aenter__
    self._obj = await self._coro
                ^^^^^^^^^^^^^^^^
  File "C:\Users\pacong2\Videos\tiktobs\.venv\Lib\site-packages\aiosqlite\core.py", line 223, in execute
    cursor = await self._execute(self._conn.execute, sql, parameters)
             ^^^^^^^^^^^^^^^^^^^^^^^^^^^^^^^^^^^^^^^^^^^^^^^^^^^^^^^^
  File "C:\Users\pacong2\Videos\tiktobs\.venv\Lib\site-packages\aiosqlite\core.py", line 160, in _execute
    return await future
           ^^^^^^^^^^^^
  File "C:\Users\pacong2\Videos\tiktobs\.venv\Lib\site-packages\aiosqlite\core.py", line 63, in _connection_worker_thread
    result = function()
             ^^^^^^^^^^
sqlite3.OperationalError: database is locked
2026-08-07 21:21:16,591 [ERROR] app.processor: Error processing raw event 'viewer'
Traceback (most recent call last):
  File "C:\Users\pacong2\Videos\tiktobs\app\processor.py", line 45, in process_raw_event
    is_new = await database.insert_event(
             ^^^^^^^^^^^^^^^^^^^^^^^^^^^^
  File "C:\Users\pacong2\Videos\tiktobs\app\database.py", line 82, in insert_event
    async with aiosqlite.connect(DB_PATH) as db, db.execute(
                                                 ^^^^^^^^^^^
  File "C:\Users\pacong2\Videos\tiktobs\.venv\Lib\site-packages\aiosqlite\context.py", line 41, in __aenter__
    self._obj = await self._coro
                ^^^^^^^^^^^^^^^^
  File "C:\Users\pacong2\Videos\tiktobs\.venv\Lib\site-packages\aiosqlite\core.py", line 223, in execute
    cursor = await self._execute(self._conn.execute, sql, parameters)
             ^^^^^^^^^^^^^^^^^^^^^^^^^^^^^^^^^^^^^^^^^^^^^^^^^^^^^^^^
  File "C:\Users\pacong2\Videos\tiktobs\.venv\Lib\site-packages\aiosqlite\core.py", line 160, in _execute
    return await future
           ^^^^^^^^^^^^
  File "C:\Users\pacong2\Videos\tiktobs\.venv\Lib\site-packages\aiosqlite\core.py", line 63, in _connection_worker_thread
    result = function()
             ^^^^^^^^^^
sqlite3.OperationalError: database is locked
2026-08-07 21:21:16,609 [ERROR] app.processor: Error processing raw event 'viewer'
Traceback (most recent call last):
  File "C:\Users\pacong2\Videos\tiktobs\app\processor.py", line 45, in process_raw_event
    is_new = await database.insert_event(
             ^^^^^^^^^^^^^^^^^^^^^^^^^^^^
  File "C:\Users\pacong2\Videos\tiktobs\app\database.py", line 82, in insert_event
    async with aiosqlite.connect(DB_PATH) as db, db.execute(
                                                 ^^^^^^^^^^^
  File "C:\Users\pacong2\Videos\tiktobs\.venv\Lib\site-packages\aiosqlite\context.py", line 41, in __aenter__
    self._obj = await self._coro
                ^^^^^^^^^^^^^^^^
  File "C:\Users\pacong2\Videos\tiktobs\.venv\Lib\site-packages\aiosqlite\core.py", line 223, in execute
    cursor = await self._execute(self._conn.execute, sql, parameters)
             ^^^^^^^^^^^^^^^^^^^^^^^^^^^^^^^^^^^^^^^^^^^^^^^^^^^^^^^^
  File "C:\Users\pacong2\Videos\tiktobs\.venv\Lib\site-packages\aiosqlite\core.py", line 160, in _execute
    return await future
           ^^^^^^^^^^^^
  File "C:\Users\pacong2\Videos\tiktobs\.venv\Lib\site-packages\aiosqlite\core.py", line 63, in _connection_worker_thread
    result = function()
             ^^^^^^^^^^
sqlite3.OperationalError: database is locked
2026-08-07 21:21:16,626 [ERROR] app.processor: Error processing raw event 'viewer'
Traceback (most recent call last):
  File "C:\Users\pacong2\Videos\tiktobs\app\processor.py", line 45, in process_raw_event
    is_new = await database.insert_event(
             ^^^^^^^^^^^^^^^^^^^^^^^^^^^^
  File "C:\Users\pacong2\Videos\tiktobs\app\database.py", line 82, in insert_event
    async with aiosqlite.connect(DB_PATH) as db, db.execute(
                                                 ^^^^^^^^^^^
  File "C:\Users\pacong2\Videos\tiktobs\.venv\Lib\site-packages\aiosqlite\context.py", line 41, in __aenter__
    self._obj = await self._coro
                ^^^^^^^^^^^^^^^^
  File "C:\Users\pacong2\Videos\tiktobs\.venv\Lib\site-packages\aiosqlite\core.py", line 223, in execute
    cursor = await self._execute(self._conn.execute, sql, parameters)
             ^^^^^^^^^^^^^^^^^^^^^^^^^^^^^^^^^^^^^^^^^^^^^^^^^^^^^^^^
  File "C:\Users\pacong2\Videos\tiktobs\.venv\Lib\site-packages\aiosqlite\core.py", line 160, in _execute
    return await future
           ^^^^^^^^^^^^
  File "C:\Users\pacong2\Videos\tiktobs\.venv\Lib\site-packages\aiosqlite\core.py", line 63, in _connection_worker_thread
    result = function()
             ^^^^^^^^^^
sqlite3.OperationalError: database is locked
2026-08-07 21:21:20,719 [INFO] app.providers.live: Requesting disconnect...
2026-08-07 21:21:24,165 [ERROR] app.processor: Error processing raw event 'viewer'
Traceback (most recent call last):
  File "C:\Users\pacong2\Videos\tiktobs\app\processor.py", line 45, in process_raw_event
    is_new = await database.insert_event(
             ^^^^^^^^^^^^^^^^^^^^^^^^^^^^
  File "C:\Users\pacong2\Videos\tiktobs\app\database.py", line 82, in insert_event
    async with aiosqlite.connect(DB_PATH) as db, db.execute(
                                                 ^^^^^^^^^^^
  File "C:\Users\pacong2\Videos\tiktobs\.venv\Lib\site-packages\aiosqlite\context.py", line 41, in __aenter__
    self._obj = await self._coro
                ^^^^^^^^^^^^^^^^
  File "C:\Users\pacong2\Videos\tiktobs\.venv\Lib\site-packages\aiosqlite\core.py", line 223, in execute
    cursor = await self._execute(self._conn.execute, sql, parameters)
             ^^^^^^^^^^^^^^^^^^^^^^^^^^^^^^^^^^^^^^^^^^^^^^^^^^^^^^^^
  File "C:\Users\pacong2\Videos\tiktobs\.venv\Lib\site-packages\aiosqlite\core.py", line 160, in _execute
    return await future
           ^^^^^^^^^^^^
  File "C:\Users\pacong2\Videos\tiktobs\.venv\Lib\site-packages\aiosqlite\core.py", line 63, in _connection_worker_thread
    result = function()
             ^^^^^^^^^^
sqlite3.OperationalError: database is locked
2026-08-07 21:21:24,182 [ERROR] app.processor: Error processing raw event 'viewer'
Traceback (most recent call last):
  File "C:\Users\pacong2\Videos\tiktobs\app\processor.py", line 45, in process_raw_event
    is_new = await database.insert_event(
             ^^^^^^^^^^^^^^^^^^^^^^^^^^^^
  File "C:\Users\pacong2\Videos\tiktobs\app\database.py", line 82, in insert_event
    async with aiosqlite.connect(DB_PATH) as db, db.execute(
                                                 ^^^^^^^^^^^
  File "C:\Users\pacong2\Videos\tiktobs\.venv\Lib\site-packages\aiosqlite\context.py", line 41, in __aenter__
    self._obj = await self._coro
                ^^^^^^^^^^^^^^^^
  File "C:\Users\pacong2\Videos\tiktobs\.venv\Lib\site-packages\aiosqlite\core.py", line 223, in execute
    cursor = await self._execute(self._conn.execute, sql, parameters)
             ^^^^^^^^^^^^^^^^^^^^^^^^^^^^^^^^^^^^^^^^^^^^^^^^^^^^^^^^
  File "C:\Users\pacong2\Videos\tiktobs\.venv\Lib\site-packages\aiosqlite\core.py", line 160, in _execute
    return await future
           ^^^^^^^^^^^^
  File "C:\Users\pacong2\Videos\tiktobs\.venv\Lib\site-packages\aiosqlite\core.py", line 63, in _connection_worker_thread
    result = function()
             ^^^^^^^^^^
sqlite3.OperationalError: database is locked
2026-08-07 21:21:24,306 [ERROR] app.processor: Error processing raw event 'viewer'
Traceback (most recent call last):
  File "C:\Users\pacong2\Videos\tiktobs\app\processor.py", line 45, in process_raw_event
    is_new = await database.insert_event(
             ^^^^^^^^^^^^^^^^^^^^^^^^^^^^
  File "C:\Users\pacong2\Videos\tiktobs\app\database.py", line 82, in insert_event
    async with aiosqlite.connect(DB_PATH) as db, db.execute(
                                                 ^^^^^^^^^^^
  File "C:\Users\pacong2\Videos\tiktobs\.venv\Lib\site-packages\aiosqlite\context.py", line 41, in __aenter__
    self._obj = await self._coro
                ^^^^^^^^^^^^^^^^
  File "C:\Users\pacong2\Videos\tiktobs\.venv\Lib\site-packages\aiosqlite\core.py", line 223, in execute
    cursor = await self._execute(self._conn.execute, sql, parameters)
             ^^^^^^^^^^^^^^^^^^^^^^^^^^^^^^^^^^^^^^^^^^^^^^^^^^^^^^^^
  File "C:\Users\pacong2\Videos\tiktobs\.venv\Lib\site-packages\aiosqlite\core.py", line 160, in _execute
    return await future
           ^^^^^^^^^^^^
  File "C:\Users\pacong2\Videos\tiktobs\.venv\Lib\site-packages\aiosqlite\core.py", line 63, in _connection_worker_thread
    result = function()
             ^^^^^^^^^^
sqlite3.OperationalError: database is locked
2026-08-07 21:21:24,322 [ERROR] app.processor: Error processing raw event 'viewer'
Traceback (most recent call last):
  File "C:\Users\pacong2\Videos\tiktobs\app\processor.py", line 45, in process_raw_event
    is_new = await database.insert_event(
             ^^^^^^^^^^^^^^^^^^^^^^^^^^^^
  File "C:\Users\pacong2\Videos\tiktobs\app\database.py", line 82, in insert_event
    async with aiosqlite.connect(DB_PATH) as db, db.execute(
                                                 ^^^^^^^^^^^
  File "C:\Users\pacong2\Videos\tiktobs\.venv\Lib\site-packages\aiosqlite\context.py", line 41, in __aenter__
    self._obj = await self._coro
                ^^^^^^^^^^^^^^^^
  File "C:\Users\pacong2\Videos\tiktobs\.venv\Lib\site-packages\aiosqlite\core.py", line 223, in execute
    cursor = await self._execute(self._conn.execute, sql, parameters)
             ^^^^^^^^^^^^^^^^^^^^^^^^^^^^^^^^^^^^^^^^^^^^^^^^^^^^^^^^
  File "C:\Users\pacong2\Videos\tiktobs\.venv\Lib\site-packages\aiosqlite\core.py", line 160, in _execute
    return await future
           ^^^^^^^^^^^^
  File "C:\Users\pacong2\Videos\tiktobs\.venv\Lib\site-packages\aiosqlite\core.py", line 63, in _connection_worker_thread
    result = function()
             ^^^^^^^^^^
sqlite3.OperationalError: database is locked
2026-08-07 21:21:24,345 [ERROR] app.processor: Error processing raw event 'viewer'
Traceback (most recent call last):
  File "C:\Users\pacong2\Videos\tiktobs\app\processor.py", line 45, in process_raw_event
    is_new = await database.insert_event(
             ^^^^^^^^^^^^^^^^^^^^^^^^^^^^
  File "C:\Users\pacong2\Videos\tiktobs\app\database.py", line 82, in insert_event
    async with aiosqlite.connect(DB_PATH) as db, db.execute(
                                                 ^^^^^^^^^^^
  File "C:\Users\pacong2\Videos\tiktobs\.venv\Lib\site-packages\aiosqlite\context.py", line 41, in __aenter__
    self._obj = await self._coro
                ^^^^^^^^^^^^^^^^
  File "C:\Users\pacong2\Videos\tiktobs\.venv\Lib\site-packages\aiosqlite\core.py", line 223, in execute
    cursor = await self._execute(self._conn.execute, sql, parameters)
             ^^^^^^^^^^^^^^^^^^^^^^^^^^^^^^^^^^^^^^^^^^^^^^^^^^^^^^^^
  File "C:\Users\pacong2\Videos\tiktobs\.venv\Lib\site-packages\aiosqlite\core.py", line 160, in _execute
    return await future
           ^^^^^^^^^^^^
  File "C:\Users\pacong2\Videos\tiktobs\.venv\Lib\site-packages\aiosqlite\core.py", line 63, in _connection_worker_thread
    result = function()
             ^^^^^^^^^^
sqlite3.OperationalError: database is locked
2026-08-07 21:21:24,381 [ERROR] app.processor: Error processing raw event 'viewer'
Traceback (most recent call last):
  File "C:\Users\pacong2\Videos\tiktobs\app\processor.py", line 45, in process_raw_event
    is_new = await database.insert_event(
             ^^^^^^^^^^^^^^^^^^^^^^^^^^^^
  File "C:\Users\pacong2\Videos\tiktobs\app\database.py", line 82, in insert_event
    async with aiosqlite.connect(DB_PATH) as db, db.execute(
                                                 ^^^^^^^^^^^
  File "C:\Users\pacong2\Videos\tiktobs\.venv\Lib\site-packages\aiosqlite\context.py", line 41, in __aenter__
    self._obj = await self._coro
                ^^^^^^^^^^^^^^^^
  File "C:\Users\pacong2\Videos\tiktobs\.venv\Lib\site-packages\aiosqlite\core.py", line 223, in execute
    cursor = await self._execute(self._conn.execute, sql, parameters)
             ^^^^^^^^^^^^^^^^^^^^^^^^^^^^^^^^^^^^^^^^^^^^^^^^^^^^^^^^
  File "C:\Users\pacong2\Videos\tiktobs\.venv\Lib\site-packages\aiosqlite\core.py", line 160, in _execute
    return await future
           ^^^^^^^^^^^^
  File "C:\Users\pacong2\Videos\tiktobs\.venv\Lib\site-packages\aiosqlite\core.py", line 63, in _connection_worker_thread
    result = function()
             ^^^^^^^^^^
sqlite3.OperationalError: database is locked
2026-08-07 21:21:24,452 [ERROR] app.processor: Error processing raw event 'viewer'
Traceback (most recent call last):
  File "C:\Users\pacong2\Videos\tiktobs\app\processor.py", line 45, in process_raw_event
    is_new = await database.insert_event(
             ^^^^^^^^^^^^^^^^^^^^^^^^^^^^
  File "C:\Users\pacong2\Videos\tiktobs\app\database.py", line 82, in insert_event
    async with aiosqlite.connect(DB_PATH) as db, db.execute(
                                                 ^^^^^^^^^^^
  File "C:\Users\pacong2\Videos\tiktobs\.venv\Lib\site-packages\aiosqlite\context.py", line 41, in __aenter__
    self._obj = await self._coro
                ^^^^^^^^^^^^^^^^
  File "C:\Users\pacong2\Videos\tiktobs\.venv\Lib\site-packages\aiosqlite\core.py", line 223, in execute
    cursor = await self._execute(self._conn.execute, sql, parameters)
             ^^^^^^^^^^^^^^^^^^^^^^^^^^^^^^^^^^^^^^^^^^^^^^^^^^^^^^^^
  File "C:\Users\pacong2\Videos\tiktobs\.venv\Lib\site-packages\aiosqlite\core.py", line 160, in _execute
    return await future
           ^^^^^^^^^^^^
  File "C:\Users\pacong2\Videos\tiktobs\.venv\Lib\site-packages\aiosqlite\core.py", line 63, in _connection_worker_thread
    result = function()
             ^^^^^^^^^^
sqlite3.OperationalError: database is locked
2026-08-07 21:21:24,529 [ERROR] app.processor: Error processing raw event 'viewer'
Traceback (most recent call last):
  File "C:\Users\pacong2\Videos\tiktobs\app\processor.py", line 45, in process_raw_event
    is_new = await database.insert_event(
             ^^^^^^^^^^^^^^^^^^^^^^^^^^^^
  File "C:\Users\pacong2\Videos\tiktobs\app\database.py", line 82, in insert_event
    async with aiosqlite.connect(DB_PATH) as db, db.execute(
                                                 ^^^^^^^^^^^
  File "C:\Users\pacong2\Videos\tiktobs\.venv\Lib\site-packages\aiosqlite\context.py", line 41, in __aenter__
    self._obj = await self._coro
                ^^^^^^^^^^^^^^^^
  File "C:\Users\pacong2\Videos\tiktobs\.venv\Lib\site-packages\aiosqlite\core.py", line 223, in execute
    cursor = await self._execute(self._conn.execute, sql, parameters)
             ^^^^^^^^^^^^^^^^^^^^^^^^^^^^^^^^^^^^^^^^^^^^^^^^^^^^^^^^
  File "C:\Users\pacong2\Videos\tiktobs\.venv\Lib\site-packages\aiosqlite\core.py", line 160, in _execute
    return await future
           ^^^^^^^^^^^^
  File "C:\Users\pacong2\Videos\tiktobs\.venv\Lib\site-packages\aiosqlite\core.py", line 63, in _connection_worker_thread
    result = function()
             ^^^^^^^^^^
sqlite3.OperationalError: database is locked
2026-08-07 21:21:24,576 [INFO] app.providers.live: Disconnected successfully.
2026-08-07 21:21:30,487 [ERROR] app.processor: Error processing raw event 'viewer'
Traceback (most recent call last):
  File "C:\Users\pacong2\Videos\tiktobs\app\processor.py", line 45, in process_raw_event
    is_new = await database.insert_event(
             ^^^^^^^^^^^^^^^^^^^^^^^^^^^^
  File "C:\Users\pacong2\Videos\tiktobs\app\database.py", line 82, in insert_event
    async with aiosqlite.connect(DB_PATH) as db, db.execute(
                                                 ^^^^^^^^^^^
  File "C:\Users\pacong2\Videos\tiktobs\.venv\Lib\site-packages\aiosqlite\context.py", line 41, in __aenter__
    self._obj = await self._coro
                ^^^^^^^^^^^^^^^^
  File "C:\Users\pacong2\Videos\tiktobs\.venv\Lib\site-packages\aiosqlite\core.py", line 223, in execute
    cursor = await self._execute(self._conn.execute, sql, parameters)
             ^^^^^^^^^^^^^^^^^^^^^^^^^^^^^^^^^^^^^^^^^^^^^^^^^^^^^^^^
  File "C:\Users\pacong2\Videos\tiktobs\.venv\Lib\site-packages\aiosqlite\core.py", line 160, in _execute
    return await future
           ^^^^^^^^^^^^
  File "C:\Users\pacong2\Videos\tiktobs\.venv\Lib\site-packages\aiosqlite\core.py", line 63, in _connection_worker_thread
    result = function()
             ^^^^^^^^^^
sqlite3.OperationalError: database is locked
2026-08-07 21:21:30,501 [ERROR] app.processor: Error processing raw event 'viewer'
Traceback (most recent call last):
  File "C:\Users\pacong2\Videos\tiktobs\app\processor.py", line 45, in process_raw_event
    is_new = await database.insert_event(
             ^^^^^^^^^^^^^^^^^^^^^^^^^^^^
  File "C:\Users\pacong2\Videos\tiktobs\app\database.py", line 82, in insert_event
    async with aiosqlite.connect(DB_PATH) as db, db.execute(
                                                 ^^^^^^^^^^^
  File "C:\Users\pacong2\Videos\tiktobs\.venv\Lib\site-packages\aiosqlite\context.py", line 41, in __aenter__
    self._obj = await self._coro
                ^^^^^^^^^^^^^^^^
  File "C:\Users\pacong2\Videos\tiktobs\.venv\Lib\site-packages\aiosqlite\core.py", line 223, in execute
    cursor = await self._execute(self._conn.execute, sql, parameters)
             ^^^^^^^^^^^^^^^^^^^^^^^^^^^^^^^^^^^^^^^^^^^^^^^^^^^^^^^^
  File "C:\Users\pacong2\Videos\tiktobs\.venv\Lib\site-packages\aiosqlite\core.py", line 160, in _execute
    return await future
           ^^^^^^^^^^^^
  File "C:\Users\pacong2\Videos\tiktobs\.venv\Lib\site-packages\aiosqlite\core.py", line 63, in _connection_worker_thread
    result = function()
             ^^^^^^^^^^
sqlite3.OperationalError: database is locked
2026-08-07 21:21:30,521 [ERROR] app.processor: Error processing raw event 'viewer'
Traceback (most recent call last):
  File "C:\Users\pacong2\Videos\tiktobs\app\processor.py", line 45, in process_raw_event
    is_new = await database.insert_event(
             ^^^^^^^^^^^^^^^^^^^^^^^^^^^^
  File "C:\Users\pacong2\Videos\tiktobs\app\database.py", line 82, in insert_event
    async with aiosqlite.connect(DB_PATH) as db, db.execute(
                                                 ^^^^^^^^^^^
  File "C:\Users\pacong2\Videos\tiktobs\.venv\Lib\site-packages\aiosqlite\context.py", line 41, in __aenter__
    self._obj = await self._coro
                ^^^^^^^^^^^^^^^^
  File "C:\Users\pacong2\Videos\tiktobs\.venv\Lib\site-packages\aiosqlite\core.py", line 223, in execute
    cursor = await self._execute(self._conn.execute, sql, parameters)
             ^^^^^^^^^^^^^^^^^^^^^^^^^^^^^^^^^^^^^^^^^^^^^^^^^^^^^^^^
  File "C:\Users\pacong2\Videos\tiktobs\.venv\Lib\site-packages\aiosqlite\core.py", line 160, in _execute
    return await future
           ^^^^^^^^^^^^
  File "C:\Users\pacong2\Videos\tiktobs\.venv\Lib\site-packages\aiosqlite\core.py", line 63, in _connection_worker_thread
    result = function()
             ^^^^^^^^^^
sqlite3.OperationalError: database is locked
2026-08-07 21:21:30,623 [ERROR] app.processor: Error processing raw event 'viewer'
Traceback (most recent call last):
  File "C:\Users\pacong2\Videos\tiktobs\app\processor.py", line 45, in process_raw_event
    is_new = await database.insert_event(
             ^^^^^^^^^^^^^^^^^^^^^^^^^^^^
  File "C:\Users\pacong2\Videos\tiktobs\app\database.py", line 82, in insert_event
    async with aiosqlite.connect(DB_PATH) as db, db.execute(
                                                 ^^^^^^^^^^^
  File "C:\Users\pacong2\Videos\tiktobs\.venv\Lib\site-packages\aiosqlite\context.py", line 41, in __aenter__
    self._obj = await self._coro
                ^^^^^^^^^^^^^^^^
  File "C:\Users\pacong2\Videos\tiktobs\.venv\Lib\site-packages\aiosqlite\core.py", line 223, in execute
    cursor = await self._execute(self._conn.execute, sql, parameters)
             ^^^^^^^^^^^^^^^^^^^^^^^^^^^^^^^^^^^^^^^^^^^^^^^^^^^^^^^^
  File "C:\Users\pacong2\Videos\tiktobs\.venv\Lib\site-packages\aiosqlite\core.py", line 160, in _execute
    return await future
           ^^^^^^^^^^^^
  File "C:\Users\pacong2\Videos\tiktobs\.venv\Lib\site-packages\aiosqlite\core.py", line 63, in _connection_worker_thread
    result = function()
             ^^^^^^^^^^
sqlite3.OperationalError: database is locked
2026-08-07 21:21:30,639 [ERROR] app.processor: Error processing raw event 'viewer'
Traceback (most recent call last):
  File "C:\Users\pacong2\Videos\tiktobs\app\processor.py", line 45, in process_raw_event
    is_new = await database.insert_event(
             ^^^^^^^^^^^^^^^^^^^^^^^^^^^^
  File "C:\Users\pacong2\Videos\tiktobs\app\database.py", line 82, in insert_event
    async with aiosqlite.connect(DB_PATH) as db, db.execute(
                                                 ^^^^^^^^^^^
  File "C:\Users\pacong2\Videos\tiktobs\.venv\Lib\site-packages\aiosqlite\context.py", line 41, in __aenter__
    self._obj = await self._coro
                ^^^^^^^^^^^^^^^^
  File "C:\Users\pacong2\Videos\tiktobs\.venv\Lib\site-packages\aiosqlite\core.py", line 223, in execute
    cursor = await self._execute(self._conn.execute, sql, parameters)
             ^^^^^^^^^^^^^^^^^^^^^^^^^^^^^^^^^^^^^^^^^^^^^^^^^^^^^^^^
  File "C:\Users\pacong2\Videos\tiktobs\.venv\Lib\site-packages\aiosqlite\core.py", line 160, in _execute
    return await future
           ^^^^^^^^^^^^
  File "C:\Users\pacong2\Videos\tiktobs\.venv\Lib\site-packages\aiosqlite\core.py", line 63, in _connection_worker_thread
    result = function()
             ^^^^^^^^^^
sqlite3.OperationalError: database is locked
2026-08-07 21:21:30,667 [ERROR] app.processor: Error processing raw event 'viewer'
Traceback (most recent call last):
  File "C:\Users\pacong2\Videos\tiktobs\app\processor.py", line 45, in process_raw_event
    is_new = await database.insert_event(
             ^^^^^^^^^^^^^^^^^^^^^^^^^^^^
  File "C:\Users\pacong2\Videos\tiktobs\app\database.py", line 82, in insert_event
    async with aiosqlite.connect(DB_PATH) as db, db.execute(
                                                 ^^^^^^^^^^^
  File "C:\Users\pacong2\Videos\tiktobs\.venv\Lib\site-packages\aiosqlite\context.py", line 41, in __aenter__
    self._obj = await self._coro
                ^^^^^^^^^^^^^^^^
  File "C:\Users\pacong2\Videos\tiktobs\.venv\Lib\site-packages\aiosqlite\core.py", line 223, in execute
    cursor = await self._execute(self._conn.execute, sql, parameters)
             ^^^^^^^^^^^^^^^^^^^^^^^^^^^^^^^^^^^^^^^^^^^^^^^^^^^^^^^^
  File "C:\Users\pacong2\Videos\tiktobs\.venv\Lib\site-packages\aiosqlite\core.py", line 160, in _execute
    return await future
           ^^^^^^^^^^^^
  File "C:\Users\pacong2\Videos\tiktobs\.venv\Lib\site-packages\aiosqlite\core.py", line 63, in _connection_worker_thread
    result = function()
             ^^^^^^^^^^
sqlite3.OperationalError: database is locked
2026-08-07 21:21:30,699 [ERROR] app.processor: Error processing raw event 'viewer'
Traceback (most recent call last):
  File "C:\Users\pacong2\Videos\tiktobs\app\processor.py", line 45, in process_raw_event
    is_new = await database.insert_event(
             ^^^^^^^^^^^^^^^^^^^^^^^^^^^^
  File "C:\Users\pacong2\Videos\tiktobs\app\database.py", line 82, in insert_event
    async with aiosqlite.connect(DB_PATH) as db, db.execute(
                                                 ^^^^^^^^^^^
  File "C:\Users\pacong2\Videos\tiktobs\.venv\Lib\site-packages\aiosqlite\context.py", line 41, in __aenter__
    self._obj = await self._coro
                ^^^^^^^^^^^^^^^^
  File "C:\Users\pacong2\Videos\tiktobs\.venv\Lib\site-packages\aiosqlite\core.py", line 223, in execute
    cursor = await self._execute(self._conn.execute, sql, parameters)
             ^^^^^^^^^^^^^^^^^^^^^^^^^^^^^^^^^^^^^^^^^^^^^^^^^^^^^^^^
  File "C:\Users\pacong2\Videos\tiktobs\.venv\Lib\site-packages\aiosqlite\core.py", line 160, in _execute
    return await future
           ^^^^^^^^^^^^
  File "C:\Users\pacong2\Videos\tiktobs\.venv\Lib\site-packages\aiosqlite\core.py", line 63, in _connection_worker_thread
    result = function()
             ^^^^^^^^^^
sqlite3.OperationalError: database is locked
2026-08-07 21:21:30,707 [ERROR] app.processor: Error processing raw event 'viewer'
Traceback (most recent call last):
  File "C:\Users\pacong2\Videos\tiktobs\app\processor.py", line 45, in process_raw_event
    is_new = await database.insert_event(
             ^^^^^^^^^^^^^^^^^^^^^^^^^^^^
  File "C:\Users\pacong2\Videos\tiktobs\app\database.py", line 82, in insert_event
    async with aiosqlite.connect(DB_PATH) as db, db.execute(
                                                 ^^^^^^^^^^^
  File "C:\Users\pacong2\Videos\tiktobs\.venv\Lib\site-packages\aiosqlite\context.py", line 41, in __aenter__
    self._obj = await self._coro
                ^^^^^^^^^^^^^^^^
  File "C:\Users\pacong2\Videos\tiktobs\.venv\Lib\site-packages\aiosqlite\core.py", line 223, in execute
    cursor = await self._execute(self._conn.execute, sql, parameters)
             ^^^^^^^^^^^^^^^^^^^^^^^^^^^^^^^^^^^^^^^^^^^^^^^^^^^^^^^^
  File "C:\Users\pacong2\Videos\tiktobs\.venv\Lib\site-packages\aiosqlite\core.py", line 160, in _execute
    return await future
           ^^^^^^^^^^^^
  File "C:\Users\pacong2\Videos\tiktobs\.venv\Lib\site-packages\aiosqlite\core.py", line 63, in _connection_worker_thread
    result = function()
             ^^^^^^^^^^
sqlite3.OperationalError: database is locked
2026-08-07 21:21:30,739 [ERROR] app.processor: Error processing raw event 'viewer'
Traceback (most recent call last):
  File "C:\Users\pacong2\Videos\tiktobs\app\processor.py", line 45, in process_raw_event
    is_new = await database.insert_event(
             ^^^^^^^^^^^^^^^^^^^^^^^^^^^^
  File "C:\Users\pacong2\Videos\tiktobs\app\database.py", line 82, in insert_event
    async with aiosqlite.connect(DB_PATH) as db, db.execute(
                                                 ^^^^^^^^^^^
  File "C:\Users\pacong2\Videos\tiktobs\.venv\Lib\site-packages\aiosqlite\context.py", line 41, in __aenter__
    self._obj = await self._coro
                ^^^^^^^^^^^^^^^^
  File "C:\Users\pacong2\Videos\tiktobs\.venv\Lib\site-packages\aiosqlite\core.py", line 223, in execute
    cursor = await self._execute(self._conn.execute, sql, parameters)
             ^^^^^^^^^^^^^^^^^^^^^^^^^^^^^^^^^^^^^^^^^^^^^^^^^^^^^^^^
  File "C:\Users\pacong2\Videos\tiktobs\.venv\Lib\site-packages\aiosqlite\core.py", line 160, in _execute
    return await future
           ^^^^^^^^^^^^
  File "C:\Users\pacong2\Videos\tiktobs\.venv\Lib\site-packages\aiosqlite\core.py", line 63, in _connection_worker_thread
    result = function()
             ^^^^^^^^^^
sqlite3.OperationalError: database is locked
2026-08-07 21:21:30,802 [ERROR] app.processor: Error processing raw event 'viewer'
Traceback (most recent call last):
  File "C:\Users\pacong2\Videos\tiktobs\app\processor.py", line 45, in process_raw_event
    is_new = await database.insert_event(
             ^^^^^^^^^^^^^^^^^^^^^^^^^^^^
  File "C:\Users\pacong2\Videos\tiktobs\app\database.py", line 82, in insert_event
    async with aiosqlite.connect(DB_PATH) as db, db.execute(
                                                 ^^^^^^^^^^^
  File "C:\Users\pacong2\Videos\tiktobs\.venv\Lib\site-packages\aiosqlite\context.py", line 41, in __aenter__
    self._obj = await self._coro
                ^^^^^^^^^^^^^^^^
  File "C:\Users\pacong2\Videos\tiktobs\.venv\Lib\site-packages\aiosqlite\core.py", line 223, in execute
    cursor = await self._execute(self._conn.execute, sql, parameters)
             ^^^^^^^^^^^^^^^^^^^^^^^^^^^^^^^^^^^^^^^^^^^^^^^^^^^^^^^^
  File "C:\Users\pacong2\Videos\tiktobs\.venv\Lib\site-packages\aiosqlite\core.py", line 160, in _execute
    return await future
           ^^^^^^^^^^^^
  File "C:\Users\pacong2\Videos\tiktobs\.venv\Lib\site-packages\aiosqlite\core.py", line 63, in _connection_worker_thread
    result = function()
             ^^^^^^^^^^
sqlite3.OperationalError: database is locked
2026-08-07 21:21:30,820 [ERROR] app.processor: Error processing raw event 'viewer'
Traceback (most recent call last):
  File "C:\Users\pacong2\Videos\tiktobs\app\processor.py", line 45, in process_raw_event
    is_new = await database.insert_event(
             ^^^^^^^^^^^^^^^^^^^^^^^^^^^^
  File "C:\Users\pacong2\Videos\tiktobs\app\database.py", line 82, in insert_event
    async with aiosqlite.connect(DB_PATH) as db, db.execute(
                                                 ^^^^^^^^^^^
  File "C:\Users\pacong2\Videos\tiktobs\.venv\Lib\site-packages\aiosqlite\context.py", line 41, in __aenter__
    self._obj = await self._coro
                ^^^^^^^^^^^^^^^^
  File "C:\Users\pacong2\Videos\tiktobs\.venv\Lib\site-packages\aiosqlite\core.py", line 223, in execute
    cursor = await self._execute(self._conn.execute, sql, parameters)
             ^^^^^^^^^^^^^^^^^^^^^^^^^^^^^^^^^^^^^^^^^^^^^^^^^^^^^^^^
  File "C:\Users\pacong2\Videos\tiktobs\.venv\Lib\site-packages\aiosqlite\core.py", line 160, in _execute
    return await future
           ^^^^^^^^^^^^
  File "C:\Users\pacong2\Videos\tiktobs\.venv\Lib\site-packages\aiosqlite\core.py", line 63, in _connection_worker_thread
    result = function()
             ^^^^^^^^^^
sqlite3.OperationalError: database is locked
2026-08-07 21:21:30,837 [ERROR] app.processor: Error processing raw event 'viewer'
Traceback (most recent call last):
  File "C:\Users\pacong2\Videos\tiktobs\app\processor.py", line 45, in process_raw_event
    is_new = await database.insert_event(
             ^^^^^^^^^^^^^^^^^^^^^^^^^^^^
  File "C:\Users\pacong2\Videos\tiktobs\app\database.py", line 82, in insert_event
    async with aiosqlite.connect(DB_PATH) as db, db.execute(
                                                 ^^^^^^^^^^^
  File "C:\Users\pacong2\Videos\tiktobs\.venv\Lib\site-packages\aiosqlite\context.py", line 41, in __aenter__
    self._obj = await self._coro
                ^^^^^^^^^^^^^^^^
  File "C:\Users\pacong2\Videos\tiktobs\.venv\Lib\site-packages\aiosqlite\core.py", line 223, in execute
    cursor = await self._execute(self._conn.execute, sql, parameters)
             ^^^^^^^^^^^^^^^^^^^^^^^^^^^^^^^^^^^^^^^^^^^^^^^^^^^^^^^^
  File "C:\Users\pacong2\Videos\tiktobs\.venv\Lib\site-packages\aiosqlite\core.py", line 160, in _execute
    return await future
           ^^^^^^^^^^^^
  File "C:\Users\pacong2\Videos\tiktobs\.venv\Lib\site-packages\aiosqlite\core.py", line 63, in _connection_worker_thread
    result = function()
             ^^^^^^^^^^
sqlite3.OperationalError: database is locked
2026-08-07 21:21:30,868 [ERROR] app.processor: Error processing raw event 'viewer'
Traceback (most recent call last):
  File "C:\Users\pacong2\Videos\tiktobs\app\processor.py", line 45, in process_raw_event
    is_new = await database.insert_event(
             ^^^^^^^^^^^^^^^^^^^^^^^^^^^^
  File "C:\Users\pacong2\Videos\tiktobs\app\database.py", line 82, in insert_event
    async with aiosqlite.connect(DB_PATH) as db, db.execute(
                                                 ^^^^^^^^^^^
  File "C:\Users\pacong2\Videos\tiktobs\.venv\Lib\site-packages\aiosqlite\context.py", line 41, in __aenter__
    self._obj = await self._coro
                ^^^^^^^^^^^^^^^^
  File "C:\Users\pacong2\Videos\tiktobs\.venv\Lib\site-packages\aiosqlite\core.py", line 223, in execute
    cursor = await self._execute(self._conn.execute, sql, parameters)
             ^^^^^^^^^^^^^^^^^^^^^^^^^^^^^^^^^^^^^^^^^^^^^^^^^^^^^^^^
  File "C:\Users\pacong2\Videos\tiktobs\.venv\Lib\site-packages\aiosqlite\core.py", line 160, in _execute
    return await future
           ^^^^^^^^^^^^
  File "C:\Users\pacong2\Videos\tiktobs\.venv\Lib\site-packages\aiosqlite\core.py", line 63, in _connection_worker_thread
    result = function()
             ^^^^^^^^^^
sqlite3.OperationalError: database is locked
2026-08-07 21:21:30,889 [ERROR] app.processor: Error processing raw event 'viewer'
Traceback (most recent call last):
  File "C:\Users\pacong2\Videos\tiktobs\app\processor.py", line 45, in process_raw_event
    is_new = await database.insert_event(
             ^^^^^^^^^^^^^^^^^^^^^^^^^^^^
  File "C:\Users\pacong2\Videos\tiktobs\app\database.py", line 82, in insert_event
    async with aiosqlite.connect(DB_PATH) as db, db.execute(
                                                 ^^^^^^^^^^^
  File "C:\Users\pacong2\Videos\tiktobs\.venv\Lib\site-packages\aiosqlite\context.py", line 41, in __aenter__
    self._obj = await self._coro
                ^^^^^^^^^^^^^^^^
  File "C:\Users\pacong2\Videos\tiktobs\.venv\Lib\site-packages\aiosqlite\core.py", line 223, in execute
    cursor = await self._execute(self._conn.execute, sql, parameters)
             ^^^^^^^^^^^^^^^^^^^^^^^^^^^^^^^^^^^^^^^^^^^^^^^^^^^^^^^^
  File "C:\Users\pacong2\Videos\tiktobs\.venv\Lib\site-packages\aiosqlite\core.py", line 160, in _execute
    return await future
           ^^^^^^^^^^^^
  File "C:\Users\pacong2\Videos\tiktobs\.venv\Lib\site-packages\aiosqlite\core.py", line 63, in _connection_worker_thread
    result = function()
             ^^^^^^^^^^
sqlite3.OperationalError: database is locked
2026-08-07 21:21:30,904 [ERROR] app.processor: Error processing raw event 'viewer'
Traceback (most recent call last):
  File "C:\Users\pacong2\Videos\tiktobs\app\processor.py", line 45, in process_raw_event
    is_new = await database.insert_event(
             ^^^^^^^^^^^^^^^^^^^^^^^^^^^^
  File "C:\Users\pacong2\Videos\tiktobs\app\database.py", line 82, in insert_event
    async with aiosqlite.connect(DB_PATH) as db, db.execute(
                                                 ^^^^^^^^^^^
  File "C:\Users\pacong2\Videos\tiktobs\.venv\Lib\site-packages\aiosqlite\context.py", line 41, in __aenter__
    self._obj = await self._coro
                ^^^^^^^^^^^^^^^^
  File "C:\Users\pacong2\Videos\tiktobs\.venv\Lib\site-packages\aiosqlite\core.py", line 223, in execute
    cursor = await self._execute(self._conn.execute, sql, parameters)
             ^^^^^^^^^^^^^^^^^^^^^^^^^^^^^^^^^^^^^^^^^^^^^^^^^^^^^^^^
  File "C:\Users\pacong2\Videos\tiktobs\.venv\Lib\site-packages\aiosqlite\core.py", line 160, in _execute
    return await future
           ^^^^^^^^^^^^
  File "C:\Users\pacong2\Videos\tiktobs\.venv\Lib\site-packages\aiosqlite\core.py", line 63, in _connection_worker_thread
    result = function()
             ^^^^^^^^^^
sqlite3.OperationalError: database is locked
2026-08-07 21:21:30,977 [ERROR] app.processor: Error processing raw event 'viewer'
Traceback (most recent call last):
  File "C:\Users\pacong2\Videos\tiktobs\app\processor.py", line 45, in process_raw_event
    is_new = await database.insert_event(
             ^^^^^^^^^^^^^^^^^^^^^^^^^^^^
  File "C:\Users\pacong2\Videos\tiktobs\app\database.py", line 82, in insert_event
    async with aiosqlite.connect(DB_PATH) as db, db.execute(
                                                 ^^^^^^^^^^^
  File "C:\Users\pacong2\Videos\tiktobs\.venv\Lib\site-packages\aiosqlite\context.py", line 41, in __aenter__
    self._obj = await self._coro
                ^^^^^^^^^^^^^^^^
  File "C:\Users\pacong2\Videos\tiktobs\.venv\Lib\site-packages\aiosqlite\core.py", line 223, in execute
    cursor = await self._execute(self._conn.execute, sql, parameters)
             ^^^^^^^^^^^^^^^^^^^^^^^^^^^^^^^^^^^^^^^^^^^^^^^^^^^^^^^^
  File "C:\Users\pacong2\Videos\tiktobs\.venv\Lib\site-packages\aiosqlite\core.py", line 160, in _execute
    return await future
           ^^^^^^^^^^^^
  File "C:\Users\pacong2\Videos\tiktobs\.venv\Lib\site-packages\aiosqlite\core.py", line 63, in _connection_worker_thread
    result = function()
             ^^^^^^^^^^
sqlite3.OperationalError: database is locked
2026-08-07 21:21:31,017 [ERROR] app.processor: Error processing raw event 'viewer'
Traceback (most recent call last):
  File "C:\Users\pacong2\Videos\tiktobs\app\processor.py", line 45, in process_raw_event
    is_new = await database.insert_event(
             ^^^^^^^^^^^^^^^^^^^^^^^^^^^^
  File "C:\Users\pacong2\Videos\tiktobs\app\database.py", line 82, in insert_event
    async with aiosqlite.connect(DB_PATH) as db, db.execute(
                                                 ^^^^^^^^^^^
  File "C:\Users\pacong2\Videos\tiktobs\.venv\Lib\site-packages\aiosqlite\context.py", line 41, in __aenter__
    self._obj = await self._coro
                ^^^^^^^^^^^^^^^^
  File "C:\Users\pacong2\Videos\tiktobs\.venv\Lib\site-packages\aiosqlite\core.py", line 223, in execute
    cursor = await self._execute(self._conn.execute, sql, parameters)
             ^^^^^^^^^^^^^^^^^^^^^^^^^^^^^^^^^^^^^^^^^^^^^^^^^^^^^^^^
  File "C:\Users\pacong2\Videos\tiktobs\.venv\Lib\site-packages\aiosqlite\core.py", line 160, in _execute
    return await future
           ^^^^^^^^^^^^
  File "C:\Users\pacong2\Videos\tiktobs\.venv\Lib\site-packages\aiosqlite\core.py", line 63, in _connection_worker_thread
    result = function()
             ^^^^^^^^^^
sqlite3.OperationalError: database is locked
2026-08-07 21:21:31,067 [ERROR] app.processor: Error processing raw event 'viewer'
Traceback (most recent call last):
  File "C:\Users\pacong2\Videos\tiktobs\app\processor.py", line 45, in process_raw_event
    is_new = await database.insert_event(
             ^^^^^^^^^^^^^^^^^^^^^^^^^^^^
  File "C:\Users\pacong2\Videos\tiktobs\app\database.py", line 82, in insert_event
    async with aiosqlite.connect(DB_PATH) as db, db.execute(
                                                 ^^^^^^^^^^^
  File "C:\Users\pacong2\Videos\tiktobs\.venv\Lib\site-packages\aiosqlite\context.py", line 41, in __aenter__
    self._obj = await self._coro
                ^^^^^^^^^^^^^^^^
  File "C:\Users\pacong2\Videos\tiktobs\.venv\Lib\site-packages\aiosqlite\core.py", line 223, in execute
    cursor = await self._execute(self._conn.execute, sql, parameters)
             ^^^^^^^^^^^^^^^^^^^^^^^^^^^^^^^^^^^^^^^^^^^^^^^^^^^^^^^^
  File "C:\Users\pacong2\Videos\tiktobs\.venv\Lib\site-packages\aiosqlite\core.py", line 160, in _execute
    return await future
           ^^^^^^^^^^^^
  File "C:\Users\pacong2\Videos\tiktobs\.venv\Lib\site-packages\aiosqlite\core.py", line 63, in _connection_worker_thread
    result = function()
             ^^^^^^^^^^
sqlite3.OperationalError: database is locked
2026-08-07 21:21:31,190 [ERROR] app.processor: Error processing raw event 'viewer'
Traceback (most recent call last):
  File "C:\Users\pacong2\Videos\tiktobs\app\processor.py", line 45, in process_raw_event
    is_new = await database.insert_event(
             ^^^^^^^^^^^^^^^^^^^^^^^^^^^^
  File "C:\Users\pacong2\Videos\tiktobs\app\database.py", line 82, in insert_event
    async with aiosqlite.connect(DB_PATH) as db, db.execute(
                                                 ^^^^^^^^^^^
  File "C:\Users\pacong2\Videos\tiktobs\.venv\Lib\site-packages\aiosqlite\context.py", line 41, in __aenter__
    self._obj = await self._coro
                ^^^^^^^^^^^^^^^^
  File "C:\Users\pacong2\Videos\tiktobs\.venv\Lib\site-packages\aiosqlite\core.py", line 223, in execute
    cursor = await self._execute(self._conn.execute, sql, parameters)
             ^^^^^^^^^^^^^^^^^^^^^^^^^^^^^^^^^^^^^^^^^^^^^^^^^^^^^^^^
  File "C:\Users\pacong2\Videos\tiktobs\.venv\Lib\site-packages\aiosqlite\core.py", line 160, in _execute
    return await future
           ^^^^^^^^^^^^
  File "C:\Users\pacong2\Videos\tiktobs\.venv\Lib\site-packages\aiosqlite\core.py", line 63, in _connection_worker_thread
    result = function()
             ^^^^^^^^^^
sqlite3.OperationalError: database is locked
2026-08-07 21:21:31,222 [ERROR] app.processor: Error processing raw event 'viewer'
Traceback (most recent call last):
  File "C:\Users\pacong2\Videos\tiktobs\app\processor.py", line 45, in process_raw_event
    is_new = await database.insert_event(
             ^^^^^^^^^^^^^^^^^^^^^^^^^^^^
  File "C:\Users\pacong2\Videos\tiktobs\app\database.py", line 82, in insert_event
    async with aiosqlite.connect(DB_PATH) as db, db.execute(
                                                 ^^^^^^^^^^^
  File "C:\Users\pacong2\Videos\tiktobs\.venv\Lib\site-packages\aiosqlite\context.py", line 41, in __aenter__
    self._obj = await self._coro
                ^^^^^^^^^^^^^^^^
  File "C:\Users\pacong2\Videos\tiktobs\.venv\Lib\site-packages\aiosqlite\core.py", line 223, in execute
    cursor = await self._execute(self._conn.execute, sql, parameters)
             ^^^^^^^^^^^^^^^^^^^^^^^^^^^^^^^^^^^^^^^^^^^^^^^^^^^^^^^^
  File "C:\Users\pacong2\Videos\tiktobs\.venv\Lib\site-packages\aiosqlite\core.py", line 160, in _execute
    return await future
           ^^^^^^^^^^^^
  File "C:\Users\pacong2\Videos\tiktobs\.venv\Lib\site-packages\aiosqlite\core.py", line 63, in _connection_worker_thread
    result = function()
             ^^^^^^^^^^
sqlite3.OperationalError: database is locked
2026-08-07 21:21:34,260 [ERROR] app.processor: Error processing raw event 'viewer'
Traceback (most recent call last):
  File "C:\Users\pacong2\Videos\tiktobs\app\processor.py", line 45, in process_raw_event
    is_new = await database.insert_event(
             ^^^^^^^^^^^^^^^^^^^^^^^^^^^^
  File "C:\Users\pacong2\Videos\tiktobs\app\database.py", line 82, in insert_event
    async with aiosqlite.connect(DB_PATH) as db, db.execute(
                                                 ^^^^^^^^^^^
  File "C:\Users\pacong2\Videos\tiktobs\.venv\Lib\site-packages\aiosqlite\context.py", line 41, in __aenter__
    self._obj = await self._coro
                ^^^^^^^^^^^^^^^^
  File "C:\Users\pacong2\Videos\tiktobs\.venv\Lib\site-packages\aiosqlite\core.py", line 223, in execute
    cursor = await self._execute(self._conn.execute, sql, parameters)
             ^^^^^^^^^^^^^^^^^^^^^^^^^^^^^^^^^^^^^^^^^^^^^^^^^^^^^^^^
  File "C:\Users\pacong2\Videos\tiktobs\.venv\Lib\site-packages\aiosqlite\core.py", line 160, in _execute
    return await future
           ^^^^^^^^^^^^
  File "C:\Users\pacong2\Videos\tiktobs\.venv\Lib\site-packages\aiosqlite\core.py", line 63, in _connection_worker_thread
    result = function()
             ^^^^^^^^^^
sqlite3.OperationalError: database is locked
2026-08-07 21:21:34,267 [ERROR] app.processor: Error processing raw event 'viewer'
Traceback (most recent call last):
  File "C:\Users\pacong2\Videos\tiktobs\app\processor.py", line 45, in process_raw_event
    is_new = await database.insert_event(
             ^^^^^^^^^^^^^^^^^^^^^^^^^^^^
  File "C:\Users\pacong2\Videos\tiktobs\app\database.py", line 82, in insert_event
    async with aiosqlite.connect(DB_PATH) as db, db.execute(
                                                 ^^^^^^^^^^^
  File "C:\Users\pacong2\Videos\tiktobs\.venv\Lib\site-packages\aiosqlite\context.py", line 41, in __aenter__
    self._obj = await self._coro
                ^^^^^^^^^^^^^^^^
  File "C:\Users\pacong2\Videos\tiktobs\.venv\Lib\site-packages\aiosqlite\core.py", line 223, in execute
    cursor = await self._execute(self._conn.execute, sql, parameters)
             ^^^^^^^^^^^^^^^^^^^^^^^^^^^^^^^^^^^^^^^^^^^^^^^^^^^^^^^^
  File "C:\Users\pacong2\Videos\tiktobs\.venv\Lib\site-packages\aiosqlite\core.py", line 160, in _execute
    return await future
           ^^^^^^^^^^^^
  File "C:\Users\pacong2\Videos\tiktobs\.venv\Lib\site-packages\aiosqlite\core.py", line 63, in _connection_worker_thread
    result = function()
             ^^^^^^^^^^
sqlite3.OperationalError: database is locked
2026-08-07 21:21:34,290 [ERROR] app.processor: Error processing raw event 'viewer'
Traceback (most recent call last):
  File "C:\Users\pacong2\Videos\tiktobs\app\processor.py", line 45, in process_raw_event
    is_new = await database.insert_event(
             ^^^^^^^^^^^^^^^^^^^^^^^^^^^^
  File "C:\Users\pacong2\Videos\tiktobs\app\database.py", line 82, in insert_event
    async with aiosqlite.connect(DB_PATH) as db, db.execute(
                                                 ^^^^^^^^^^^
  File "C:\Users\pacong2\Videos\tiktobs\.venv\Lib\site-packages\aiosqlite\context.py", line 41, in __aenter__
    self._obj = await self._coro
                ^^^^^^^^^^^^^^^^
  File "C:\Users\pacong2\Videos\tiktobs\.venv\Lib\site-packages\aiosqlite\core.py", line 223, in execute
    cursor = await self._execute(self._conn.execute, sql, parameters)
             ^^^^^^^^^^^^^^^^^^^^^^^^^^^^^^^^^^^^^^^^^^^^^^^^^^^^^^^^
  File "C:\Users\pacong2\Videos\tiktobs\.venv\Lib\site-packages\aiosqlite\core.py", line 160, in _execute
    return await future
           ^^^^^^^^^^^^
  File "C:\Users\pacong2\Videos\tiktobs\.venv\Lib\site-packages\aiosqlite\core.py", line 63, in _connection_worker_thread
    result = function()
             ^^^^^^^^^^
sqlite3.OperationalError: database is locked
2026-08-07 21:21:34,306 [ERROR] app.processor: Error processing raw event 'viewer'
Traceback (most recent call last):
  File "C:\Users\pacong2\Videos\tiktobs\app\processor.py", line 45, in process_raw_event
    is_new = await database.insert_event(
             ^^^^^^^^^^^^^^^^^^^^^^^^^^^^
  File "C:\Users\pacong2\Videos\tiktobs\app\database.py", line 82, in insert_event
    async with aiosqlite.connect(DB_PATH) as db, db.execute(
                                                 ^^^^^^^^^^^
  File "C:\Users\pacong2\Videos\tiktobs\.venv\Lib\site-packages\aiosqlite\context.py", line 41, in __aenter__
    self._obj = await self._coro
                ^^^^^^^^^^^^^^^^
  File "C:\Users\pacong2\Videos\tiktobs\.venv\Lib\site-packages\aiosqlite\core.py", line 223, in execute
    cursor = await self._execute(self._conn.execute, sql, parameters)
             ^^^^^^^^^^^^^^^^^^^^^^^^^^^^^^^^^^^^^^^^^^^^^^^^^^^^^^^^
  File "C:\Users\pacong2\Videos\tiktobs\.venv\Lib\site-packages\aiosqlite\core.py", line 160, in _execute
    return await future
           ^^^^^^^^^^^^
  File "C:\Users\pacong2\Videos\tiktobs\.venv\Lib\site-packages\aiosqlite\core.py", line 63, in _connection_worker_thread
    result = function()
             ^^^^^^^^^^
sqlite3.OperationalError: database is locked
2026-08-07 21:21:34,338 [ERROR] app.processor: Error processing raw event 'viewer'
Traceback (most recent call last):
  File "C:\Users\pacong2\Videos\tiktobs\app\processor.py", line 45, in process_raw_event
    is_new = await database.insert_event(
             ^^^^^^^^^^^^^^^^^^^^^^^^^^^^
  File "C:\Users\pacong2\Videos\tiktobs\app\database.py", line 82, in insert_event
    async with aiosqlite.connect(DB_PATH) as db, db.execute(
                                                 ^^^^^^^^^^^
  File "C:\Users\pacong2\Videos\tiktobs\.venv\Lib\site-packages\aiosqlite\context.py", line 41, in __aenter__
    self._obj = await self._coro
                ^^^^^^^^^^^^^^^^
  File "C:\Users\pacong2\Videos\tiktobs\.venv\Lib\site-packages\aiosqlite\core.py", line 223, in execute
    cursor = await self._execute(self._conn.execute, sql, parameters)
             ^^^^^^^^^^^^^^^^^^^^^^^^^^^^^^^^^^^^^^^^^^^^^^^^^^^^^^^^
  File "C:\Users\pacong2\Videos\tiktobs\.venv\Lib\site-packages\aiosqlite\core.py", line 160, in _execute
    return await future
           ^^^^^^^^^^^^
  File "C:\Users\pacong2\Videos\tiktobs\.venv\Lib\site-packages\aiosqlite\core.py", line 63, in _connection_worker_thread
    result = function()
             ^^^^^^^^^^
sqlite3.OperationalError: database is locked
2026-08-07 21:21:34,389 [ERROR] app.processor: Error processing raw event 'viewer'
Traceback (most recent call last):
  File "C:\Users\pacong2\Videos\tiktobs\app\processor.py", line 45, in process_raw_event
    is_new = await database.insert_event(
             ^^^^^^^^^^^^^^^^^^^^^^^^^^^^
  File "C:\Users\pacong2\Videos\tiktobs\app\database.py", line 82, in insert_event
    async with aiosqlite.connect(DB_PATH) as db, db.execute(
                                                 ^^^^^^^^^^^
  File "C:\Users\pacong2\Videos\tiktobs\.venv\Lib\site-packages\aiosqlite\context.py", line 41, in __aenter__
    self._obj = await self._coro
                ^^^^^^^^^^^^^^^^
  File "C:\Users\pacong2\Videos\tiktobs\.venv\Lib\site-packages\aiosqlite\core.py", line 223, in execute
    cursor = await self._execute(self._conn.execute, sql, parameters)
             ^^^^^^^^^^^^^^^^^^^^^^^^^^^^^^^^^^^^^^^^^^^^^^^^^^^^^^^^
  File "C:\Users\pacong2\Videos\tiktobs\.venv\Lib\site-packages\aiosqlite\core.py", line 160, in _execute
    return await future
           ^^^^^^^^^^^^
  File "C:\Users\pacong2\Videos\tiktobs\.venv\Lib\site-packages\aiosqlite\core.py", line 63, in _connection_worker_thread
    result = function()
             ^^^^^^^^^^
sqlite3.OperationalError: database is locked
2026-08-07 21:21:34,417 [ERROR] app.processor: Error processing raw event 'viewer'
Traceback (most recent call last):
  File "C:\Users\pacong2\Videos\tiktobs\app\processor.py", line 45, in process_raw_event
    is_new = await database.insert_event(
             ^^^^^^^^^^^^^^^^^^^^^^^^^^^^
  File "C:\Users\pacong2\Videos\tiktobs\app\database.py", line 82, in insert_event
    async with aiosqlite.connect(DB_PATH) as db, db.execute(
                                                 ^^^^^^^^^^^
  File "C:\Users\pacong2\Videos\tiktobs\.venv\Lib\site-packages\aiosqlite\context.py", line 41, in __aenter__
    self._obj = await self._coro
                ^^^^^^^^^^^^^^^^
  File "C:\Users\pacong2\Videos\tiktobs\.venv\Lib\site-packages\aiosqlite\core.py", line 223, in execute
    cursor = await self._execute(self._conn.execute, sql, parameters)
             ^^^^^^^^^^^^^^^^^^^^^^^^^^^^^^^^^^^^^^^^^^^^^^^^^^^^^^^^
  File "C:\Users\pacong2\Videos\tiktobs\.venv\Lib\site-packages\aiosqlite\core.py", line 160, in _execute
    return await future
           ^^^^^^^^^^^^
  File "C:\Users\pacong2\Videos\tiktobs\.venv\Lib\site-packages\aiosqlite\core.py", line 63, in _connection_worker_thread
    result = function()
             ^^^^^^^^^^
sqlite3.OperationalError: database is locked
2026-08-07 21:21:34,520 [ERROR] app.processor: Error processing raw event 'viewer'
Traceback (most recent call last):
  File "C:\Users\pacong2\Videos\tiktobs\app\processor.py", line 45, in process_raw_event
    is_new = await database.insert_event(
             ^^^^^^^^^^^^^^^^^^^^^^^^^^^^
  File "C:\Users\pacong2\Videos\tiktobs\app\database.py", line 82, in insert_event
    async with aiosqlite.connect(DB_PATH) as db, db.execute(
                                                 ^^^^^^^^^^^
  File "C:\Users\pacong2\Videos\tiktobs\.venv\Lib\site-packages\aiosqlite\context.py", line 41, in __aenter__
    self._obj = await self._coro
                ^^^^^^^^^^^^^^^^
  File "C:\Users\pacong2\Videos\tiktobs\.venv\Lib\site-packages\aiosqlite\core.py", line 223, in execute
    cursor = await self._execute(self._conn.execute, sql, parameters)
             ^^^^^^^^^^^^^^^^^^^^^^^^^^^^^^^^^^^^^^^^^^^^^^^^^^^^^^^^
  File "C:\Users\pacong2\Videos\tiktobs\.venv\Lib\site-packages\aiosqlite\core.py", line 160, in _execute
    return await future
           ^^^^^^^^^^^^
  File "C:\Users\pacong2\Videos\tiktobs\.venv\Lib\site-packages\aiosqlite\core.py", line 63, in _connection_worker_thread
    result = function()
             ^^^^^^^^^^
sqlite3.OperationalError: database is locked
2026-08-07 21:21:34,539 [ERROR] app.processor: Error processing raw event 'viewer'
Traceback (most recent call last):
  File "C:\Users\pacong2\Videos\tiktobs\app\processor.py", line 45, in process_raw_event
    is_new = await database.insert_event(
             ^^^^^^^^^^^^^^^^^^^^^^^^^^^^
  File "C:\Users\pacong2\Videos\tiktobs\app\database.py", line 82, in insert_event
    async with aiosqlite.connect(DB_PATH) as db, db.execute(
                                                 ^^^^^^^^^^^
  File "C:\Users\pacong2\Videos\tiktobs\.venv\Lib\site-packages\aiosqlite\context.py", line 41, in __aenter__
    self._obj = await self._coro
                ^^^^^^^^^^^^^^^^
  File "C:\Users\pacong2\Videos\tiktobs\.venv\Lib\site-packages\aiosqlite\core.py", line 223, in execute
    cursor = await self._execute(self._conn.execute, sql, parameters)
             ^^^^^^^^^^^^^^^^^^^^^^^^^^^^^^^^^^^^^^^^^^^^^^^^^^^^^^^^
  File "C:\Users\pacong2\Videos\tiktobs\.venv\Lib\site-packages\aiosqlite\core.py", line 160, in _execute
    return await future
           ^^^^^^^^^^^^
  File "C:\Users\pacong2\Videos\tiktobs\.venv\Lib\site-packages\aiosqlite\core.py", line 63, in _connection_worker_thread
    result = function()
             ^^^^^^^^^^
sqlite3.OperationalError: database is locked
2026-08-07 21:21:34,564 [ERROR] app.processor: Error processing raw event 'viewer'
Traceback (most recent call last):
  File "C:\Users\pacong2\Videos\tiktobs\app\processor.py", line 45, in process_raw_event
    is_new = await database.insert_event(
             ^^^^^^^^^^^^^^^^^^^^^^^^^^^^
  File "C:\Users\pacong2\Videos\tiktobs\app\database.py", line 82, in insert_event
    async with aiosqlite.connect(DB_PATH) as db, db.execute(
                                                 ^^^^^^^^^^^
  File "C:\Users\pacong2\Videos\tiktobs\.venv\Lib\site-packages\aiosqlite\context.py", line 41, in __aenter__
    self._obj = await self._coro
                ^^^^^^^^^^^^^^^^
  File "C:\Users\pacong2\Videos\tiktobs\.venv\Lib\site-packages\aiosqlite\core.py", line 223, in execute
    cursor = await self._execute(self._conn.execute, sql, parameters)
             ^^^^^^^^^^^^^^^^^^^^^^^^^^^^^^^^^^^^^^^^^^^^^^^^^^^^^^^^
  File "C:\Users\pacong2\Videos\tiktobs\.venv\Lib\site-packages\aiosqlite\core.py", line 160, in _execute
    return await future
           ^^^^^^^^^^^^
  File "C:\Users\pacong2\Videos\tiktobs\.venv\Lib\site-packages\aiosqlite\core.py", line 63, in _connection_worker_thread
    result = function()
             ^^^^^^^^^^
sqlite3.OperationalError: database is locked
2026-08-07 21:21:34,604 [ERROR] app.processor: Error processing raw event 'viewer'
Traceback (most recent call last):
  File "C:\Users\pacong2\Videos\tiktobs\app\processor.py", line 45, in process_raw_event
    is_new = await database.insert_event(
             ^^^^^^^^^^^^^^^^^^^^^^^^^^^^
  File "C:\Users\pacong2\Videos\tiktobs\app\database.py", line 82, in insert_event
    async with aiosqlite.connect(DB_PATH) as db, db.execute(
                                                 ^^^^^^^^^^^
  File "C:\Users\pacong2\Videos\tiktobs\.venv\Lib\site-packages\aiosqlite\context.py", line 41, in __aenter__
    self._obj = await self._coro
                ^^^^^^^^^^^^^^^^
  File "C:\Users\pacong2\Videos\tiktobs\.venv\Lib\site-packages\aiosqlite\core.py", line 223, in execute
    cursor = await self._execute(self._conn.execute, sql, parameters)
             ^^^^^^^^^^^^^^^^^^^^^^^^^^^^^^^^^^^^^^^^^^^^^^^^^^^^^^^^
  File "C:\Users\pacong2\Videos\tiktobs\.venv\Lib\site-packages\aiosqlite\core.py", line 160, in _execute
    return await future
           ^^^^^^^^^^^^
  File "C:\Users\pacong2\Videos\tiktobs\.venv\Lib\site-packages\aiosqlite\core.py", line 63, in _connection_worker_thread
    result = function()
             ^^^^^^^^^^
sqlite3.OperationalError: database is locked
2026-08-07 21:21:34,622 [ERROR] app.processor: Error processing raw event 'viewer'
Traceback (most recent call last):
  File "C:\Users\pacong2\Videos\tiktobs\app\processor.py", line 45, in process_raw_event
    is_new = await database.insert_event(
             ^^^^^^^^^^^^^^^^^^^^^^^^^^^^
  File "C:\Users\pacong2\Videos\tiktobs\app\database.py", line 82, in insert_event
    async with aiosqlite.connect(DB_PATH) as db, db.execute(
                                                 ^^^^^^^^^^^
  File "C:\Users\pacong2\Videos\tiktobs\.venv\Lib\site-packages\aiosqlite\context.py", line 41, in __aenter__
    self._obj = await self._coro
                ^^^^^^^^^^^^^^^^
  File "C:\Users\pacong2\Videos\tiktobs\.venv\Lib\site-packages\aiosqlite\core.py", line 223, in execute
    cursor = await self._execute(self._conn.execute, sql, parameters)
             ^^^^^^^^^^^^^^^^^^^^^^^^^^^^^^^^^^^^^^^^^^^^^^^^^^^^^^^^
  File "C:\Users\pacong2\Videos\tiktobs\.venv\Lib\site-packages\aiosqlite\core.py", line 160, in _execute
    return await future
           ^^^^^^^^^^^^
  File "C:\Users\pacong2\Videos\tiktobs\.venv\Lib\site-packages\aiosqlite\core.py", line 63, in _connection_worker_thread
    result = function()
             ^^^^^^^^^^
sqlite3.OperationalError: database is locked
2026-08-07 21:21:34,901 [ERROR] app.processor: Error processing raw event 'viewer'
Traceback (most recent call last):
  File "C:\Users\pacong2\Videos\tiktobs\app\processor.py", line 45, in process_raw_event
    is_new = await database.insert_event(
             ^^^^^^^^^^^^^^^^^^^^^^^^^^^^
  File "C:\Users\pacong2\Videos\tiktobs\app\database.py", line 82, in insert_event
    async with aiosqlite.connect(DB_PATH) as db, db.execute(
                                                 ^^^^^^^^^^^
  File "C:\Users\pacong2\Videos\tiktobs\.venv\Lib\site-packages\aiosqlite\context.py", line 41, in __aenter__
    self._obj = await self._coro
                ^^^^^^^^^^^^^^^^
  File "C:\Users\pacong2\Videos\tiktobs\.venv\Lib\site-packages\aiosqlite\core.py", line 223, in execute
    cursor = await self._execute(self._conn.execute, sql, parameters)
             ^^^^^^^^^^^^^^^^^^^^^^^^^^^^^^^^^^^^^^^^^^^^^^^^^^^^^^^^
  File "C:\Users\pacong2\Videos\tiktobs\.venv\Lib\site-packages\aiosqlite\core.py", line 160, in _execute
    return await future
           ^^^^^^^^^^^^
  File "C:\Users\pacong2\Videos\tiktobs\.venv\Lib\site-packages\aiosqlite\core.py", line 63, in _connection_worker_thread
    result = function()
             ^^^^^^^^^^
sqlite3.OperationalError: database is locked
2026-08-07 21:21:48,906 [ERROR] app.processor: Error processing raw event 'viewer'
Traceback (most recent call last):
  File "C:\Users\pacong2\Videos\tiktobs\app\processor.py", line 45, in process_raw_event
    is_new = await database.insert_event(
             ^^^^^^^^^^^^^^^^^^^^^^^^^^^^
  File "C:\Users\pacong2\Videos\tiktobs\app\database.py", line 82, in insert_event
    async with aiosqlite.connect(DB_PATH) as db, db.execute(
                                                 ^^^^^^^^^^^
  File "C:\Users\pacong2\Videos\tiktobs\.venv\Lib\site-packages\aiosqlite\context.py", line 41, in __aenter__
    self._obj = await self._coro
                ^^^^^^^^^^^^^^^^
  File "C:\Users\pacong2\Videos\tiktobs\.venv\Lib\site-packages\aiosqlite\core.py", line 223, in execute
    cursor = await self._execute(self._conn.execute, sql, parameters)
             ^^^^^^^^^^^^^^^^^^^^^^^^^^^^^^^^^^^^^^^^^^^^^^^^^^^^^^^^
  File "C:\Users\pacong2\Videos\tiktobs\.venv\Lib\site-packages\aiosqlite\core.py", line 160, in _execute
    return await future
           ^^^^^^^^^^^^
  File "C:\Users\pacong2\Videos\tiktobs\.venv\Lib\site-packages\aiosqlite\core.py", line 63, in _connection_worker_thread
    result = function()
             ^^^^^^^^^^
sqlite3.OperationalError: database is locked
2026-08-07 21:21:48,916 [ERROR] app.processor: Error processing raw event 'viewer'
Traceback (most recent call last):
  File "C:\Users\pacong2\Videos\tiktobs\app\processor.py", line 45, in process_raw_event
    is_new = await database.insert_event(
             ^^^^^^^^^^^^^^^^^^^^^^^^^^^^
  File "C:\Users\pacong2\Videos\tiktobs\app\database.py", line 82, in insert_event
    async with aiosqlite.connect(DB_PATH) as db, db.execute(
                                                 ^^^^^^^^^^^
  File "C:\Users\pacong2\Videos\tiktobs\.venv\Lib\site-packages\aiosqlite\context.py", line 41, in __aenter__
    self._obj = await self._coro
                ^^^^^^^^^^^^^^^^
  File "C:\Users\pacong2\Videos\tiktobs\.venv\Lib\site-packages\aiosqlite\core.py", line 223, in execute
    cursor = await self._execute(self._conn.execute, sql, parameters)
             ^^^^^^^^^^^^^^^^^^^^^^^^^^^^^^^^^^^^^^^^^^^^^^^^^^^^^^^^
  File "C:\Users\pacong2\Videos\tiktobs\.venv\Lib\site-packages\aiosqlite\core.py", line 160, in _execute
    return await future
           ^^^^^^^^^^^^
  File "C:\Users\pacong2\Videos\tiktobs\.venv\Lib\site-packages\aiosqlite\core.py", line 63, in _connection_worker_thread
    result = function()
             ^^^^^^^^^^
sqlite3.OperationalError: database is locked
2026-08-07 21:21:48,929 [ERROR] app.processor: Error processing raw event 'viewer'
Traceback (most recent call last):
  File "C:\Users\pacong2\Videos\tiktobs\app\processor.py", line 45, in process_raw_event
    is_new = await database.insert_event(
             ^^^^^^^^^^^^^^^^^^^^^^^^^^^^
  File "C:\Users\pacong2\Videos\tiktobs\app\database.py", line 82, in insert_event
    async with aiosqlite.connect(DB_PATH) as db, db.execute(
                                                 ^^^^^^^^^^^
  File "C:\Users\pacong2\Videos\tiktobs\.venv\Lib\site-packages\aiosqlite\context.py", line 41, in __aenter__
    self._obj = await self._coro
                ^^^^^^^^^^^^^^^^
  File "C:\Users\pacong2\Videos\tiktobs\.venv\Lib\site-packages\aiosqlite\core.py", line 223, in execute
    cursor = await self._execute(self._conn.execute, sql, parameters)
             ^^^^^^^^^^^^^^^^^^^^^^^^^^^^^^^^^^^^^^^^^^^^^^^^^^^^^^^^
  File "C:\Users\pacong2\Videos\tiktobs\.venv\Lib\site-packages\aiosqlite\core.py", line 160, in _execute
    return await future
           ^^^^^^^^^^^^
  File "C:\Users\pacong2\Videos\tiktobs\.venv\Lib\site-packages\aiosqlite\core.py", line 63, in _connection_worker_thread
    result = function()
             ^^^^^^^^^^
sqlite3.OperationalError: database is locked
2026-08-07 21:21:48,939 [ERROR] app.processor: Error processing raw event 'viewer'
Traceback (most recent call last):
  File "C:\Users\pacong2\Videos\tiktobs\app\processor.py", line 45, in process_raw_event
    is_new = await database.insert_event(
             ^^^^^^^^^^^^^^^^^^^^^^^^^^^^
  File "C:\Users\pacong2\Videos\tiktobs\app\database.py", line 82, in insert_event
    async with aiosqlite.connect(DB_PATH) as db, db.execute(
                                                 ^^^^^^^^^^^
  File "C:\Users\pacong2\Videos\tiktobs\.venv\Lib\site-packages\aiosqlite\context.py", line 41, in __aenter__
    self._obj = await self._coro
                ^^^^^^^^^^^^^^^^
  File "C:\Users\pacong2\Videos\tiktobs\.venv\Lib\site-packages\aiosqlite\core.py", line 223, in execute
    cursor = await self._execute(self._conn.execute, sql, parameters)
             ^^^^^^^^^^^^^^^^^^^^^^^^^^^^^^^^^^^^^^^^^^^^^^^^^^^^^^^^
  File "C:\Users\pacong2\Videos\tiktobs\.venv\Lib\site-packages\aiosqlite\core.py", line 160, in _execute
    return await future
           ^^^^^^^^^^^^
  File "C:\Users\pacong2\Videos\tiktobs\.venv\Lib\site-packages\aiosqlite\core.py", line 63, in _connection_worker_thread
    result = function()
             ^^^^^^^^^^
sqlite3.OperationalError: database is locked
2026-08-07 21:21:48,949 [ERROR] app.processor: Error processing raw event 'viewer'
Traceback (most recent call last):
  File "C:\Users\pacong2\Videos\tiktobs\app\processor.py", line 45, in process_raw_event
    is_new = await database.insert_event(
             ^^^^^^^^^^^^^^^^^^^^^^^^^^^^
  File "C:\Users\pacong2\Videos\tiktobs\app\database.py", line 82, in insert_event
    async with aiosqlite.connect(DB_PATH) as db, db.execute(
                                                 ^^^^^^^^^^^
  File "C:\Users\pacong2\Videos\tiktobs\.venv\Lib\site-packages\aiosqlite\context.py", line 41, in __aenter__
    self._obj = await self._coro
                ^^^^^^^^^^^^^^^^
  File "C:\Users\pacong2\Videos\tiktobs\.venv\Lib\site-packages\aiosqlite\core.py", line 223, in execute
    cursor = await self._execute(self._conn.execute, sql, parameters)
             ^^^^^^^^^^^^^^^^^^^^^^^^^^^^^^^^^^^^^^^^^^^^^^^^^^^^^^^^
  File "C:\Users\pacong2\Videos\tiktobs\.venv\Lib\site-packages\aiosqlite\core.py", line 160, in _execute
    return await future
           ^^^^^^^^^^^^
  File "C:\Users\pacong2\Videos\tiktobs\.venv\Lib\site-packages\aiosqlite\core.py", line 63, in _connection_worker_thread
    result = function()
             ^^^^^^^^^^
sqlite3.OperationalError: database is locked
2026-08-07 21:21:48,959 [ERROR] app.processor: Error processing raw event 'viewer'
Traceback (most recent call last):
  File "C:\Users\pacong2\Videos\tiktobs\app\processor.py", line 45, in process_raw_event
    is_new = await database.insert_event(
             ^^^^^^^^^^^^^^^^^^^^^^^^^^^^
  File "C:\Users\pacong2\Videos\tiktobs\app\database.py", line 82, in insert_event
    async with aiosqlite.connect(DB_PATH) as db, db.execute(
                                                 ^^^^^^^^^^^
  File "C:\Users\pacong2\Videos\tiktobs\.venv\Lib\site-packages\aiosqlite\context.py", line 41, in __aenter__
    self._obj = await self._coro
                ^^^^^^^^^^^^^^^^
  File "C:\Users\pacong2\Videos\tiktobs\.venv\Lib\site-packages\aiosqlite\core.py", line 223, in execute
    cursor = await self._execute(self._conn.execute, sql, parameters)
             ^^^^^^^^^^^^^^^^^^^^^^^^^^^^^^^^^^^^^^^^^^^^^^^^^^^^^^^^
  File "C:\Users\pacong2\Videos\tiktobs\.venv\Lib\site-packages\aiosqlite\core.py", line 160, in _execute
    return await future
           ^^^^^^^^^^^^
  File "C:\Users\pacong2\Videos\tiktobs\.venv\Lib\site-packages\aiosqlite\core.py", line 63, in _connection_worker_thread
    result = function()
             ^^^^^^^^^^
sqlite3.OperationalError: database is locked
2026-08-07 21:21:48,997 [ERROR] app.processor: Error processing raw event 'viewer'
Traceback (most recent call last):
  File "C:\Users\pacong2\Videos\tiktobs\app\processor.py", line 45, in process_raw_event
    is_new = await database.insert_event(
             ^^^^^^^^^^^^^^^^^^^^^^^^^^^^
  File "C:\Users\pacong2\Videos\tiktobs\app\database.py", line 82, in insert_event
    async with aiosqlite.connect(DB_PATH) as db, db.execute(
                                                 ^^^^^^^^^^^
  File "C:\Users\pacong2\Videos\tiktobs\.venv\Lib\site-packages\aiosqlite\context.py", line 41, in __aenter__
    self._obj = await self._coro
                ^^^^^^^^^^^^^^^^
  File "C:\Users\pacong2\Videos\tiktobs\.venv\Lib\site-packages\aiosqlite\core.py", line 223, in execute
    cursor = await self._execute(self._conn.execute, sql, parameters)
             ^^^^^^^^^^^^^^^^^^^^^^^^^^^^^^^^^^^^^^^^^^^^^^^^^^^^^^^^
  File "C:\Users\pacong2\Videos\tiktobs\.venv\Lib\site-packages\aiosqlite\core.py", line 160, in _execute
    return await future
           ^^^^^^^^^^^^
  File "C:\Users\pacong2\Videos\tiktobs\.venv\Lib\site-packages\aiosqlite\core.py", line 63, in _connection_worker_thread
    result = function()
             ^^^^^^^^^^
sqlite3.OperationalError: database is locked
2026-08-07 21:21:49,014 [ERROR] app.processor: Error processing raw event 'viewer'
Traceback (most recent call last):
  File "C:\Users\pacong2\Videos\tiktobs\app\processor.py", line 45, in process_raw_event
    is_new = await database.insert_event(
             ^^^^^^^^^^^^^^^^^^^^^^^^^^^^
  File "C:\Users\pacong2\Videos\tiktobs\app\database.py", line 82, in insert_event
    async with aiosqlite.connect(DB_PATH) as db, db.execute(
                                                 ^^^^^^^^^^^
  File "C:\Users\pacong2\Videos\tiktobs\.venv\Lib\site-packages\aiosqlite\context.py", line 41, in __aenter__
    self._obj = await self._coro
                ^^^^^^^^^^^^^^^^
  File "C:\Users\pacong2\Videos\tiktobs\.venv\Lib\site-packages\aiosqlite\core.py", line 223, in execute
    cursor = await self._execute(self._conn.execute, sql, parameters)
             ^^^^^^^^^^^^^^^^^^^^^^^^^^^^^^^^^^^^^^^^^^^^^^^^^^^^^^^^
  File "C:\Users\pacong2\Videos\tiktobs\.venv\Lib\site-packages\aiosqlite\core.py", line 160, in _execute
    return await future
           ^^^^^^^^^^^^
  File "C:\Users\pacong2\Videos\tiktobs\.venv\Lib\site-packages\aiosqlite\core.py", line 63, in _connection_worker_thread
    result = function()
             ^^^^^^^^^^
sqlite3.OperationalError: database is locked
2026-08-07 21:21:49,024 [ERROR] app.processor: Error processing raw event 'viewer'
Traceback (most recent call last):
  File "C:\Users\pacong2\Videos\tiktobs\app\processor.py", line 45, in process_raw_event
    is_new = await database.insert_event(
             ^^^^^^^^^^^^^^^^^^^^^^^^^^^^
  File "C:\Users\pacong2\Videos\tiktobs\app\database.py", line 82, in insert_event
    async with aiosqlite.connect(DB_PATH) as db, db.execute(
                                                 ^^^^^^^^^^^
  File "C:\Users\pacong2\Videos\tiktobs\.venv\Lib\site-packages\aiosqlite\context.py", line 41, in __aenter__
    self._obj = await self._coro
                ^^^^^^^^^^^^^^^^
  File "C:\Users\pacong2\Videos\tiktobs\.venv\Lib\site-packages\aiosqlite\core.py", line 223, in execute
    cursor = await self._execute(self._conn.execute, sql, parameters)
             ^^^^^^^^^^^^^^^^^^^^^^^^^^^^^^^^^^^^^^^^^^^^^^^^^^^^^^^^
  File "C:\Users\pacong2\Videos\tiktobs\.venv\Lib\site-packages\aiosqlite\core.py", line 160, in _execute
    return await future
           ^^^^^^^^^^^^
  File "C:\Users\pacong2\Videos\tiktobs\.venv\Lib\site-packages\aiosqlite\core.py", line 63, in _connection_worker_thread
    result = function()
             ^^^^^^^^^^
sqlite3.OperationalError: database is locked
2026-08-07 21:21:49,034 [ERROR] app.processor: Error processing raw event 'viewer'
Traceback (most recent call last):
  File "C:\Users\pacong2\Videos\tiktobs\app\processor.py", line 45, in process_raw_event
    is_new = await database.insert_event(
             ^^^^^^^^^^^^^^^^^^^^^^^^^^^^
  File "C:\Users\pacong2\Videos\tiktobs\app\database.py", line 82, in insert_event
    async with aiosqlite.connect(DB_PATH) as db, db.execute(
                                                 ^^^^^^^^^^^
  File "C:\Users\pacong2\Videos\tiktobs\.venv\Lib\site-packages\aiosqlite\context.py", line 41, in __aenter__
    self._obj = await self._coro
                ^^^^^^^^^^^^^^^^
  File "C:\Users\pacong2\Videos\tiktobs\.venv\Lib\site-packages\aiosqlite\core.py", line 223, in execute
    cursor = await self._execute(self._conn.execute, sql, parameters)
             ^^^^^^^^^^^^^^^^^^^^^^^^^^^^^^^^^^^^^^^^^^^^^^^^^^^^^^^^
  File "C:\Users\pacong2\Videos\tiktobs\.venv\Lib\site-packages\aiosqlite\core.py", line 160, in _execute
    return await future
           ^^^^^^^^^^^^
  File "C:\Users\pacong2\Videos\tiktobs\.venv\Lib\site-packages\aiosqlite\core.py", line 63, in _connection_worker_thread
    result = function()
             ^^^^^^^^^^
sqlite3.OperationalError: database is locked
2026-08-07 21:21:49,042 [ERROR] app.processor: Error processing raw event 'viewer'
Traceback (most recent call last):
  File "C:\Users\pacong2\Videos\tiktobs\app\processor.py", line 45, in process_raw_event
    is_new = await database.insert_event(
             ^^^^^^^^^^^^^^^^^^^^^^^^^^^^
  File "C:\Users\pacong2\Videos\tiktobs\app\database.py", line 82, in insert_event
    async with aiosqlite.connect(DB_PATH) as db, db.execute(
                                                 ^^^^^^^^^^^
  File "C:\Users\pacong2\Videos\tiktobs\.venv\Lib\site-packages\aiosqlite\context.py", line 41, in __aenter__
    self._obj = await self._coro
                ^^^^^^^^^^^^^^^^
  File "C:\Users\pacong2\Videos\tiktobs\.venv\Lib\site-packages\aiosqlite\core.py", line 223, in execute
    cursor = await self._execute(self._conn.execute, sql, parameters)
             ^^^^^^^^^^^^^^^^^^^^^^^^^^^^^^^^^^^^^^^^^^^^^^^^^^^^^^^^
  File "C:\Users\pacong2\Videos\tiktobs\.venv\Lib\site-packages\aiosqlite\core.py", line 160, in _execute
    return await future
           ^^^^^^^^^^^^
  File "C:\Users\pacong2\Videos\tiktobs\.venv\Lib\site-packages\aiosqlite\core.py", line 63, in _connection_worker_thread
    result = function()
             ^^^^^^^^^^
sqlite3.OperationalError: database is locked
2026-08-07 21:21:49,052 [ERROR] app.processor: Error processing raw event 'viewer'
Traceback (most recent call last):
  File "C:\Users\pacong2\Videos\tiktobs\app\processor.py", line 45, in process_raw_event
    is_new = await database.insert_event(
             ^^^^^^^^^^^^^^^^^^^^^^^^^^^^
  File "C:\Users\pacong2\Videos\tiktobs\app\database.py", line 82, in insert_event
    async with aiosqlite.connect(DB_PATH) as db, db.execute(
                                                 ^^^^^^^^^^^
  File "C:\Users\pacong2\Videos\tiktobs\.venv\Lib\site-packages\aiosqlite\context.py", line 41, in __aenter__
    self._obj = await self._coro
                ^^^^^^^^^^^^^^^^
  File "C:\Users\pacong2\Videos\tiktobs\.venv\Lib\site-packages\aiosqlite\core.py", line 223, in execute
    cursor = await self._execute(self._conn.execute, sql, parameters)
             ^^^^^^^^^^^^^^^^^^^^^^^^^^^^^^^^^^^^^^^^^^^^^^^^^^^^^^^^
  File "C:\Users\pacong2\Videos\tiktobs\.venv\Lib\site-packages\aiosqlite\core.py", line 160, in _execute
    return await future
           ^^^^^^^^^^^^
  File "C:\Users\pacong2\Videos\tiktobs\.venv\Lib\site-packages\aiosqlite\core.py", line 63, in _connection_worker_thread
    result = function()
             ^^^^^^^^^^
sqlite3.OperationalError: database is locked
2026-08-07 21:21:49,063 [ERROR] app.processor: Error processing raw event 'viewer'
Traceback (most recent call last):
  File "C:\Users\pacong2\Videos\tiktobs\app\processor.py", line 45, in process_raw_event
    is_new = await database.insert_event(
             ^^^^^^^^^^^^^^^^^^^^^^^^^^^^
  File "C:\Users\pacong2\Videos\tiktobs\app\database.py", line 82, in insert_event
    async with aiosqlite.connect(DB_PATH) as db, db.execute(
                                                 ^^^^^^^^^^^
  File "C:\Users\pacong2\Videos\tiktobs\.venv\Lib\site-packages\aiosqlite\context.py", line 41, in __aenter__
    self._obj = await self._coro
                ^^^^^^^^^^^^^^^^
  File "C:\Users\pacong2\Videos\tiktobs\.venv\Lib\site-packages\aiosqlite\core.py", line 223, in execute
    cursor = await self._execute(self._conn.execute, sql, parameters)
             ^^^^^^^^^^^^^^^^^^^^^^^^^^^^^^^^^^^^^^^^^^^^^^^^^^^^^^^^
  File "C:\Users\pacong2\Videos\tiktobs\.venv\Lib\site-packages\aiosqlite\core.py", line 160, in _execute
    return await future
           ^^^^^^^^^^^^
  File "C:\Users\pacong2\Videos\tiktobs\.venv\Lib\site-packages\aiosqlite\core.py", line 63, in _connection_worker_thread
    result = function()
             ^^^^^^^^^^
sqlite3.OperationalError: database is locked
2026-08-07 21:21:49,066 [ERROR] app.processor: Error processing raw event 'viewer'
Traceback (most recent call last):
  File "C:\Users\pacong2\Videos\tiktobs\app\processor.py", line 45, in process_raw_event
    is_new = await database.insert_event(
             ^^^^^^^^^^^^^^^^^^^^^^^^^^^^
  File "C:\Users\pacong2\Videos\tiktobs\app\database.py", line 82, in insert_event
    async with aiosqlite.connect(DB_PATH) as db, db.execute(
                                                 ^^^^^^^^^^^
  File "C:\Users\pacong2\Videos\tiktobs\.venv\Lib\site-packages\aiosqlite\context.py", line 41, in __aenter__
    self._obj = await self._coro
                ^^^^^^^^^^^^^^^^
  File "C:\Users\pacong2\Videos\tiktobs\.venv\Lib\site-packages\aiosqlite\core.py", line 223, in execute
    cursor = await self._execute(self._conn.execute, sql, parameters)
             ^^^^^^^^^^^^^^^^^^^^^^^^^^^^^^^^^^^^^^^^^^^^^^^^^^^^^^^^
  File "C:\Users\pacong2\Videos\tiktobs\.venv\Lib\site-packages\aiosqlite\core.py", line 160, in _execute
    return await future
           ^^^^^^^^^^^^
  File "C:\Users\pacong2\Videos\tiktobs\.venv\Lib\site-packages\aiosqlite\core.py", line 63, in _connection_worker_thread
    result = function()
             ^^^^^^^^^^
sqlite3.OperationalError: database is locked
2026-08-07 21:21:49,075 [ERROR] app.processor: Error processing raw event 'viewer'
Traceback (most recent call last):
  File "C:\Users\pacong2\Videos\tiktobs\app\processor.py", line 45, in process_raw_event
    is_new = await database.insert_event(
             ^^^^^^^^^^^^^^^^^^^^^^^^^^^^
  File "C:\Users\pacong2\Videos\tiktobs\app\database.py", line 82, in insert_event
    async with aiosqlite.connect(DB_PATH) as db, db.execute(
                                                 ^^^^^^^^^^^
  File "C:\Users\pacong2\Videos\tiktobs\.venv\Lib\site-packages\aiosqlite\context.py", line 41, in __aenter__
    self._obj = await self._coro
                ^^^^^^^^^^^^^^^^
  File "C:\Users\pacong2\Videos\tiktobs\.venv\Lib\site-packages\aiosqlite\core.py", line 223, in execute
    cursor = await self._execute(self._conn.execute, sql, parameters)
             ^^^^^^^^^^^^^^^^^^^^^^^^^^^^^^^^^^^^^^^^^^^^^^^^^^^^^^^^
  File "C:\Users\pacong2\Videos\tiktobs\.venv\Lib\site-packages\aiosqlite\core.py", line 160, in _execute
    return await future
           ^^^^^^^^^^^^
  File "C:\Users\pacong2\Videos\tiktobs\.venv\Lib\site-packages\aiosqlite\core.py", line 63, in _connection_worker_thread
    result = function()
             ^^^^^^^^^^
sqlite3.OperationalError: database is locked
2026-08-07 21:21:49,081 [ERROR] app.processor: Error processing raw event 'viewer'
Traceback (most recent call last):
  File "C:\Users\pacong2\Videos\tiktobs\app\processor.py", line 45, in process_raw_event
    is_new = await database.insert_event(
             ^^^^^^^^^^^^^^^^^^^^^^^^^^^^
  File "C:\Users\pacong2\Videos\tiktobs\app\database.py", line 82, in insert_event
    async with aiosqlite.connect(DB_PATH) as db, db.execute(
                                                 ^^^^^^^^^^^
  File "C:\Users\pacong2\Videos\tiktobs\.venv\Lib\site-packages\aiosqlite\context.py", line 41, in __aenter__
    self._obj = await self._coro
                ^^^^^^^^^^^^^^^^
  File "C:\Users\pacong2\Videos\tiktobs\.venv\Lib\site-packages\aiosqlite\core.py", line 223, in execute
    cursor = await self._execute(self._conn.execute, sql, parameters)
             ^^^^^^^^^^^^^^^^^^^^^^^^^^^^^^^^^^^^^^^^^^^^^^^^^^^^^^^^
  File "C:\Users\pacong2\Videos\tiktobs\.venv\Lib\site-packages\aiosqlite\core.py", line 160, in _execute
    return await future
           ^^^^^^^^^^^^
  File "C:\Users\pacong2\Videos\tiktobs\.venv\Lib\site-packages\aiosqlite\core.py", line 63, in _connection_worker_thread
    result = function()
             ^^^^^^^^^^
sqlite3.OperationalError: database is locked
2026-08-07 21:21:49,088 [ERROR] app.processor: Error processing raw event 'viewer'
Traceback (most recent call last):
  File "C:\Users\pacong2\Videos\tiktobs\app\processor.py", line 45, in process_raw_event
    is_new = await database.insert_event(
             ^^^^^^^^^^^^^^^^^^^^^^^^^^^^
  File "C:\Users\pacong2\Videos\tiktobs\app\database.py", line 82, in insert_event
    async with aiosqlite.connect(DB_PATH) as db, db.execute(
                                                 ^^^^^^^^^^^
  File "C:\Users\pacong2\Videos\tiktobs\.venv\Lib\site-packages\aiosqlite\context.py", line 41, in __aenter__
    self._obj = await self._coro
                ^^^^^^^^^^^^^^^^
  File "C:\Users\pacong2\Videos\tiktobs\.venv\Lib\site-packages\aiosqlite\core.py", line 223, in execute
    cursor = await self._execute(self._conn.execute, sql, parameters)
             ^^^^^^^^^^^^^^^^^^^^^^^^^^^^^^^^^^^^^^^^^^^^^^^^^^^^^^^^
  File "C:\Users\pacong2\Videos\tiktobs\.venv\Lib\site-packages\aiosqlite\core.py", line 160, in _execute
    return await future
           ^^^^^^^^^^^^
  File "C:\Users\pacong2\Videos\tiktobs\.venv\Lib\site-packages\aiosqlite\core.py", line 63, in _connection_worker_thread
    result = function()
             ^^^^^^^^^^
sqlite3.OperationalError: database is locked
2026-08-07 21:21:49,097 [ERROR] app.processor: Error processing raw event 'viewer'
Traceback (most recent call last):
  File "C:\Users\pacong2\Videos\tiktobs\app\processor.py", line 45, in process_raw_event
    is_new = await database.insert_event(
             ^^^^^^^^^^^^^^^^^^^^^^^^^^^^
  File "C:\Users\pacong2\Videos\tiktobs\app\database.py", line 82, in insert_event
    async with aiosqlite.connect(DB_PATH) as db, db.execute(
                                                 ^^^^^^^^^^^
  File "C:\Users\pacong2\Videos\tiktobs\.venv\Lib\site-packages\aiosqlite\context.py", line 41, in __aenter__
    self._obj = await self._coro
                ^^^^^^^^^^^^^^^^
  File "C:\Users\pacong2\Videos\tiktobs\.venv\Lib\site-packages\aiosqlite\core.py", line 223, in execute
    cursor = await self._execute(self._conn.execute, sql, parameters)
             ^^^^^^^^^^^^^^^^^^^^^^^^^^^^^^^^^^^^^^^^^^^^^^^^^^^^^^^^
  File "C:\Users\pacong2\Videos\tiktobs\.venv\Lib\site-packages\aiosqlite\core.py", line 160, in _execute
    return await future
           ^^^^^^^^^^^^
  File "C:\Users\pacong2\Videos\tiktobs\.venv\Lib\site-packages\aiosqlite\core.py", line 63, in _connection_worker_thread
    result = function()
             ^^^^^^^^^^
sqlite3.OperationalError: database is locked
2026-08-07 21:21:49,108 [ERROR] app.processor: Error processing raw event 'viewer'
Traceback (most recent call last):
  File "C:\Users\pacong2\Videos\tiktobs\app\processor.py", line 45, in process_raw_event
    is_new = await database.insert_event(
             ^^^^^^^^^^^^^^^^^^^^^^^^^^^^
  File "C:\Users\pacong2\Videos\tiktobs\app\database.py", line 82, in insert_event
    async with aiosqlite.connect(DB_PATH) as db, db.execute(
                                                 ^^^^^^^^^^^
  File "C:\Users\pacong2\Videos\tiktobs\.venv\Lib\site-packages\aiosqlite\context.py", line 41, in __aenter__
    self._obj = await self._coro
                ^^^^^^^^^^^^^^^^
  File "C:\Users\pacong2\Videos\tiktobs\.venv\Lib\site-packages\aiosqlite\core.py", line 223, in execute
    cursor = await self._execute(self._conn.execute, sql, parameters)
             ^^^^^^^^^^^^^^^^^^^^^^^^^^^^^^^^^^^^^^^^^^^^^^^^^^^^^^^^
  File "C:\Users\pacong2\Videos\tiktobs\.venv\Lib\site-packages\aiosqlite\core.py", line 160, in _execute
    return await future
           ^^^^^^^^^^^^
  File "C:\Users\pacong2\Videos\tiktobs\.venv\Lib\site-packages\aiosqlite\core.py", line 63, in _connection_worker_thread
    result = function()
             ^^^^^^^^^^
sqlite3.OperationalError: database is locked
2026-08-07 21:21:49,118 [ERROR] app.processor: Error processing raw event 'viewer'
Traceback (most recent call last):
  File "C:\Users\pacong2\Videos\tiktobs\app\processor.py", line 45, in process_raw_event
    is_new = await database.insert_event(
             ^^^^^^^^^^^^^^^^^^^^^^^^^^^^
  File "C:\Users\pacong2\Videos\tiktobs\app\database.py", line 82, in insert_event
    async with aiosqlite.connect(DB_PATH) as db, db.execute(
                                                 ^^^^^^^^^^^
  File "C:\Users\pacong2\Videos\tiktobs\.venv\Lib\site-packages\aiosqlite\context.py", line 41, in __aenter__
    self._obj = await self._coro
                ^^^^^^^^^^^^^^^^
  File "C:\Users\pacong2\Videos\tiktobs\.venv\Lib\site-packages\aiosqlite\core.py", line 223, in execute
    cursor = await self._execute(self._conn.execute, sql, parameters)
             ^^^^^^^^^^^^^^^^^^^^^^^^^^^^^^^^^^^^^^^^^^^^^^^^^^^^^^^^
  File "C:\Users\pacong2\Videos\tiktobs\.venv\Lib\site-packages\aiosqlite\core.py", line 160, in _execute
    return await future
           ^^^^^^^^^^^^
  File "C:\Users\pacong2\Videos\tiktobs\.venv\Lib\site-packages\aiosqlite\core.py", line 63, in _connection_worker_thread
    result = function()
             ^^^^^^^^^^
sqlite3.OperationalError: database is locked
2026-08-07 21:21:53,862 [ERROR] app.processor: Error processing raw event 'viewer'
Traceback (most recent call last):
  File "C:\Users\pacong2\Videos\tiktobs\app\processor.py", line 45, in process_raw_event
    is_new = await database.insert_event(
             ^^^^^^^^^^^^^^^^^^^^^^^^^^^^
  File "C:\Users\pacong2\Videos\tiktobs\app\database.py", line 82, in insert_event
    async with aiosqlite.connect(DB_PATH) as db, db.execute(
                                                 ^^^^^^^^^^^
  File "C:\Users\pacong2\Videos\tiktobs\.venv\Lib\site-packages\aiosqlite\context.py", line 41, in __aenter__
    self._obj = await self._coro
                ^^^^^^^^^^^^^^^^
  File "C:\Users\pacong2\Videos\tiktobs\.venv\Lib\site-packages\aiosqlite\core.py", line 223, in execute
    cursor = await self._execute(self._conn.execute, sql, parameters)
             ^^^^^^^^^^^^^^^^^^^^^^^^^^^^^^^^^^^^^^^^^^^^^^^^^^^^^^^^
  File "C:\Users\pacong2\Videos\tiktobs\.venv\Lib\site-packages\aiosqlite\core.py", line 160, in _execute
    return await future
           ^^^^^^^^^^^^
  File "C:\Users\pacong2\Videos\tiktobs\.venv\Lib\site-packages\aiosqlite\core.py", line 63, in _connection_worker_thread
    result = function()
             ^^^^^^^^^^
sqlite3.OperationalError: database is locked
2026-08-07 21:21:53,864 [ERROR] app.processor: Error processing raw event 'viewer'
Traceback (most recent call last):
  File "C:\Users\pacong2\Videos\tiktobs\app\processor.py", line 45, in process_raw_event
    is_new = await database.insert_event(
             ^^^^^^^^^^^^^^^^^^^^^^^^^^^^
  File "C:\Users\pacong2\Videos\tiktobs\app\database.py", line 82, in insert_event
    async with aiosqlite.connect(DB_PATH) as db, db.execute(
                                                 ^^^^^^^^^^^
  File "C:\Users\pacong2\Videos\tiktobs\.venv\Lib\site-packages\aiosqlite\context.py", line 41, in __aenter__
    self._obj = await self._coro
                ^^^^^^^^^^^^^^^^
  File "C:\Users\pacong2\Videos\tiktobs\.venv\Lib\site-packages\aiosqlite\core.py", line 223, in execute
    cursor = await self._execute(self._conn.execute, sql, parameters)
             ^^^^^^^^^^^^^^^^^^^^^^^^^^^^^^^^^^^^^^^^^^^^^^^^^^^^^^^^
  File "C:\Users\pacong2\Videos\tiktobs\.venv\Lib\site-packages\aiosqlite\core.py", line 160, in _execute
    return await future
           ^^^^^^^^^^^^
  File "C:\Users\pacong2\Videos\tiktobs\.venv\Lib\site-packages\aiosqlite\core.py", line 63, in _connection_worker_thread
    result = function()
             ^^^^^^^^^^
sqlite3.OperationalError: database is locked
2026-08-07 21:21:53,868 [ERROR] app.processor: Error processing raw event 'viewer'
Traceback (most recent call last):
  File "C:\Users\pacong2\Videos\tiktobs\app\processor.py", line 45, in process_raw_event
    is_new = await database.insert_event(
             ^^^^^^^^^^^^^^^^^^^^^^^^^^^^
  File "C:\Users\pacong2\Videos\tiktobs\app\database.py", line 82, in insert_event
    async with aiosqlite.connect(DB_PATH) as db, db.execute(
                                                 ^^^^^^^^^^^
  File "C:\Users\pacong2\Videos\tiktobs\.venv\Lib\site-packages\aiosqlite\context.py", line 41, in __aenter__
    self._obj = await self._coro
                ^^^^^^^^^^^^^^^^
  File "C:\Users\pacong2\Videos\tiktobs\.venv\Lib\site-packages\aiosqlite\core.py", line 223, in execute
    cursor = await self._execute(self._conn.execute, sql, parameters)
             ^^^^^^^^^^^^^^^^^^^^^^^^^^^^^^^^^^^^^^^^^^^^^^^^^^^^^^^^
  File "C:\Users\pacong2\Videos\tiktobs\.venv\Lib\site-packages\aiosqlite\core.py", line 160, in _execute
    return await future
           ^^^^^^^^^^^^
  File "C:\Users\pacong2\Videos\tiktobs\.venv\Lib\site-packages\aiosqlite\core.py", line 63, in _connection_worker_thread
    result = function()
             ^^^^^^^^^^
sqlite3.OperationalError: database is locked
2026-08-07 21:21:53,877 [ERROR] app.processor: Error processing raw event 'viewer'
Traceback (most recent call last):
  File "C:\Users\pacong2\Videos\tiktobs\app\processor.py", line 45, in process_raw_event
    is_new = await database.insert_event(
             ^^^^^^^^^^^^^^^^^^^^^^^^^^^^
  File "C:\Users\pacong2\Videos\tiktobs\app\database.py", line 82, in insert_event
    async with aiosqlite.connect(DB_PATH) as db, db.execute(
                                                 ^^^^^^^^^^^
  File "C:\Users\pacong2\Videos\tiktobs\.venv\Lib\site-packages\aiosqlite\context.py", line 41, in __aenter__
    self._obj = await self._coro
                ^^^^^^^^^^^^^^^^
  File "C:\Users\pacong2\Videos\tiktobs\.venv\Lib\site-packages\aiosqlite\core.py", line 223, in execute
    cursor = await self._execute(self._conn.execute, sql, parameters)
             ^^^^^^^^^^^^^^^^^^^^^^^^^^^^^^^^^^^^^^^^^^^^^^^^^^^^^^^^
  File "C:\Users\pacong2\Videos\tiktobs\.venv\Lib\site-packages\aiosqlite\core.py", line 160, in _execute
    return await future
           ^^^^^^^^^^^^
  File "C:\Users\pacong2\Videos\tiktobs\.venv\Lib\site-packages\aiosqlite\core.py", line 63, in _connection_worker_thread
    result = function()
             ^^^^^^^^^^
sqlite3.OperationalError: database is locked
2026-08-07 21:21:53,893 [ERROR] app.processor: Error processing raw event 'viewer'
Traceback (most recent call last):
  File "C:\Users\pacong2\Videos\tiktobs\app\processor.py", line 45, in process_raw_event
    is_new = await database.insert_event(
             ^^^^^^^^^^^^^^^^^^^^^^^^^^^^
  File "C:\Users\pacong2\Videos\tiktobs\app\database.py", line 82, in insert_event
    async with aiosqlite.connect(DB_PATH) as db, db.execute(
                                                 ^^^^^^^^^^^
  File "C:\Users\pacong2\Videos\tiktobs\.venv\Lib\site-packages\aiosqlite\context.py", line 41, in __aenter__
    self._obj = await self._coro
                ^^^^^^^^^^^^^^^^
  File "C:\Users\pacong2\Videos\tiktobs\.venv\Lib\site-packages\aiosqlite\core.py", line 223, in execute
    cursor = await self._execute(self._conn.execute, sql, parameters)
             ^^^^^^^^^^^^^^^^^^^^^^^^^^^^^^^^^^^^^^^^^^^^^^^^^^^^^^^^
  File "C:\Users\pacong2\Videos\tiktobs\.venv\Lib\site-packages\aiosqlite\core.py", line 160, in _execute
    return await future
           ^^^^^^^^^^^^
  File "C:\Users\pacong2\Videos\tiktobs\.venv\Lib\site-packages\aiosqlite\core.py", line 63, in _connection_worker_thread
    result = function()
             ^^^^^^^^^^
sqlite3.OperationalError: database is locked
2026-08-07 21:21:53,909 [ERROR] app.processor: Error processing raw event 'viewer'
Traceback (most recent call last):
  File "C:\Users\pacong2\Videos\tiktobs\app\processor.py", line 45, in process_raw_event
    is_new = await database.insert_event(
             ^^^^^^^^^^^^^^^^^^^^^^^^^^^^
  File "C:\Users\pacong2\Videos\tiktobs\app\database.py", line 82, in insert_event
    async with aiosqlite.connect(DB_PATH) as db, db.execute(
                                                 ^^^^^^^^^^^
  File "C:\Users\pacong2\Videos\tiktobs\.venv\Lib\site-packages\aiosqlite\context.py", line 41, in __aenter__
    self._obj = await self._coro
                ^^^^^^^^^^^^^^^^
  File "C:\Users\pacong2\Videos\tiktobs\.venv\Lib\site-packages\aiosqlite\core.py", line 223, in execute
    cursor = await self._execute(self._conn.execute, sql, parameters)
             ^^^^^^^^^^^^^^^^^^^^^^^^^^^^^^^^^^^^^^^^^^^^^^^^^^^^^^^^
  File "C:\Users\pacong2\Videos\tiktobs\.venv\Lib\site-packages\aiosqlite\core.py", line 160, in _execute
    return await future
           ^^^^^^^^^^^^
  File "C:\Users\pacong2\Videos\tiktobs\.venv\Lib\site-packages\aiosqlite\core.py", line 63, in _connection_worker_thread
    result = function()
             ^^^^^^^^^^
sqlite3.OperationalError: database is locked
2026-08-07 21:21:53,923 [ERROR] app.processor: Error processing raw event 'viewer'
Traceback (most recent call last):
  File "C:\Users\pacong2\Videos\tiktobs\app\processor.py", line 45, in process_raw_event
    is_new = await database.insert_event(
             ^^^^^^^^^^^^^^^^^^^^^^^^^^^^
  File "C:\Users\pacong2\Videos\tiktobs\app\database.py", line 82, in insert_event
    async with aiosqlite.connect(DB_PATH) as db, db.execute(
                                                 ^^^^^^^^^^^
  File "C:\Users\pacong2\Videos\tiktobs\.venv\Lib\site-packages\aiosqlite\context.py", line 41, in __aenter__
    self._obj = await self._coro
                ^^^^^^^^^^^^^^^^
  File "C:\Users\pacong2\Videos\tiktobs\.venv\Lib\site-packages\aiosqlite\core.py", line 223, in execute
    cursor = await self._execute(self._conn.execute, sql, parameters)
             ^^^^^^^^^^^^^^^^^^^^^^^^^^^^^^^^^^^^^^^^^^^^^^^^^^^^^^^^
  File "C:\Users\pacong2\Videos\tiktobs\.venv\Lib\site-packages\aiosqlite\core.py", line 160, in _execute
    return await future
           ^^^^^^^^^^^^
  File "C:\Users\pacong2\Videos\tiktobs\.venv\Lib\site-packages\aiosqlite\core.py", line 63, in _connection_worker_thread
    result = function()
             ^^^^^^^^^^
sqlite3.OperationalError: database is locked
2026-08-07 21:21:53,929 [ERROR] app.processor: Error processing raw event 'viewer'
Traceback (most recent call last):
  File "C:\Users\pacong2\Videos\tiktobs\app\processor.py", line 45, in process_raw_event
    is_new = await database.insert_event(
             ^^^^^^^^^^^^^^^^^^^^^^^^^^^^
  File "C:\Users\pacong2\Videos\tiktobs\app\database.py", line 82, in insert_event
    async with aiosqlite.connect(DB_PATH) as db, db.execute(
                                                 ^^^^^^^^^^^
  File "C:\Users\pacong2\Videos\tiktobs\.venv\Lib\site-packages\aiosqlite\context.py", line 41, in __aenter__
    self._obj = await self._coro
                ^^^^^^^^^^^^^^^^
  File "C:\Users\pacong2\Videos\tiktobs\.venv\Lib\site-packages\aiosqlite\core.py", line 223, in execute
    cursor = await self._execute(self._conn.execute, sql, parameters)
             ^^^^^^^^^^^^^^^^^^^^^^^^^^^^^^^^^^^^^^^^^^^^^^^^^^^^^^^^
  File "C:\Users\pacong2\Videos\tiktobs\.venv\Lib\site-packages\aiosqlite\core.py", line 160, in _execute
    return await future
           ^^^^^^^^^^^^
  File "C:\Users\pacong2\Videos\tiktobs\.venv\Lib\site-packages\aiosqlite\core.py", line 63, in _connection_worker_thread
    result = function()
             ^^^^^^^^^^
sqlite3.OperationalError: database is locked
2026-08-07 21:21:53,944 [ERROR] app.processor: Error processing raw event 'viewer'
Traceback (most recent call last):
  File "C:\Users\pacong2\Videos\tiktobs\app\processor.py", line 45, in process_raw_event
    is_new = await database.insert_event(
             ^^^^^^^^^^^^^^^^^^^^^^^^^^^^
  File "C:\Users\pacong2\Videos\tiktobs\app\database.py", line 82, in insert_event
    async with aiosqlite.connect(DB_PATH) as db, db.execute(
                                                 ^^^^^^^^^^^
  File "C:\Users\pacong2\Videos\tiktobs\.venv\Lib\site-packages\aiosqlite\context.py", line 41, in __aenter__
    self._obj = await self._coro
                ^^^^^^^^^^^^^^^^
  File "C:\Users\pacong2\Videos\tiktobs\.venv\Lib\site-packages\aiosqlite\core.py", line 223, in execute
    cursor = await self._execute(self._conn.execute, sql, parameters)
             ^^^^^^^^^^^^^^^^^^^^^^^^^^^^^^^^^^^^^^^^^^^^^^^^^^^^^^^^
  File "C:\Users\pacong2\Videos\tiktobs\.venv\Lib\site-packages\aiosqlite\core.py", line 160, in _execute
    return await future
           ^^^^^^^^^^^^
  File "C:\Users\pacong2\Videos\tiktobs\.venv\Lib\site-packages\aiosqlite\core.py", line 63, in _connection_worker_thread
    result = function()
             ^^^^^^^^^^
sqlite3.OperationalError: database is locked
2026-08-07 21:21:53,961 [ERROR] app.processor: Error processing raw event 'viewer'
Traceback (most recent call last):
  File "C:\Users\pacong2\Videos\tiktobs\app\processor.py", line 45, in process_raw_event
    is_new = await database.insert_event(
             ^^^^^^^^^^^^^^^^^^^^^^^^^^^^
  File "C:\Users\pacong2\Videos\tiktobs\app\database.py", line 82, in insert_event
    async with aiosqlite.connect(DB_PATH) as db, db.execute(
                                                 ^^^^^^^^^^^
  File "C:\Users\pacong2\Videos\tiktobs\.venv\Lib\site-packages\aiosqlite\context.py", line 41, in __aenter__
    self._obj = await self._coro
                ^^^^^^^^^^^^^^^^
  File "C:\Users\pacong2\Videos\tiktobs\.venv\Lib\site-packages\aiosqlite\core.py", line 223, in execute
    cursor = await self._execute(self._conn.execute, sql, parameters)
             ^^^^^^^^^^^^^^^^^^^^^^^^^^^^^^^^^^^^^^^^^^^^^^^^^^^^^^^^
  File "C:\Users\pacong2\Videos\tiktobs\.venv\Lib\site-packages\aiosqlite\core.py", line 160, in _execute
    return await future
           ^^^^^^^^^^^^
  File "C:\Users\pacong2\Videos\tiktobs\.venv\Lib\site-packages\aiosqlite\core.py", line 63, in _connection_worker_thread
    result = function()
             ^^^^^^^^^^
sqlite3.OperationalError: database is locked
2026-08-07 21:21:53,964 [ERROR] app.processor: Error processing raw event 'viewer'
Traceback (most recent call last):
  File "C:\Users\pacong2\Videos\tiktobs\app\processor.py", line 45, in process_raw_event
    is_new = await database.insert_event(
             ^^^^^^^^^^^^^^^^^^^^^^^^^^^^
  File "C:\Users\pacong2\Videos\tiktobs\app\database.py", line 82, in insert_event
    async with aiosqlite.connect(DB_PATH) as db, db.execute(
                                                 ^^^^^^^^^^^
  File "C:\Users\pacong2\Videos\tiktobs\.venv\Lib\site-packages\aiosqlite\context.py", line 41, in __aenter__
    self._obj = await self._coro
                ^^^^^^^^^^^^^^^^
  File "C:\Users\pacong2\Videos\tiktobs\.venv\Lib\site-packages\aiosqlite\core.py", line 223, in execute
    cursor = await self._execute(self._conn.execute, sql, parameters)
             ^^^^^^^^^^^^^^^^^^^^^^^^^^^^^^^^^^^^^^^^^^^^^^^^^^^^^^^^
  File "C:\Users\pacong2\Videos\tiktobs\.venv\Lib\site-packages\aiosqlite\core.py", line 160, in _execute
    return await future
           ^^^^^^^^^^^^
  File "C:\Users\pacong2\Videos\tiktobs\.venv\Lib\site-packages\aiosqlite\core.py", line 63, in _connection_worker_thread
    result = function()
             ^^^^^^^^^^
sqlite3.OperationalError: database is locked
2026-08-07 21:21:53,969 [ERROR] app.processor: Error processing raw event 'viewer'
Traceback (most recent call last):
  File "C:\Users\pacong2\Videos\tiktobs\app\processor.py", line 45, in process_raw_event
    is_new = await database.insert_event(
             ^^^^^^^^^^^^^^^^^^^^^^^^^^^^
  File "C:\Users\pacong2\Videos\tiktobs\app\database.py", line 82, in insert_event
    async with aiosqlite.connect(DB_PATH) as db, db.execute(
                                                 ^^^^^^^^^^^
  File "C:\Users\pacong2\Videos\tiktobs\.venv\Lib\site-packages\aiosqlite\context.py", line 41, in __aenter__
    self._obj = await self._coro
                ^^^^^^^^^^^^^^^^
  File "C:\Users\pacong2\Videos\tiktobs\.venv\Lib\site-packages\aiosqlite\core.py", line 223, in execute
    cursor = await self._execute(self._conn.execute, sql, parameters)
             ^^^^^^^^^^^^^^^^^^^^^^^^^^^^^^^^^^^^^^^^^^^^^^^^^^^^^^^^
  File "C:\Users\pacong2\Videos\tiktobs\.venv\Lib\site-packages\aiosqlite\core.py", line 160, in _execute
    return await future
           ^^^^^^^^^^^^
  File "C:\Users\pacong2\Videos\tiktobs\.venv\Lib\site-packages\aiosqlite\core.py", line 63, in _connection_worker_thread
    result = function()
             ^^^^^^^^^^
sqlite3.OperationalError: database is locked
2026-08-07 21:21:53,978 [ERROR] app.processor: Error processing raw event 'viewer'
Traceback (most recent call last):
  File "C:\Users\pacong2\Videos\tiktobs\app\processor.py", line 45, in process_raw_event
    is_new = await database.insert_event(
             ^^^^^^^^^^^^^^^^^^^^^^^^^^^^
  File "C:\Users\pacong2\Videos\tiktobs\app\database.py", line 82, in insert_event
    async with aiosqlite.connect(DB_PATH) as db, db.execute(
                                                 ^^^^^^^^^^^
  File "C:\Users\pacong2\Videos\tiktobs\.venv\Lib\site-packages\aiosqlite\context.py", line 41, in __aenter__
    self._obj = await self._coro
                ^^^^^^^^^^^^^^^^
  File "C:\Users\pacong2\Videos\tiktobs\.venv\Lib\site-packages\aiosqlite\core.py", line 223, in execute
    cursor = await self._execute(self._conn.execute, sql, parameters)
             ^^^^^^^^^^^^^^^^^^^^^^^^^^^^^^^^^^^^^^^^^^^^^^^^^^^^^^^^
  File "C:\Users\pacong2\Videos\tiktobs\.venv\Lib\site-packages\aiosqlite\core.py", line 160, in _execute
    return await future
           ^^^^^^^^^^^^
  File "C:\Users\pacong2\Videos\tiktobs\.venv\Lib\site-packages\aiosqlite\core.py", line 63, in _connection_worker_thread
    result = function()
             ^^^^^^^^^^
sqlite3.OperationalError: database is locked
2026-08-07 21:21:53,984 [ERROR] app.processor: Error processing raw event 'viewer'
Traceback (most recent call last):
  File "C:\Users\pacong2\Videos\tiktobs\app\processor.py", line 45, in process_raw_event
    is_new = await database.insert_event(
             ^^^^^^^^^^^^^^^^^^^^^^^^^^^^
  File "C:\Users\pacong2\Videos\tiktobs\app\database.py", line 82, in insert_event
    async with aiosqlite.connect(DB_PATH) as db, db.execute(
                                                 ^^^^^^^^^^^
  File "C:\Users\pacong2\Videos\tiktobs\.venv\Lib\site-packages\aiosqlite\context.py", line 41, in __aenter__
    self._obj = await self._coro
                ^^^^^^^^^^^^^^^^
  File "C:\Users\pacong2\Videos\tiktobs\.venv\Lib\site-packages\aiosqlite\core.py", line 223, in execute
    cursor = await self._execute(self._conn.execute, sql, parameters)
             ^^^^^^^^^^^^^^^^^^^^^^^^^^^^^^^^^^^^^^^^^^^^^^^^^^^^^^^^
  File "C:\Users\pacong2\Videos\tiktobs\.venv\Lib\site-packages\aiosqlite\core.py", line 160, in _execute
    return await future
           ^^^^^^^^^^^^
  File "C:\Users\pacong2\Videos\tiktobs\.venv\Lib\site-packages\aiosqlite\core.py", line 63, in _connection_worker_thread
    result = function()
             ^^^^^^^^^^
sqlite3.OperationalError: database is locked
2026-08-07 21:21:53,993 [ERROR] app.processor: Error processing raw event 'viewer'
Traceback (most recent call last):
  File "C:\Users\pacong2\Videos\tiktobs\app\processor.py", line 45, in process_raw_event
    is_new = await database.insert_event(
             ^^^^^^^^^^^^^^^^^^^^^^^^^^^^
  File "C:\Users\pacong2\Videos\tiktobs\app\database.py", line 82, in insert_event
    async with aiosqlite.connect(DB_PATH) as db, db.execute(
                                                 ^^^^^^^^^^^
  File "C:\Users\pacong2\Videos\tiktobs\.venv\Lib\site-packages\aiosqlite\context.py", line 41, in __aenter__
    self._obj = await self._coro
                ^^^^^^^^^^^^^^^^
  File "C:\Users\pacong2\Videos\tiktobs\.venv\Lib\site-packages\aiosqlite\core.py", line 223, in execute
    cursor = await self._execute(self._conn.execute, sql, parameters)
             ^^^^^^^^^^^^^^^^^^^^^^^^^^^^^^^^^^^^^^^^^^^^^^^^^^^^^^^^
  File "C:\Users\pacong2\Videos\tiktobs\.venv\Lib\site-packages\aiosqlite\core.py", line 160, in _execute
    return await future
           ^^^^^^^^^^^^
  File "C:\Users\pacong2\Videos\tiktobs\.venv\Lib\site-packages\aiosqlite\core.py", line 63, in _connection_worker_thread
    result = function()
             ^^^^^^^^^^
sqlite3.OperationalError: database is locked
2026-08-07 21:21:54,000 [ERROR] app.processor: Error processing raw event 'viewer'
Traceback (most recent call last):
  File "C:\Users\pacong2\Videos\tiktobs\app\processor.py", line 45, in process_raw_event
    is_new = await database.insert_event(
             ^^^^^^^^^^^^^^^^^^^^^^^^^^^^
  File "C:\Users\pacong2\Videos\tiktobs\app\database.py", line 82, in insert_event
    async with aiosqlite.connect(DB_PATH) as db, db.execute(
                                                 ^^^^^^^^^^^
  File "C:\Users\pacong2\Videos\tiktobs\.venv\Lib\site-packages\aiosqlite\context.py", line 41, in __aenter__
    self._obj = await self._coro
                ^^^^^^^^^^^^^^^^
  File "C:\Users\pacong2\Videos\tiktobs\.venv\Lib\site-packages\aiosqlite\core.py", line 223, in execute
    cursor = await self._execute(self._conn.execute, sql, parameters)
             ^^^^^^^^^^^^^^^^^^^^^^^^^^^^^^^^^^^^^^^^^^^^^^^^^^^^^^^^
  File "C:\Users\pacong2\Videos\tiktobs\.venv\Lib\site-packages\aiosqlite\core.py", line 160, in _execute
    return await future
           ^^^^^^^^^^^^
  File "C:\Users\pacong2\Videos\tiktobs\.venv\Lib\site-packages\aiosqlite\core.py", line 63, in _connection_worker_thread
    result = function()
             ^^^^^^^^^^
sqlite3.OperationalError: database is locked
2026-08-07 21:21:54,003 [ERROR] app.processor: Error processing raw event 'viewer'
Traceback (most recent call last):
  File "C:\Users\pacong2\Videos\tiktobs\app\processor.py", line 45, in process_raw_event
    is_new = await database.insert_event(
             ^^^^^^^^^^^^^^^^^^^^^^^^^^^^
  File "C:\Users\pacong2\Videos\tiktobs\app\database.py", line 82, in insert_event
    async with aiosqlite.connect(DB_PATH) as db, db.execute(
                                                 ^^^^^^^^^^^
  File "C:\Users\pacong2\Videos\tiktobs\.venv\Lib\site-packages\aiosqlite\context.py", line 41, in __aenter__
    self._obj = await self._coro
                ^^^^^^^^^^^^^^^^
  File "C:\Users\pacong2\Videos\tiktobs\.venv\Lib\site-packages\aiosqlite\core.py", line 223, in execute
    cursor = await self._execute(self._conn.execute, sql, parameters)
             ^^^^^^^^^^^^^^^^^^^^^^^^^^^^^^^^^^^^^^^^^^^^^^^^^^^^^^^^
  File "C:\Users\pacong2\Videos\tiktobs\.venv\Lib\site-packages\aiosqlite\core.py", line 160, in _execute
    return await future
           ^^^^^^^^^^^^
  File "C:\Users\pacong2\Videos\tiktobs\.venv\Lib\site-packages\aiosqlite\core.py", line 63, in _connection_worker_thread
    result = function()
             ^^^^^^^^^^
sqlite3.OperationalError: database is locked
2026-08-07 21:21:54,013 [ERROR] app.processor: Error processing raw event 'viewer'
Traceback (most recent call last):
  File "C:\Users\pacong2\Videos\tiktobs\app\processor.py", line 45, in process_raw_event
    is_new = await database.insert_event(
             ^^^^^^^^^^^^^^^^^^^^^^^^^^^^
  File "C:\Users\pacong2\Videos\tiktobs\app\database.py", line 82, in insert_event
    async with aiosqlite.connect(DB_PATH) as db, db.execute(
                                                 ^^^^^^^^^^^
  File "C:\Users\pacong2\Videos\tiktobs\.venv\Lib\site-packages\aiosqlite\context.py", line 41, in __aenter__
    self._obj = await self._coro
                ^^^^^^^^^^^^^^^^
  File "C:\Users\pacong2\Videos\tiktobs\.venv\Lib\site-packages\aiosqlite\core.py", line 223, in execute
    cursor = await self._execute(self._conn.execute, sql, parameters)
             ^^^^^^^^^^^^^^^^^^^^^^^^^^^^^^^^^^^^^^^^^^^^^^^^^^^^^^^^
  File "C:\Users\pacong2\Videos\tiktobs\.venv\Lib\site-packages\aiosqlite\core.py", line 160, in _execute
    return await future
           ^^^^^^^^^^^^
  File "C:\Users\pacong2\Videos\tiktobs\.venv\Lib\site-packages\aiosqlite\core.py", line 63, in _connection_worker_thread
    result = function()
             ^^^^^^^^^^
sqlite3.OperationalError: database is locked
2026-08-07 21:21:54,051 [ERROR] app.processor: Error processing raw event 'viewer'
Traceback (most recent call last):
  File "C:\Users\pacong2\Videos\tiktobs\app\processor.py", line 45, in process_raw_event
    is_new = await database.insert_event(
             ^^^^^^^^^^^^^^^^^^^^^^^^^^^^
  File "C:\Users\pacong2\Videos\tiktobs\app\database.py", line 82, in insert_event
    async with aiosqlite.connect(DB_PATH) as db, db.execute(
                                                 ^^^^^^^^^^^
  File "C:\Users\pacong2\Videos\tiktobs\.venv\Lib\site-packages\aiosqlite\context.py", line 41, in __aenter__
    self._obj = await self._coro
                ^^^^^^^^^^^^^^^^
  File "C:\Users\pacong2\Videos\tiktobs\.venv\Lib\site-packages\aiosqlite\core.py", line 223, in execute
    cursor = await self._execute(self._conn.execute, sql, parameters)
             ^^^^^^^^^^^^^^^^^^^^^^^^^^^^^^^^^^^^^^^^^^^^^^^^^^^^^^^^
  File "C:\Users\pacong2\Videos\tiktobs\.venv\Lib\site-packages\aiosqlite\core.py", line 160, in _execute
    return await future
           ^^^^^^^^^^^^
  File "C:\Users\pacong2\Videos\tiktobs\.venv\Lib\site-packages\aiosqlite\core.py", line 63, in _connection_worker_thread
    result = function()
             ^^^^^^^^^^
sqlite3.OperationalError: database is locked
2026-08-07 21:21:54,613 [ERROR] app.processor: Error processing raw event 'viewer'
Traceback (most recent call last):
  File "C:\Users\pacong2\Videos\tiktobs\app\processor.py", line 45, in process_raw_event
    is_new = await database.insert_event(
             ^^^^^^^^^^^^^^^^^^^^^^^^^^^^
  File "C:\Users\pacong2\Videos\tiktobs\app\database.py", line 82, in insert_event
    async with aiosqlite.connect(DB_PATH) as db, db.execute(
                                                 ^^^^^^^^^^^
  File "C:\Users\pacong2\Videos\tiktobs\.venv\Lib\site-packages\aiosqlite\context.py", line 41, in __aenter__
    self._obj = await self._coro
                ^^^^^^^^^^^^^^^^
  File "C:\Users\pacong2\Videos\tiktobs\.venv\Lib\site-packages\aiosqlite\core.py", line 223, in execute
    cursor = await self._execute(self._conn.execute, sql, parameters)
             ^^^^^^^^^^^^^^^^^^^^^^^^^^^^^^^^^^^^^^^^^^^^^^^^^^^^^^^^
  File "C:\Users\pacong2\Videos\tiktobs\.venv\Lib\site-packages\aiosqlite\core.py", line 160, in _execute
    return await future
           ^^^^^^^^^^^^
  File "C:\Users\pacong2\Videos\tiktobs\.venv\Lib\site-packages\aiosqlite\core.py", line 63, in _connection_worker_thread
    result = function()
             ^^^^^^^^^^
sqlite3.OperationalError: database is locked
2026-08-07 21:21:54,615 [ERROR] app.processor: Error processing raw event 'viewer'
Traceback (most recent call last):
  File "C:\Users\pacong2\Videos\tiktobs\app\processor.py", line 45, in process_raw_event
    is_new = await database.insert_event(
             ^^^^^^^^^^^^^^^^^^^^^^^^^^^^
  File "C:\Users\pacong2\Videos\tiktobs\app\database.py", line 82, in insert_event
    async with aiosqlite.connect(DB_PATH) as db, db.execute(
                                                 ^^^^^^^^^^^
  File "C:\Users\pacong2\Videos\tiktobs\.venv\Lib\site-packages\aiosqlite\context.py", line 41, in __aenter__
    self._obj = await self._coro
                ^^^^^^^^^^^^^^^^
  File "C:\Users\pacong2\Videos\tiktobs\.venv\Lib\site-packages\aiosqlite\core.py", line 223, in execute
    cursor = await self._execute(self._conn.execute, sql, parameters)
             ^^^^^^^^^^^^^^^^^^^^^^^^^^^^^^^^^^^^^^^^^^^^^^^^^^^^^^^^
  File "C:\Users\pacong2\Videos\tiktobs\.venv\Lib\site-packages\aiosqlite\core.py", line 160, in _execute
    return await future
           ^^^^^^^^^^^^
  File "C:\Users\pacong2\Videos\tiktobs\.venv\Lib\site-packages\aiosqlite\core.py", line 63, in _connection_worker_thread
    result = function()
             ^^^^^^^^^^
sqlite3.OperationalError: database is locked
2026-08-07 21:21:56,993 [ERROR] app.processor: Error processing raw event 'share'
Traceback (most recent call last):
  File "C:\Users\pacong2\Videos\tiktobs\app\processor.py", line 45, in process_raw_event
    is_new = await database.insert_event(
             ^^^^^^^^^^^^^^^^^^^^^^^^^^^^
  File "C:\Users\pacong2\Videos\tiktobs\app\database.py", line 82, in insert_event
    async with aiosqlite.connect(DB_PATH) as db, db.execute(
                                                 ^^^^^^^^^^^
  File "C:\Users\pacong2\Videos\tiktobs\.venv\Lib\site-packages\aiosqlite\context.py", line 41, in __aenter__
    self._obj = await self._coro
                ^^^^^^^^^^^^^^^^
  File "C:\Users\pacong2\Videos\tiktobs\.venv\Lib\site-packages\aiosqlite\core.py", line 223, in execute
    cursor = await self._execute(self._conn.execute, sql, parameters)
             ^^^^^^^^^^^^^^^^^^^^^^^^^^^^^^^^^^^^^^^^^^^^^^^^^^^^^^^^
  File "C:\Users\pacong2\Videos\tiktobs\.venv\Lib\site-packages\aiosqlite\core.py", line 160, in _execute
    return await future
           ^^^^^^^^^^^^
  File "C:\Users\pacong2\Videos\tiktobs\.venv\Lib\site-packages\aiosqlite\core.py", line 63, in _connection_worker_thread
    result = function()
             ^^^^^^^^^^
sqlite3.OperationalError: database is locked
2026-08-07 21:21:57,000 [ERROR] app.processor: Error processing raw event 'viewer'
Traceback (most recent call last):
  File "C:\Users\pacong2\Videos\tiktobs\app\processor.py", line 45, in process_raw_event
    is_new = await database.insert_event(
             ^^^^^^^^^^^^^^^^^^^^^^^^^^^^
  File "C:\Users\pacong2\Videos\tiktobs\app\database.py", line 82, in insert_event
    async with aiosqlite.connect(DB_PATH) as db, db.execute(
                                                 ^^^^^^^^^^^
  File "C:\Users\pacong2\Videos\tiktobs\.venv\Lib\site-packages\aiosqlite\context.py", line 41, in __aenter__
    self._obj = await self._coro
                ^^^^^^^^^^^^^^^^
  File "C:\Users\pacong2\Videos\tiktobs\.venv\Lib\site-packages\aiosqlite\core.py", line 223, in execute
    cursor = await self._execute(self._conn.execute, sql, parameters)
             ^^^^^^^^^^^^^^^^^^^^^^^^^^^^^^^^^^^^^^^^^^^^^^^^^^^^^^^^
  File "C:\Users\pacong2\Videos\tiktobs\.venv\Lib\site-packages\aiosqlite\core.py", line 160, in _execute
    return await future
           ^^^^^^^^^^^^
  File "C:\Users\pacong2\Videos\tiktobs\.venv\Lib\site-packages\aiosqlite\core.py", line 63, in _connection_worker_thread
    result = function()
             ^^^^^^^^^^
sqlite3.OperationalError: database is locked
2026-08-07 21:21:57,009 [ERROR] app.processor: Error processing raw event 'viewer'
Traceback (most recent call last):
  File "C:\Users\pacong2\Videos\tiktobs\app\processor.py", line 45, in process_raw_event
    is_new = await database.insert_event(
             ^^^^^^^^^^^^^^^^^^^^^^^^^^^^
  File "C:\Users\pacong2\Videos\tiktobs\app\database.py", line 82, in insert_event
    async with aiosqlite.connect(DB_PATH) as db, db.execute(
                                                 ^^^^^^^^^^^
  File "C:\Users\pacong2\Videos\tiktobs\.venv\Lib\site-packages\aiosqlite\context.py", line 41, in __aenter__
    self._obj = await self._coro
                ^^^^^^^^^^^^^^^^
  File "C:\Users\pacong2\Videos\tiktobs\.venv\Lib\site-packages\aiosqlite\core.py", line 223, in execute
    cursor = await self._execute(self._conn.execute, sql, parameters)
             ^^^^^^^^^^^^^^^^^^^^^^^^^^^^^^^^^^^^^^^^^^^^^^^^^^^^^^^^
  File "C:\Users\pacong2\Videos\tiktobs\.venv\Lib\site-packages\aiosqlite\core.py", line 160, in _execute
    return await future
           ^^^^^^^^^^^^
  File "C:\Users\pacong2\Videos\tiktobs\.venv\Lib\site-packages\aiosqlite\core.py", line 63, in _connection_worker_thread
    result = function()
             ^^^^^^^^^^
sqlite3.OperationalError: database is locked
2026-08-07 21:21:57,017 [ERROR] app.processor: Error processing raw event 'share'
Traceback (most recent call last):
  File "C:\Users\pacong2\Videos\tiktobs\app\processor.py", line 45, in process_raw_event
    is_new = await database.insert_event(
             ^^^^^^^^^^^^^^^^^^^^^^^^^^^^
  File "C:\Users\pacong2\Videos\tiktobs\app\database.py", line 82, in insert_event
    async with aiosqlite.connect(DB_PATH) as db, db.execute(
                                                 ^^^^^^^^^^^
  File "C:\Users\pacong2\Videos\tiktobs\.venv\Lib\site-packages\aiosqlite\context.py", line 41, in __aenter__
    self._obj = await self._coro
                ^^^^^^^^^^^^^^^^
  File "C:\Users\pacong2\Videos\tiktobs\.venv\Lib\site-packages\aiosqlite\core.py", line 223, in execute
    cursor = await self._execute(self._conn.execute, sql, parameters)
             ^^^^^^^^^^^^^^^^^^^^^^^^^^^^^^^^^^^^^^^^^^^^^^^^^^^^^^^^
  File "C:\Users\pacong2\Videos\tiktobs\.venv\Lib\site-packages\aiosqlite\core.py", line 160, in _execute
    return await future
           ^^^^^^^^^^^^
  File "C:\Users\pacong2\Videos\tiktobs\.venv\Lib\site-packages\aiosqlite\core.py", line 63, in _connection_worker_thread
    result = function()
             ^^^^^^^^^^
sqlite3.OperationalError: database is locked
2026-08-07 21:21:57,027 [ERROR] app.processor: Error processing raw event 'share'
Traceback (most recent call last):
  File "C:\Users\pacong2\Videos\tiktobs\app\processor.py", line 45, in process_raw_event
    is_new = await database.insert_event(
             ^^^^^^^^^^^^^^^^^^^^^^^^^^^^
  File "C:\Users\pacong2\Videos\tiktobs\app\database.py", line 82, in insert_event
    async with aiosqlite.connect(DB_PATH) as db, db.execute(
                                                 ^^^^^^^^^^^
  File "C:\Users\pacong2\Videos\tiktobs\.venv\Lib\site-packages\aiosqlite\context.py", line 41, in __aenter__
    self._obj = await self._coro
                ^^^^^^^^^^^^^^^^
  File "C:\Users\pacong2\Videos\tiktobs\.venv\Lib\site-packages\aiosqlite\core.py", line 223, in execute
    cursor = await self._execute(self._conn.execute, sql, parameters)
             ^^^^^^^^^^^^^^^^^^^^^^^^^^^^^^^^^^^^^^^^^^^^^^^^^^^^^^^^
  File "C:\Users\pacong2\Videos\tiktobs\.venv\Lib\site-packages\aiosqlite\core.py", line 160, in _execute
    return await future
           ^^^^^^^^^^^^
  File "C:\Users\pacong2\Videos\tiktobs\.venv\Lib\site-packages\aiosqlite\core.py", line 63, in _connection_worker_thread
    result = function()
             ^^^^^^^^^^
sqlite3.OperationalError: database is locked
2026-08-07 21:21:57,033 [ERROR] app.processor: Error processing raw event 'viewer'
Traceback (most recent call last):
  File "C:\Users\pacong2\Videos\tiktobs\app\processor.py", line 45, in process_raw_event
    is_new = await database.insert_event(
             ^^^^^^^^^^^^^^^^^^^^^^^^^^^^
  File "C:\Users\pacong2\Videos\tiktobs\app\database.py", line 82, in insert_event
    async with aiosqlite.connect(DB_PATH) as db, db.execute(
                                                 ^^^^^^^^^^^
  File "C:\Users\pacong2\Videos\tiktobs\.venv\Lib\site-packages\aiosqlite\context.py", line 41, in __aenter__
    self._obj = await self._coro
                ^^^^^^^^^^^^^^^^
  File "C:\Users\pacong2\Videos\tiktobs\.venv\Lib\site-packages\aiosqlite\core.py", line 223, in execute
    cursor = await self._execute(self._conn.execute, sql, parameters)
             ^^^^^^^^^^^^^^^^^^^^^^^^^^^^^^^^^^^^^^^^^^^^^^^^^^^^^^^^
  File "C:\Users\pacong2\Videos\tiktobs\.venv\Lib\site-packages\aiosqlite\core.py", line 160, in _execute
    return await future
           ^^^^^^^^^^^^
  File "C:\Users\pacong2\Videos\tiktobs\.venv\Lib\site-packages\aiosqlite\core.py", line 63, in _connection_worker_thread
    result = function()
             ^^^^^^^^^^
sqlite3.OperationalError: database is locked
2026-08-07 21:21:57,043 [ERROR] app.processor: Error processing raw event 'viewer'
Traceback (most recent call last):
  File "C:\Users\pacong2\Videos\tiktobs\app\processor.py", line 45, in process_raw_event
    is_new = await database.insert_event(
             ^^^^^^^^^^^^^^^^^^^^^^^^^^^^
  File "C:\Users\pacong2\Videos\tiktobs\app\database.py", line 82, in insert_event
    async with aiosqlite.connect(DB_PATH) as db, db.execute(
                                                 ^^^^^^^^^^^
  File "C:\Users\pacong2\Videos\tiktobs\.venv\Lib\site-packages\aiosqlite\context.py", line 41, in __aenter__
    self._obj = await self._coro
                ^^^^^^^^^^^^^^^^
  File "C:\Users\pacong2\Videos\tiktobs\.venv\Lib\site-packages\aiosqlite\core.py", line 223, in execute
    cursor = await self._execute(self._conn.execute, sql, parameters)
             ^^^^^^^^^^^^^^^^^^^^^^^^^^^^^^^^^^^^^^^^^^^^^^^^^^^^^^^^
  File "C:\Users\pacong2\Videos\tiktobs\.venv\Lib\site-packages\aiosqlite\core.py", line 160, in _execute
    return await future
           ^^^^^^^^^^^^
  File "C:\Users\pacong2\Videos\tiktobs\.venv\Lib\site-packages\aiosqlite\core.py", line 63, in _connection_worker_thread
    result = function()
             ^^^^^^^^^^
sqlite3.OperationalError: database is locked
2026-08-07 21:21:57,051 [ERROR] app.processor: Error processing raw event 'viewer'
Traceback (most recent call last):
  File "C:\Users\pacong2\Videos\tiktobs\app\processor.py", line 45, in process_raw_event
    is_new = await database.insert_event(
             ^^^^^^^^^^^^^^^^^^^^^^^^^^^^
  File "C:\Users\pacong2\Videos\tiktobs\app\database.py", line 82, in insert_event
    async with aiosqlite.connect(DB_PATH) as db, db.execute(
                                                 ^^^^^^^^^^^
  File "C:\Users\pacong2\Videos\tiktobs\.venv\Lib\site-packages\aiosqlite\context.py", line 41, in __aenter__
    self._obj = await self._coro
                ^^^^^^^^^^^^^^^^
  File "C:\Users\pacong2\Videos\tiktobs\.venv\Lib\site-packages\aiosqlite\core.py", line 223, in execute
    cursor = await self._execute(self._conn.execute, sql, parameters)
             ^^^^^^^^^^^^^^^^^^^^^^^^^^^^^^^^^^^^^^^^^^^^^^^^^^^^^^^^
  File "C:\Users\pacong2\Videos\tiktobs\.venv\Lib\site-packages\aiosqlite\core.py", line 160, in _execute
    return await future
           ^^^^^^^^^^^^
  File "C:\Users\pacong2\Videos\tiktobs\.venv\Lib\site-packages\aiosqlite\core.py", line 63, in _connection_worker_thread
    result = function()
             ^^^^^^^^^^
sqlite3.OperationalError: database is locked
2026-08-07 21:21:57,063 [ERROR] app.processor: Error processing raw event 'viewer'
Traceback (most recent call last):
  File "C:\Users\pacong2\Videos\tiktobs\app\processor.py", line 45, in process_raw_event
    is_new = await database.insert_event(
             ^^^^^^^^^^^^^^^^^^^^^^^^^^^^
  File "C:\Users\pacong2\Videos\tiktobs\app\database.py", line 82, in insert_event
    async with aiosqlite.connect(DB_PATH) as db, db.execute(
                                                 ^^^^^^^^^^^
  File "C:\Users\pacong2\Videos\tiktobs\.venv\Lib\site-packages\aiosqlite\context.py", line 41, in __aenter__
    self._obj = await self._coro
                ^^^^^^^^^^^^^^^^
  File "C:\Users\pacong2\Videos\tiktobs\.venv\Lib\site-packages\aiosqlite\core.py", line 223, in execute
    cursor = await self._execute(self._conn.execute, sql, parameters)
             ^^^^^^^^^^^^^^^^^^^^^^^^^^^^^^^^^^^^^^^^^^^^^^^^^^^^^^^^
  File "C:\Users\pacong2\Videos\tiktobs\.venv\Lib\site-packages\aiosqlite\core.py", line 160, in _execute
    return await future
           ^^^^^^^^^^^^
  File "C:\Users\pacong2\Videos\tiktobs\.venv\Lib\site-packages\aiosqlite\core.py", line 63, in _connection_worker_thread
    result = function()
             ^^^^^^^^^^
sqlite3.OperationalError: database is locked
2026-08-07 21:21:57,070 [ERROR] app.processor: Error processing raw event 'viewer'
Traceback (most recent call last):
  File "C:\Users\pacong2\Videos\tiktobs\app\processor.py", line 45, in process_raw_event
    is_new = await database.insert_event(
             ^^^^^^^^^^^^^^^^^^^^^^^^^^^^
  File "C:\Users\pacong2\Videos\tiktobs\app\database.py", line 82, in insert_event
    async with aiosqlite.connect(DB_PATH) as db, db.execute(
                                                 ^^^^^^^^^^^
  File "C:\Users\pacong2\Videos\tiktobs\.venv\Lib\site-packages\aiosqlite\context.py", line 41, in __aenter__
    self._obj = await self._coro
                ^^^^^^^^^^^^^^^^
  File "C:\Users\pacong2\Videos\tiktobs\.venv\Lib\site-packages\aiosqlite\core.py", line 223, in execute
    cursor = await self._execute(self._conn.execute, sql, parameters)
             ^^^^^^^^^^^^^^^^^^^^^^^^^^^^^^^^^^^^^^^^^^^^^^^^^^^^^^^^
  File "C:\Users\pacong2\Videos\tiktobs\.venv\Lib\site-packages\aiosqlite\core.py", line 160, in _execute
    return await future
           ^^^^^^^^^^^^
  File "C:\Users\pacong2\Videos\tiktobs\.venv\Lib\site-packages\aiosqlite\core.py", line 63, in _connection_worker_thread
    result = function()
             ^^^^^^^^^^
sqlite3.OperationalError: database is locked
2026-08-07 21:21:57,078 [ERROR] app.processor: Error processing raw event 'share'
Traceback (most recent call last):
  File "C:\Users\pacong2\Videos\tiktobs\app\processor.py", line 45, in process_raw_event
    is_new = await database.insert_event(
             ^^^^^^^^^^^^^^^^^^^^^^^^^^^^
  File "C:\Users\pacong2\Videos\tiktobs\app\database.py", line 82, in insert_event
    async with aiosqlite.connect(DB_PATH) as db, db.execute(
                                                 ^^^^^^^^^^^
  File "C:\Users\pacong2\Videos\tiktobs\.venv\Lib\site-packages\aiosqlite\context.py", line 41, in __aenter__
    self._obj = await self._coro
                ^^^^^^^^^^^^^^^^
  File "C:\Users\pacong2\Videos\tiktobs\.venv\Lib\site-packages\aiosqlite\core.py", line 223, in execute
    cursor = await self._execute(self._conn.execute, sql, parameters)
             ^^^^^^^^^^^^^^^^^^^^^^^^^^^^^^^^^^^^^^^^^^^^^^^^^^^^^^^^
  File "C:\Users\pacong2\Videos\tiktobs\.venv\Lib\site-packages\aiosqlite\core.py", line 160, in _execute
    return await future
           ^^^^^^^^^^^^
  File "C:\Users\pacong2\Videos\tiktobs\.venv\Lib\site-packages\aiosqlite\core.py", line 63, in _connection_worker_thread
    result = function()
             ^^^^^^^^^^
sqlite3.OperationalError: database is locked
2026-08-07 21:21:57,082 [ERROR] app.processor: Error processing raw event 'viewer'
Traceback (most recent call last):
  File "C:\Users\pacong2\Videos\tiktobs\app\processor.py", line 45, in process_raw_event
    is_new = await database.insert_event(
             ^^^^^^^^^^^^^^^^^^^^^^^^^^^^
  File "C:\Users\pacong2\Videos\tiktobs\app\database.py", line 82, in insert_event
    async with aiosqlite.connect(DB_PATH) as db, db.execute(
                                                 ^^^^^^^^^^^
  File "C:\Users\pacong2\Videos\tiktobs\.venv\Lib\site-packages\aiosqlite\context.py", line 41, in __aenter__
    self._obj = await self._coro
                ^^^^^^^^^^^^^^^^
  File "C:\Users\pacong2\Videos\tiktobs\.venv\Lib\site-packages\aiosqlite\core.py", line 223, in execute
    cursor = await self._execute(self._conn.execute, sql, parameters)
             ^^^^^^^^^^^^^^^^^^^^^^^^^^^^^^^^^^^^^^^^^^^^^^^^^^^^^^^^
  File "C:\Users\pacong2\Videos\tiktobs\.venv\Lib\site-packages\aiosqlite\core.py", line 160, in _execute
    return await future
           ^^^^^^^^^^^^
  File "C:\Users\pacong2\Videos\tiktobs\.venv\Lib\site-packages\aiosqlite\core.py", line 63, in _connection_worker_thread
    result = function()
             ^^^^^^^^^^
sqlite3.OperationalError: database is locked
2026-08-07 21:21:57,089 [ERROR] app.processor: Error processing raw event 'viewer'
Traceback (most recent call last):
  File "C:\Users\pacong2\Videos\tiktobs\app\processor.py", line 45, in process_raw_event
    is_new = await database.insert_event(
             ^^^^^^^^^^^^^^^^^^^^^^^^^^^^
  File "C:\Users\pacong2\Videos\tiktobs\app\database.py", line 82, in insert_event
    async with aiosqlite.connect(DB_PATH) as db, db.execute(
                                                 ^^^^^^^^^^^
  File "C:\Users\pacong2\Videos\tiktobs\.venv\Lib\site-packages\aiosqlite\context.py", line 41, in __aenter__
    self._obj = await self._coro
                ^^^^^^^^^^^^^^^^
  File "C:\Users\pacong2\Videos\tiktobs\.venv\Lib\site-packages\aiosqlite\core.py", line 223, in execute
    cursor = await self._execute(self._conn.execute, sql, parameters)
             ^^^^^^^^^^^^^^^^^^^^^^^^^^^^^^^^^^^^^^^^^^^^^^^^^^^^^^^^
  File "C:\Users\pacong2\Videos\tiktobs\.venv\Lib\site-packages\aiosqlite\core.py", line 160, in _execute
    return await future
           ^^^^^^^^^^^^
  File "C:\Users\pacong2\Videos\tiktobs\.venv\Lib\site-packages\aiosqlite\core.py", line 63, in _connection_worker_thread
    result = function()
             ^^^^^^^^^^
sqlite3.OperationalError: database is locked
2026-08-07 21:21:57,101 [ERROR] app.processor: Error processing raw event 'viewer'
Traceback (most recent call last):
  File "C:\Users\pacong2\Videos\tiktobs\app\processor.py", line 45, in process_raw_event
    is_new = await database.insert_event(
             ^^^^^^^^^^^^^^^^^^^^^^^^^^^^
  File "C:\Users\pacong2\Videos\tiktobs\app\database.py", line 82, in insert_event
    async with aiosqlite.connect(DB_PATH) as db, db.execute(
                                                 ^^^^^^^^^^^
  File "C:\Users\pacong2\Videos\tiktobs\.venv\Lib\site-packages\aiosqlite\context.py", line 41, in __aenter__
    self._obj = await self._coro
                ^^^^^^^^^^^^^^^^
  File "C:\Users\pacong2\Videos\tiktobs\.venv\Lib\site-packages\aiosqlite\core.py", line 223, in execute
    cursor = await self._execute(self._conn.execute, sql, parameters)
             ^^^^^^^^^^^^^^^^^^^^^^^^^^^^^^^^^^^^^^^^^^^^^^^^^^^^^^^^
  File "C:\Users\pacong2\Videos\tiktobs\.venv\Lib\site-packages\aiosqlite\core.py", line 160, in _execute
    return await future
           ^^^^^^^^^^^^
  File "C:\Users\pacong2\Videos\tiktobs\.venv\Lib\site-packages\aiosqlite\core.py", line 63, in _connection_worker_thread
    result = function()
             ^^^^^^^^^^
sqlite3.OperationalError: database is locked
2026-08-07 21:21:57,120 [ERROR] app.processor: Error processing raw event 'viewer'
Traceback (most recent call last):
  File "C:\Users\pacong2\Videos\tiktobs\app\processor.py", line 45, in process_raw_event
    is_new = await database.insert_event(
             ^^^^^^^^^^^^^^^^^^^^^^^^^^^^
  File "C:\Users\pacong2\Videos\tiktobs\app\database.py", line 82, in insert_event
    async with aiosqlite.connect(DB_PATH) as db, db.execute(
                                                 ^^^^^^^^^^^
  File "C:\Users\pacong2\Videos\tiktobs\.venv\Lib\site-packages\aiosqlite\context.py", line 41, in __aenter__
    self._obj = await self._coro
                ^^^^^^^^^^^^^^^^
  File "C:\Users\pacong2\Videos\tiktobs\.venv\Lib\site-packages\aiosqlite\core.py", line 223, in execute
    cursor = await self._execute(self._conn.execute, sql, parameters)
             ^^^^^^^^^^^^^^^^^^^^^^^^^^^^^^^^^^^^^^^^^^^^^^^^^^^^^^^^
  File "C:\Users\pacong2\Videos\tiktobs\.venv\Lib\site-packages\aiosqlite\core.py", line 160, in _execute
    return await future
           ^^^^^^^^^^^^
  File "C:\Users\pacong2\Videos\tiktobs\.venv\Lib\site-packages\aiosqlite\core.py", line 63, in _connection_worker_thread
    result = function()
             ^^^^^^^^^^
sqlite3.OperationalError: database is locked
2026-08-07 21:21:57,126 [ERROR] app.processor: Error processing raw event 'viewer'
Traceback (most recent call last):
  File "C:\Users\pacong2\Videos\tiktobs\app\processor.py", line 45, in process_raw_event
    is_new = await database.insert_event(
             ^^^^^^^^^^^^^^^^^^^^^^^^^^^^
  File "C:\Users\pacong2\Videos\tiktobs\app\database.py", line 82, in insert_event
    async with aiosqlite.connect(DB_PATH) as db, db.execute(
                                                 ^^^^^^^^^^^
  File "C:\Users\pacong2\Videos\tiktobs\.venv\Lib\site-packages\aiosqlite\context.py", line 41, in __aenter__
    self._obj = await self._coro
                ^^^^^^^^^^^^^^^^
  File "C:\Users\pacong2\Videos\tiktobs\.venv\Lib\site-packages\aiosqlite\core.py", line 223, in execute
    cursor = await self._execute(self._conn.execute, sql, parameters)
             ^^^^^^^^^^^^^^^^^^^^^^^^^^^^^^^^^^^^^^^^^^^^^^^^^^^^^^^^
  File "C:\Users\pacong2\Videos\tiktobs\.venv\Lib\site-packages\aiosqlite\core.py", line 160, in _execute
    return await future
           ^^^^^^^^^^^^
  File "C:\Users\pacong2\Videos\tiktobs\.venv\Lib\site-packages\aiosqlite\core.py", line 63, in _connection_worker_thread
    result = function()
             ^^^^^^^^^^
sqlite3.OperationalError: database is locked
2026-08-07 21:21:57,138 [ERROR] app.processor: Error processing raw event 'share'
Traceback (most recent call last):
  File "C:\Users\pacong2\Videos\tiktobs\app\processor.py", line 45, in process_raw_event
    is_new = await database.insert_event(
             ^^^^^^^^^^^^^^^^^^^^^^^^^^^^
  File "C:\Users\pacong2\Videos\tiktobs\app\database.py", line 82, in insert_event
    async with aiosqlite.connect(DB_PATH) as db, db.execute(
                                                 ^^^^^^^^^^^
  File "C:\Users\pacong2\Videos\tiktobs\.venv\Lib\site-packages\aiosqlite\context.py", line 41, in __aenter__
    self._obj = await self._coro
                ^^^^^^^^^^^^^^^^
  File "C:\Users\pacong2\Videos\tiktobs\.venv\Lib\site-packages\aiosqlite\core.py", line 223, in execute
    cursor = await self._execute(self._conn.execute, sql, parameters)
             ^^^^^^^^^^^^^^^^^^^^^^^^^^^^^^^^^^^^^^^^^^^^^^^^^^^^^^^^
  File "C:\Users\pacong2\Videos\tiktobs\.venv\Lib\site-packages\aiosqlite\core.py", line 160, in _execute
    return await future
           ^^^^^^^^^^^^
  File "C:\Users\pacong2\Videos\tiktobs\.venv\Lib\site-packages\aiosqlite\core.py", line 63, in _connection_worker_thread
    result = function()
             ^^^^^^^^^^
sqlite3.OperationalError: database is locked
2026-08-07 21:21:57,151 [ERROR] app.processor: Error processing raw event 'viewer'
Traceback (most recent call last):
  File "C:\Users\pacong2\Videos\tiktobs\app\processor.py", line 45, in process_raw_event
    is_new = await database.insert_event(
             ^^^^^^^^^^^^^^^^^^^^^^^^^^^^
  File "C:\Users\pacong2\Videos\tiktobs\app\database.py", line 82, in insert_event
    async with aiosqlite.connect(DB_PATH) as db, db.execute(
                                                 ^^^^^^^^^^^
  File "C:\Users\pacong2\Videos\tiktobs\.venv\Lib\site-packages\aiosqlite\context.py", line 41, in __aenter__
    self._obj = await self._coro
                ^^^^^^^^^^^^^^^^
  File "C:\Users\pacong2\Videos\tiktobs\.venv\Lib\site-packages\aiosqlite\core.py", line 223, in execute
    cursor = await self._execute(self._conn.execute, sql, parameters)
             ^^^^^^^^^^^^^^^^^^^^^^^^^^^^^^^^^^^^^^^^^^^^^^^^^^^^^^^^
  File "C:\Users\pacong2\Videos\tiktobs\.venv\Lib\site-packages\aiosqlite\core.py", line 160, in _execute
    return await future
           ^^^^^^^^^^^^
  File "C:\Users\pacong2\Videos\tiktobs\.venv\Lib\site-packages\aiosqlite\core.py", line 63, in _connection_worker_thread
    result = function()
             ^^^^^^^^^^
sqlite3.OperationalError: database is locked
2026-08-07 21:21:57,164 [ERROR] app.processor: Error processing raw event 'viewer'
Traceback (most recent call last):
  File "C:\Users\pacong2\Videos\tiktobs\app\processor.py", line 45, in process_raw_event
    is_new = await database.insert_event(
             ^^^^^^^^^^^^^^^^^^^^^^^^^^^^
  File "C:\Users\pacong2\Videos\tiktobs\app\database.py", line 82, in insert_event
    async with aiosqlite.connect(DB_PATH) as db, db.execute(
                                                 ^^^^^^^^^^^
  File "C:\Users\pacong2\Videos\tiktobs\.venv\Lib\site-packages\aiosqlite\context.py", line 41, in __aenter__
    self._obj = await self._coro
                ^^^^^^^^^^^^^^^^
  File "C:\Users\pacong2\Videos\tiktobs\.venv\Lib\site-packages\aiosqlite\core.py", line 223, in execute
    cursor = await self._execute(self._conn.execute, sql, parameters)
             ^^^^^^^^^^^^^^^^^^^^^^^^^^^^^^^^^^^^^^^^^^^^^^^^^^^^^^^^
  File "C:\Users\pacong2\Videos\tiktobs\.venv\Lib\site-packages\aiosqlite\core.py", line 160, in _execute
    return await future
           ^^^^^^^^^^^^
  File "C:\Users\pacong2\Videos\tiktobs\.venv\Lib\site-packages\aiosqlite\core.py", line 63, in _connection_worker_thread
    result = function()
             ^^^^^^^^^^
sqlite3.OperationalError: database is locked
2026-08-07 21:21:57,177 [ERROR] app.processor: Error processing raw event 'viewer'
Traceback (most recent call last):
  File "C:\Users\pacong2\Videos\tiktobs\app\processor.py", line 45, in process_raw_event
    is_new = await database.insert_event(
             ^^^^^^^^^^^^^^^^^^^^^^^^^^^^
  File "C:\Users\pacong2\Videos\tiktobs\app\database.py", line 82, in insert_event
    async with aiosqlite.connect(DB_PATH) as db, db.execute(
                                                 ^^^^^^^^^^^
  File "C:\Users\pacong2\Videos\tiktobs\.venv\Lib\site-packages\aiosqlite\context.py", line 41, in __aenter__
    self._obj = await self._coro
                ^^^^^^^^^^^^^^^^
  File "C:\Users\pacong2\Videos\tiktobs\.venv\Lib\site-packages\aiosqlite\core.py", line 223, in execute
    cursor = await self._execute(self._conn.execute, sql, parameters)
             ^^^^^^^^^^^^^^^^^^^^^^^^^^^^^^^^^^^^^^^^^^^^^^^^^^^^^^^^
  File "C:\Users\pacong2\Videos\tiktobs\.venv\Lib\site-packages\aiosqlite\core.py", line 160, in _execute
    return await future
           ^^^^^^^^^^^^
  File "C:\Users\pacong2\Videos\tiktobs\.venv\Lib\site-packages\aiosqlite\core.py", line 63, in _connection_worker_thread
    result = function()
             ^^^^^^^^^^
sqlite3.OperationalError: database is locked
2026-08-07 21:21:57,182 [ERROR] app.processor: Error processing raw event 'viewer'
Traceback (most recent call last):
  File "C:\Users\pacong2\Videos\tiktobs\app\processor.py", line 45, in process_raw_event
    is_new = await database.insert_event(
             ^^^^^^^^^^^^^^^^^^^^^^^^^^^^
  File "C:\Users\pacong2\Videos\tiktobs\app\database.py", line 82, in insert_event
    async with aiosqlite.connect(DB_PATH) as db, db.execute(
                                                 ^^^^^^^^^^^
  File "C:\Users\pacong2\Videos\tiktobs\.venv\Lib\site-packages\aiosqlite\context.py", line 41, in __aenter__
    self._obj = await self._coro
                ^^^^^^^^^^^^^^^^
  File "C:\Users\pacong2\Videos\tiktobs\.venv\Lib\site-packages\aiosqlite\core.py", line 223, in execute
    cursor = await self._execute(self._conn.execute, sql, parameters)
             ^^^^^^^^^^^^^^^^^^^^^^^^^^^^^^^^^^^^^^^^^^^^^^^^^^^^^^^^
  File "C:\Users\pacong2\Videos\tiktobs\.venv\Lib\site-packages\aiosqlite\core.py", line 160, in _execute
    return await future
           ^^^^^^^^^^^^
  File "C:\Users\pacong2\Videos\tiktobs\.venv\Lib\site-packages\aiosqlite\core.py", line 63, in _connection_worker_thread
    result = function()
             ^^^^^^^^^^
sqlite3.OperationalError: database is locked
2026-08-07 21:21:57,193 [ERROR] app.processor: Error processing raw event 'viewer'
Traceback (most recent call last):
  File "C:\Users\pacong2\Videos\tiktobs\app\processor.py", line 45, in process_raw_event
    is_new = await database.insert_event(
             ^^^^^^^^^^^^^^^^^^^^^^^^^^^^
  File "C:\Users\pacong2\Videos\tiktobs\app\database.py", line 82, in insert_event
    async with aiosqlite.connect(DB_PATH) as db, db.execute(
                                                 ^^^^^^^^^^^
  File "C:\Users\pacong2\Videos\tiktobs\.venv\Lib\site-packages\aiosqlite\context.py", line 41, in __aenter__
    self._obj = await self._coro
                ^^^^^^^^^^^^^^^^
  File "C:\Users\pacong2\Videos\tiktobs\.venv\Lib\site-packages\aiosqlite\core.py", line 223, in execute
    cursor = await self._execute(self._conn.execute, sql, parameters)
             ^^^^^^^^^^^^^^^^^^^^^^^^^^^^^^^^^^^^^^^^^^^^^^^^^^^^^^^^
  File "C:\Users\pacong2\Videos\tiktobs\.venv\Lib\site-packages\aiosqlite\core.py", line 160, in _execute
    return await future
           ^^^^^^^^^^^^
  File "C:\Users\pacong2\Videos\tiktobs\.venv\Lib\site-packages\aiosqlite\core.py", line 63, in _connection_worker_thread
    result = function()
             ^^^^^^^^^^
sqlite3.OperationalError: database is locked
2026-08-07 21:21:57,212 [ERROR] app.processor: Error processing raw event 'viewer'
Traceback (most recent call last):
  File "C:\Users\pacong2\Videos\tiktobs\app\processor.py", line 45, in process_raw_event
    is_new = await database.insert_event(
             ^^^^^^^^^^^^^^^^^^^^^^^^^^^^
  File "C:\Users\pacong2\Videos\tiktobs\app\database.py", line 82, in insert_event
    async with aiosqlite.connect(DB_PATH) as db, db.execute(
                                                 ^^^^^^^^^^^
  File "C:\Users\pacong2\Videos\tiktobs\.venv\Lib\site-packages\aiosqlite\context.py", line 41, in __aenter__
    self._obj = await self._coro
                ^^^^^^^^^^^^^^^^
  File "C:\Users\pacong2\Videos\tiktobs\.venv\Lib\site-packages\aiosqlite\core.py", line 223, in execute
    cursor = await self._execute(self._conn.execute, sql, parameters)
             ^^^^^^^^^^^^^^^^^^^^^^^^^^^^^^^^^^^^^^^^^^^^^^^^^^^^^^^^
  File "C:\Users\pacong2\Videos\tiktobs\.venv\Lib\site-packages\aiosqlite\core.py", line 160, in _execute
    return await future
           ^^^^^^^^^^^^
  File "C:\Users\pacong2\Videos\tiktobs\.venv\Lib\site-packages\aiosqlite\core.py", line 63, in _connection_worker_thread
    result = function()
             ^^^^^^^^^^
sqlite3.OperationalError: database is locked
2026-08-07 21:21:57,219 [ERROR] app.processor: Error processing raw event 'viewer'
Traceback (most recent call last):
  File "C:\Users\pacong2\Videos\tiktobs\app\processor.py", line 45, in process_raw_event
    is_new = await database.insert_event(
             ^^^^^^^^^^^^^^^^^^^^^^^^^^^^
  File "C:\Users\pacong2\Videos\tiktobs\app\database.py", line 82, in insert_event
    async with aiosqlite.connect(DB_PATH) as db, db.execute(
                                                 ^^^^^^^^^^^
  File "C:\Users\pacong2\Videos\tiktobs\.venv\Lib\site-packages\aiosqlite\context.py", line 41, in __aenter__
    self._obj = await self._coro
                ^^^^^^^^^^^^^^^^
  File "C:\Users\pacong2\Videos\tiktobs\.venv\Lib\site-packages\aiosqlite\core.py", line 223, in execute
    cursor = await self._execute(self._conn.execute, sql, parameters)
             ^^^^^^^^^^^^^^^^^^^^^^^^^^^^^^^^^^^^^^^^^^^^^^^^^^^^^^^^
  File "C:\Users\pacong2\Videos\tiktobs\.venv\Lib\site-packages\aiosqlite\core.py", line 160, in _execute
    return await future
           ^^^^^^^^^^^^
  File "C:\Users\pacong2\Videos\tiktobs\.venv\Lib\site-packages\aiosqlite\core.py", line 63, in _connection_worker_thread
    result = function()
             ^^^^^^^^^^
sqlite3.OperationalError: database is locked
2026-08-07 21:21:57,236 [ERROR] app.processor: Error processing raw event 'viewer'
Traceback (most recent call last):
  File "C:\Users\pacong2\Videos\tiktobs\app\processor.py", line 45, in process_raw_event
    is_new = await database.insert_event(
             ^^^^^^^^^^^^^^^^^^^^^^^^^^^^
  File "C:\Users\pacong2\Videos\tiktobs\app\database.py", line 82, in insert_event
    async with aiosqlite.connect(DB_PATH) as db, db.execute(
                                                 ^^^^^^^^^^^
  File "C:\Users\pacong2\Videos\tiktobs\.venv\Lib\site-packages\aiosqlite\context.py", line 41, in __aenter__
    self._obj = await self._coro
                ^^^^^^^^^^^^^^^^
  File "C:\Users\pacong2\Videos\tiktobs\.venv\Lib\site-packages\aiosqlite\core.py", line 223, in execute
    cursor = await self._execute(self._conn.execute, sql, parameters)
             ^^^^^^^^^^^^^^^^^^^^^^^^^^^^^^^^^^^^^^^^^^^^^^^^^^^^^^^^
  File "C:\Users\pacong2\Videos\tiktobs\.venv\Lib\site-packages\aiosqlite\core.py", line 160, in _execute
    return await future
           ^^^^^^^^^^^^
  File "C:\Users\pacong2\Videos\tiktobs\.venv\Lib\site-packages\aiosqlite\core.py", line 63, in _connection_worker_thread
    result = function()
             ^^^^^^^^^^
sqlite3.OperationalError: database is locked
2026-08-07 21:21:57,269 [ERROR] app.processor: Error processing raw event 'viewer'
Traceback (most recent call last):
  File "C:\Users\pacong2\Videos\tiktobs\app\processor.py", line 45, in process_raw_event
    is_new = await database.insert_event(
             ^^^^^^^^^^^^^^^^^^^^^^^^^^^^
  File "C:\Users\pacong2\Videos\tiktobs\app\database.py", line 82, in insert_event
    async with aiosqlite.connect(DB_PATH) as db, db.execute(
                                                 ^^^^^^^^^^^
  File "C:\Users\pacong2\Videos\tiktobs\.venv\Lib\site-packages\aiosqlite\context.py", line 41, in __aenter__
    self._obj = await self._coro
                ^^^^^^^^^^^^^^^^
  File "C:\Users\pacong2\Videos\tiktobs\.venv\Lib\site-packages\aiosqlite\core.py", line 223, in execute
    cursor = await self._execute(self._conn.execute, sql, parameters)
             ^^^^^^^^^^^^^^^^^^^^^^^^^^^^^^^^^^^^^^^^^^^^^^^^^^^^^^^^
  File "C:\Users\pacong2\Videos\tiktobs\.venv\Lib\site-packages\aiosqlite\core.py", line 160, in _execute
    return await future
           ^^^^^^^^^^^^
  File "C:\Users\pacong2\Videos\tiktobs\.venv\Lib\site-packages\aiosqlite\core.py", line 63, in _connection_worker_thread
    result = function()
             ^^^^^^^^^^
sqlite3.OperationalError: database is locked
2026-08-07 21:21:57,294 [ERROR] app.processor: Error processing raw event 'viewer'
Traceback (most recent call last):
  File "C:\Users\pacong2\Videos\tiktobs\app\processor.py", line 45, in process_raw_event
    is_new = await database.insert_event(
             ^^^^^^^^^^^^^^^^^^^^^^^^^^^^
  File "C:\Users\pacong2\Videos\tiktobs\app\database.py", line 82, in insert_event
    async with aiosqlite.connect(DB_PATH) as db, db.execute(
                                                 ^^^^^^^^^^^
  File "C:\Users\pacong2\Videos\tiktobs\.venv\Lib\site-packages\aiosqlite\context.py", line 41, in __aenter__
    self._obj = await self._coro
                ^^^^^^^^^^^^^^^^
  File "C:\Users\pacong2\Videos\tiktobs\.venv\Lib\site-packages\aiosqlite\core.py", line 223, in execute
    cursor = await self._execute(self._conn.execute, sql, parameters)
             ^^^^^^^^^^^^^^^^^^^^^^^^^^^^^^^^^^^^^^^^^^^^^^^^^^^^^^^^
  File "C:\Users\pacong2\Videos\tiktobs\.venv\Lib\site-packages\aiosqlite\core.py", line 160, in _execute
    return await future
           ^^^^^^^^^^^^
  File "C:\Users\pacong2\Videos\tiktobs\.venv\Lib\site-packages\aiosqlite\core.py", line 63, in _connection_worker_thread
    result = function()
             ^^^^^^^^^^
sqlite3.OperationalError: database is locked
2026-08-07 21:21:57,327 [ERROR] app.processor: Error processing raw event 'share'
Traceback (most recent call last):
  File "C:\Users\pacong2\Videos\tiktobs\app\processor.py", line 45, in process_raw_event
    is_new = await database.insert_event(
             ^^^^^^^^^^^^^^^^^^^^^^^^^^^^
  File "C:\Users\pacong2\Videos\tiktobs\app\database.py", line 82, in insert_event
    async with aiosqlite.connect(DB_PATH) as db, db.execute(
                                                 ^^^^^^^^^^^
  File "C:\Users\pacong2\Videos\tiktobs\.venv\Lib\site-packages\aiosqlite\context.py", line 41, in __aenter__
    self._obj = await self._coro
                ^^^^^^^^^^^^^^^^
  File "C:\Users\pacong2\Videos\tiktobs\.venv\Lib\site-packages\aiosqlite\core.py", line 223, in execute
    cursor = await self._execute(self._conn.execute, sql, parameters)
             ^^^^^^^^^^^^^^^^^^^^^^^^^^^^^^^^^^^^^^^^^^^^^^^^^^^^^^^^
  File "C:\Users\pacong2\Videos\tiktobs\.venv\Lib\site-packages\aiosqlite\core.py", line 160, in _execute
    return await future
           ^^^^^^^^^^^^
  File "C:\Users\pacong2\Videos\tiktobs\.venv\Lib\site-packages\aiosqlite\core.py", line 63, in _connection_worker_thread
    result = function()
             ^^^^^^^^^^
sqlite3.OperationalError: database is locked
2026-08-07 21:21:57,346 [ERROR] app.processor: Error processing raw event 'viewer'
Traceback (most recent call last):
  File "C:\Users\pacong2\Videos\tiktobs\app\processor.py", line 45, in process_raw_event
    is_new = await database.insert_event(
             ^^^^^^^^^^^^^^^^^^^^^^^^^^^^
  File "C:\Users\pacong2\Videos\tiktobs\app\database.py", line 82, in insert_event
    async with aiosqlite.connect(DB_PATH) as db, db.execute(
                                                 ^^^^^^^^^^^
  File "C:\Users\pacong2\Videos\tiktobs\.venv\Lib\site-packages\aiosqlite\context.py", line 41, in __aenter__
    self._obj = await self._coro
                ^^^^^^^^^^^^^^^^
  File "C:\Users\pacong2\Videos\tiktobs\.venv\Lib\site-packages\aiosqlite\core.py", line 223, in execute
    cursor = await self._execute(self._conn.execute, sql, parameters)
             ^^^^^^^^^^^^^^^^^^^^^^^^^^^^^^^^^^^^^^^^^^^^^^^^^^^^^^^^
  File "C:\Users\pacong2\Videos\tiktobs\.venv\Lib\site-packages\aiosqlite\core.py", line 160, in _execute
    return await future
           ^^^^^^^^^^^^
  File "C:\Users\pacong2\Videos\tiktobs\.venv\Lib\site-packages\aiosqlite\core.py", line 63, in _connection_worker_thread
    result = function()
             ^^^^^^^^^^
sqlite3.OperationalError: database is locked
2026-08-07 21:21:57,361 [ERROR] app.processor: Error processing raw event 'share'
Traceback (most recent call last):
  File "C:\Users\pacong2\Videos\tiktobs\app\processor.py", line 45, in process_raw_event
    is_new = await database.insert_event(
             ^^^^^^^^^^^^^^^^^^^^^^^^^^^^
  File "C:\Users\pacong2\Videos\tiktobs\app\database.py", line 82, in insert_event
    async with aiosqlite.connect(DB_PATH) as db, db.execute(
                                                 ^^^^^^^^^^^
  File "C:\Users\pacong2\Videos\tiktobs\.venv\Lib\site-packages\aiosqlite\context.py", line 41, in __aenter__
    self._obj = await self._coro
                ^^^^^^^^^^^^^^^^
  File "C:\Users\pacong2\Videos\tiktobs\.venv\Lib\site-packages\aiosqlite\core.py", line 223, in execute
    cursor = await self._execute(self._conn.execute, sql, parameters)
             ^^^^^^^^^^^^^^^^^^^^^^^^^^^^^^^^^^^^^^^^^^^^^^^^^^^^^^^^
  File "C:\Users\pacong2\Videos\tiktobs\.venv\Lib\site-packages\aiosqlite\core.py", line 160, in _execute
    return await future
           ^^^^^^^^^^^^
  File "C:\Users\pacong2\Videos\tiktobs\.venv\Lib\site-packages\aiosqlite\core.py", line 63, in _connection_worker_thread
    result = function()
             ^^^^^^^^^^
sqlite3.OperationalError: database is locked
2026-08-07 21:21:57,380 [ERROR] app.processor: Error processing raw event 'viewer'
Traceback (most recent call last):
  File "C:\Users\pacong2\Videos\tiktobs\app\processor.py", line 45, in process_raw_event
    is_new = await database.insert_event(
             ^^^^^^^^^^^^^^^^^^^^^^^^^^^^
  File "C:\Users\pacong2\Videos\tiktobs\app\database.py", line 82, in insert_event
    async with aiosqlite.connect(DB_PATH) as db, db.execute(
                                                 ^^^^^^^^^^^
  File "C:\Users\pacong2\Videos\tiktobs\.venv\Lib\site-packages\aiosqlite\context.py", line 41, in __aenter__
    self._obj = await self._coro
                ^^^^^^^^^^^^^^^^
  File "C:\Users\pacong2\Videos\tiktobs\.venv\Lib\site-packages\aiosqlite\core.py", line 223, in execute
    cursor = await self._execute(self._conn.execute, sql, parameters)
             ^^^^^^^^^^^^^^^^^^^^^^^^^^^^^^^^^^^^^^^^^^^^^^^^^^^^^^^^
  File "C:\Users\pacong2\Videos\tiktobs\.venv\Lib\site-packages\aiosqlite\core.py", line 160, in _execute
    return await future
           ^^^^^^^^^^^^
  File "C:\Users\pacong2\Videos\tiktobs\.venv\Lib\site-packages\aiosqlite\core.py", line 63, in _connection_worker_thread
    result = function()
             ^^^^^^^^^^
sqlite3.OperationalError: database is locked
2026-08-07 21:21:57,403 [ERROR] app.processor: Error processing raw event 'share'
Traceback (most recent call last):
  File "C:\Users\pacong2\Videos\tiktobs\app\processor.py", line 45, in process_raw_event
    is_new = await database.insert_event(
             ^^^^^^^^^^^^^^^^^^^^^^^^^^^^
  File "C:\Users\pacong2\Videos\tiktobs\app\database.py", line 82, in insert_event
    async with aiosqlite.connect(DB_PATH) as db, db.execute(
                                                 ^^^^^^^^^^^
  File "C:\Users\pacong2\Videos\tiktobs\.venv\Lib\site-packages\aiosqlite\context.py", line 41, in __aenter__
    self._obj = await self._coro
                ^^^^^^^^^^^^^^^^
  File "C:\Users\pacong2\Videos\tiktobs\.venv\Lib\site-packages\aiosqlite\core.py", line 223, in execute
    cursor = await self._execute(self._conn.execute, sql, parameters)
             ^^^^^^^^^^^^^^^^^^^^^^^^^^^^^^^^^^^^^^^^^^^^^^^^^^^^^^^^
  File "C:\Users\pacong2\Videos\tiktobs\.venv\Lib\site-packages\aiosqlite\core.py", line 160, in _execute
    return await future
           ^^^^^^^^^^^^
  File "C:\Users\pacong2\Videos\tiktobs\.venv\Lib\site-packages\aiosqlite\core.py", line 63, in _connection_worker_thread
    result = function()
             ^^^^^^^^^^
sqlite3.OperationalError: database is locked
2026-08-07 21:21:57,427 [ERROR] app.processor: Error processing raw event 'viewer'
Traceback (most recent call last):
  File "C:\Users\pacong2\Videos\tiktobs\app\processor.py", line 45, in process_raw_event
    is_new = await database.insert_event(
             ^^^^^^^^^^^^^^^^^^^^^^^^^^^^
  File "C:\Users\pacong2\Videos\tiktobs\app\database.py", line 82, in insert_event
    async with aiosqlite.connect(DB_PATH) as db, db.execute(
                                                 ^^^^^^^^^^^
  File "C:\Users\pacong2\Videos\tiktobs\.venv\Lib\site-packages\aiosqlite\context.py", line 41, in __aenter__
    self._obj = await self._coro
                ^^^^^^^^^^^^^^^^
  File "C:\Users\pacong2\Videos\tiktobs\.venv\Lib\site-packages\aiosqlite\core.py", line 223, in execute
    cursor = await self._execute(self._conn.execute, sql, parameters)
             ^^^^^^^^^^^^^^^^^^^^^^^^^^^^^^^^^^^^^^^^^^^^^^^^^^^^^^^^
  File "C:\Users\pacong2\Videos\tiktobs\.venv\Lib\site-packages\aiosqlite\core.py", line 160, in _execute
    return await future
           ^^^^^^^^^^^^
  File "C:\Users\pacong2\Videos\tiktobs\.venv\Lib\site-packages\aiosqlite\core.py", line 63, in _connection_worker_thread
    result = function()
             ^^^^^^^^^^
sqlite3.OperationalError: database is locked
2026-08-07 21:21:57,433 [ERROR] app.processor: Error processing raw event 'viewer'
Traceback (most recent call last):
  File "C:\Users\pacong2\Videos\tiktobs\app\processor.py", line 45, in process_raw_event
    is_new = await database.insert_event(
             ^^^^^^^^^^^^^^^^^^^^^^^^^^^^
  File "C:\Users\pacong2\Videos\tiktobs\app\database.py", line 82, in insert_event
    async with aiosqlite.connect(DB_PATH) as db, db.execute(
                                                 ^^^^^^^^^^^
  File "C:\Users\pacong2\Videos\tiktobs\.venv\Lib\site-packages\aiosqlite\context.py", line 41, in __aenter__
    self._obj = await self._coro
                ^^^^^^^^^^^^^^^^
  File "C:\Users\pacong2\Videos\tiktobs\.venv\Lib\site-packages\aiosqlite\core.py", line 223, in execute
    cursor = await self._execute(self._conn.execute, sql, parameters)
             ^^^^^^^^^^^^^^^^^^^^^^^^^^^^^^^^^^^^^^^^^^^^^^^^^^^^^^^^
  File "C:\Users\pacong2\Videos\tiktobs\.venv\Lib\site-packages\aiosqlite\core.py", line 160, in _execute
    return await future
           ^^^^^^^^^^^^
  File "C:\Users\pacong2\Videos\tiktobs\.venv\Lib\site-packages\aiosqlite\core.py", line 63, in _connection_worker_thread
    result = function()
             ^^^^^^^^^^
sqlite3.OperationalError: database is locked
2026-08-07 21:21:57,441 [ERROR] app.processor: Error processing raw event 'viewer'
Traceback (most recent call last):
  File "C:\Users\pacong2\Videos\tiktobs\app\processor.py", line 45, in process_raw_event
    is_new = await database.insert_event(
             ^^^^^^^^^^^^^^^^^^^^^^^^^^^^
  File "C:\Users\pacong2\Videos\tiktobs\app\database.py", line 82, in insert_event
    async with aiosqlite.connect(DB_PATH) as db, db.execute(
                                                 ^^^^^^^^^^^
  File "C:\Users\pacong2\Videos\tiktobs\.venv\Lib\site-packages\aiosqlite\context.py", line 41, in __aenter__
    self._obj = await self._coro
                ^^^^^^^^^^^^^^^^
  File "C:\Users\pacong2\Videos\tiktobs\.venv\Lib\site-packages\aiosqlite\core.py", line 223, in execute
    cursor = await self._execute(self._conn.execute, sql, parameters)
             ^^^^^^^^^^^^^^^^^^^^^^^^^^^^^^^^^^^^^^^^^^^^^^^^^^^^^^^^
  File "C:\Users\pacong2\Videos\tiktobs\.venv\Lib\site-packages\aiosqlite\core.py", line 160, in _execute
    return await future
           ^^^^^^^^^^^^
  File "C:\Users\pacong2\Videos\tiktobs\.venv\Lib\site-packages\aiosqlite\core.py", line 63, in _connection_worker_thread
    result = function()
             ^^^^^^^^^^
sqlite3.OperationalError: database is locked
2026-08-07 21:21:57,456 [ERROR] app.processor: Error processing raw event 'viewer'
Traceback (most recent call last):
  File "C:\Users\pacong2\Videos\tiktobs\app\processor.py", line 45, in process_raw_event
    is_new = await database.insert_event(
             ^^^^^^^^^^^^^^^^^^^^^^^^^^^^
  File "C:\Users\pacong2\Videos\tiktobs\app\database.py", line 82, in insert_event
    async with aiosqlite.connect(DB_PATH) as db, db.execute(
                                                 ^^^^^^^^^^^
  File "C:\Users\pacong2\Videos\tiktobs\.venv\Lib\site-packages\aiosqlite\context.py", line 41, in __aenter__
    self._obj = await self._coro
                ^^^^^^^^^^^^^^^^
  File "C:\Users\pacong2\Videos\tiktobs\.venv\Lib\site-packages\aiosqlite\core.py", line 223, in execute
    cursor = await self._execute(self._conn.execute, sql, parameters)
             ^^^^^^^^^^^^^^^^^^^^^^^^^^^^^^^^^^^^^^^^^^^^^^^^^^^^^^^^
  File "C:\Users\pacong2\Videos\tiktobs\.venv\Lib\site-packages\aiosqlite\core.py", line 160, in _execute
    return await future
           ^^^^^^^^^^^^
  File "C:\Users\pacong2\Videos\tiktobs\.venv\Lib\site-packages\aiosqlite\core.py", line 63, in _connection_worker_thread
    result = function()
             ^^^^^^^^^^
sqlite3.OperationalError: database is locked
2026-08-07 21:21:57,464 [ERROR] app.processor: Error processing raw event 'viewer'
Traceback (most recent call last):
  File "C:\Users\pacong2\Videos\tiktobs\app\processor.py", line 45, in process_raw_event
    is_new = await database.insert_event(
             ^^^^^^^^^^^^^^^^^^^^^^^^^^^^
  File "C:\Users\pacong2\Videos\tiktobs\app\database.py", line 82, in insert_event
    async with aiosqlite.connect(DB_PATH) as db, db.execute(
                                                 ^^^^^^^^^^^
  File "C:\Users\pacong2\Videos\tiktobs\.venv\Lib\site-packages\aiosqlite\context.py", line 41, in __aenter__
    self._obj = await self._coro
                ^^^^^^^^^^^^^^^^
  File "C:\Users\pacong2\Videos\tiktobs\.venv\Lib\site-packages\aiosqlite\core.py", line 223, in execute
    cursor = await self._execute(self._conn.execute, sql, parameters)
             ^^^^^^^^^^^^^^^^^^^^^^^^^^^^^^^^^^^^^^^^^^^^^^^^^^^^^^^^
  File "C:\Users\pacong2\Videos\tiktobs\.venv\Lib\site-packages\aiosqlite\core.py", line 160, in _execute
    return await future
           ^^^^^^^^^^^^
  File "C:\Users\pacong2\Videos\tiktobs\.venv\Lib\site-packages\aiosqlite\core.py", line 63, in _connection_worker_thread
    result = function()
             ^^^^^^^^^^
sqlite3.OperationalError: database is locked
2026-08-07 21:21:58,503 [ERROR] app.processor: Error processing raw event 'share'
Traceback (most recent call last):
  File "C:\Users\pacong2\Videos\tiktobs\app\processor.py", line 45, in process_raw_event
    is_new = await database.insert_event(
             ^^^^^^^^^^^^^^^^^^^^^^^^^^^^
  File "C:\Users\pacong2\Videos\tiktobs\app\database.py", line 82, in insert_event
    async with aiosqlite.connect(DB_PATH) as db, db.execute(
                                                 ^^^^^^^^^^^
  File "C:\Users\pacong2\Videos\tiktobs\.venv\Lib\site-packages\aiosqlite\context.py", line 41, in __aenter__
    self._obj = await self._coro
                ^^^^^^^^^^^^^^^^
  File "C:\Users\pacong2\Videos\tiktobs\.venv\Lib\site-packages\aiosqlite\core.py", line 223, in execute
    cursor = await self._execute(self._conn.execute, sql, parameters)
             ^^^^^^^^^^^^^^^^^^^^^^^^^^^^^^^^^^^^^^^^^^^^^^^^^^^^^^^^
  File "C:\Users\pacong2\Videos\tiktobs\.venv\Lib\site-packages\aiosqlite\core.py", line 160, in _execute
    return await future
           ^^^^^^^^^^^^
  File "C:\Users\pacong2\Videos\tiktobs\.venv\Lib\site-packages\aiosqlite\core.py", line 63, in _connection_worker_thread
    result = function()
             ^^^^^^^^^^
sqlite3.OperationalError: database is locked
2026-08-07 21:21:58,515 [ERROR] app.processor: Error processing raw event 'share'
Traceback (most recent call last):
  File "C:\Users\pacong2\Videos\tiktobs\app\processor.py", line 45, in process_raw_event
    is_new = await database.insert_event(
             ^^^^^^^^^^^^^^^^^^^^^^^^^^^^
  File "C:\Users\pacong2\Videos\tiktobs\app\database.py", line 82, in insert_event
    async with aiosqlite.connect(DB_PATH) as db, db.execute(
                                                 ^^^^^^^^^^^
  File "C:\Users\pacong2\Videos\tiktobs\.venv\Lib\site-packages\aiosqlite\context.py", line 41, in __aenter__
    self._obj = await self._coro
                ^^^^^^^^^^^^^^^^
  File "C:\Users\pacong2\Videos\tiktobs\.venv\Lib\site-packages\aiosqlite\core.py", line 223, in execute
    cursor = await self._execute(self._conn.execute, sql, parameters)
             ^^^^^^^^^^^^^^^^^^^^^^^^^^^^^^^^^^^^^^^^^^^^^^^^^^^^^^^^
  File "C:\Users\pacong2\Videos\tiktobs\.venv\Lib\site-packages\aiosqlite\core.py", line 160, in _execute
    return await future
           ^^^^^^^^^^^^
  File "C:\Users\pacong2\Videos\tiktobs\.venv\Lib\site-packages\aiosqlite\core.py", line 63, in _connection_worker_thread
    result = function()
             ^^^^^^^^^^
sqlite3.OperationalError: database is locked
2026-08-07 21:21:58,527 [ERROR] app.processor: Error processing raw event 'viewer'
Traceback (most recent call last):
  File "C:\Users\pacong2\Videos\tiktobs\app\processor.py", line 45, in process_raw_event
    is_new = await database.insert_event(
             ^^^^^^^^^^^^^^^^^^^^^^^^^^^^
  File "C:\Users\pacong2\Videos\tiktobs\app\database.py", line 82, in insert_event
    async with aiosqlite.connect(DB_PATH) as db, db.execute(
                                                 ^^^^^^^^^^^
  File "C:\Users\pacong2\Videos\tiktobs\.venv\Lib\site-packages\aiosqlite\context.py", line 41, in __aenter__
    self._obj = await self._coro
                ^^^^^^^^^^^^^^^^
  File "C:\Users\pacong2\Videos\tiktobs\.venv\Lib\site-packages\aiosqlite\core.py", line 223, in execute
    cursor = await self._execute(self._conn.execute, sql, parameters)
             ^^^^^^^^^^^^^^^^^^^^^^^^^^^^^^^^^^^^^^^^^^^^^^^^^^^^^^^^
  File "C:\Users\pacong2\Videos\tiktobs\.venv\Lib\site-packages\aiosqlite\core.py", line 160, in _execute
    return await future
           ^^^^^^^^^^^^
  File "C:\Users\pacong2\Videos\tiktobs\.venv\Lib\site-packages\aiosqlite\core.py", line 63, in _connection_worker_thread
    result = function()
             ^^^^^^^^^^
sqlite3.OperationalError: database is locked
2026-08-07 21:21:58,531 [ERROR] app.processor: Error processing raw event 'like'
Traceback (most recent call last):
  File "C:\Users\pacong2\Videos\tiktobs\app\processor.py", line 45, in process_raw_event
    is_new = await database.insert_event(
             ^^^^^^^^^^^^^^^^^^^^^^^^^^^^
  File "C:\Users\pacong2\Videos\tiktobs\app\database.py", line 82, in insert_event
    async with aiosqlite.connect(DB_PATH) as db, db.execute(
                                                 ^^^^^^^^^^^
  File "C:\Users\pacong2\Videos\tiktobs\.venv\Lib\site-packages\aiosqlite\context.py", line 41, in __aenter__
    self._obj = await self._coro
                ^^^^^^^^^^^^^^^^
  File "C:\Users\pacong2\Videos\tiktobs\.venv\Lib\site-packages\aiosqlite\core.py", line 223, in execute
    cursor = await self._execute(self._conn.execute, sql, parameters)
             ^^^^^^^^^^^^^^^^^^^^^^^^^^^^^^^^^^^^^^^^^^^^^^^^^^^^^^^^
  File "C:\Users\pacong2\Videos\tiktobs\.venv\Lib\site-packages\aiosqlite\core.py", line 160, in _execute
    return await future
           ^^^^^^^^^^^^
  File "C:\Users\pacong2\Videos\tiktobs\.venv\Lib\site-packages\aiosqlite\core.py", line 63, in _connection_worker_thread
    result = function()
             ^^^^^^^^^^
sqlite3.OperationalError: database is locked
2026-08-07 21:21:58,535 [ERROR] app.processor: Error processing raw event 'like'
Traceback (most recent call last):
  File "C:\Users\pacong2\Videos\tiktobs\app\processor.py", line 45, in process_raw_event
    is_new = await database.insert_event(
             ^^^^^^^^^^^^^^^^^^^^^^^^^^^^
  File "C:\Users\pacong2\Videos\tiktobs\app\database.py", line 82, in insert_event
    async with aiosqlite.connect(DB_PATH) as db, db.execute(
                                                 ^^^^^^^^^^^
  File "C:\Users\pacong2\Videos\tiktobs\.venv\Lib\site-packages\aiosqlite\context.py", line 41, in __aenter__
    self._obj = await self._coro
                ^^^^^^^^^^^^^^^^
  File "C:\Users\pacong2\Videos\tiktobs\.venv\Lib\site-packages\aiosqlite\core.py", line 223, in execute
    cursor = await self._execute(self._conn.execute, sql, parameters)
             ^^^^^^^^^^^^^^^^^^^^^^^^^^^^^^^^^^^^^^^^^^^^^^^^^^^^^^^^
  File "C:\Users\pacong2\Videos\tiktobs\.venv\Lib\site-packages\aiosqlite\core.py", line 160, in _execute
    return await future
           ^^^^^^^^^^^^
  File "C:\Users\pacong2\Videos\tiktobs\.venv\Lib\site-packages\aiosqlite\core.py", line 63, in _connection_worker_thread
    result = function()
             ^^^^^^^^^^
sqlite3.OperationalError: database is locked
2026-08-07 21:21:58,547 [ERROR] app.processor: Error processing raw event 'viewer'
Traceback (most recent call last):
  File "C:\Users\pacong2\Videos\tiktobs\app\processor.py", line 45, in process_raw_event
    is_new = await database.insert_event(
             ^^^^^^^^^^^^^^^^^^^^^^^^^^^^
  File "C:\Users\pacong2\Videos\tiktobs\app\database.py", line 82, in insert_event
    async with aiosqlite.connect(DB_PATH) as db, db.execute(
                                                 ^^^^^^^^^^^
  File "C:\Users\pacong2\Videos\tiktobs\.venv\Lib\site-packages\aiosqlite\context.py", line 41, in __aenter__
    self._obj = await self._coro
                ^^^^^^^^^^^^^^^^
  File "C:\Users\pacong2\Videos\tiktobs\.venv\Lib\site-packages\aiosqlite\core.py", line 223, in execute
    cursor = await self._execute(self._conn.execute, sql, parameters)
             ^^^^^^^^^^^^^^^^^^^^^^^^^^^^^^^^^^^^^^^^^^^^^^^^^^^^^^^^
  File "C:\Users\pacong2\Videos\tiktobs\.venv\Lib\site-packages\aiosqlite\core.py", line 160, in _execute
    return await future
           ^^^^^^^^^^^^
  File "C:\Users\pacong2\Videos\tiktobs\.venv\Lib\site-packages\aiosqlite\core.py", line 63, in _connection_worker_thread
    result = function()
             ^^^^^^^^^^
sqlite3.OperationalError: database is locked
2026-08-07 21:21:58,563 [ERROR] app.processor: Error processing raw event 'like'
Traceback (most recent call last):
  File "C:\Users\pacong2\Videos\tiktobs\app\processor.py", line 45, in process_raw_event
    is_new = await database.insert_event(
             ^^^^^^^^^^^^^^^^^^^^^^^^^^^^
  File "C:\Users\pacong2\Videos\tiktobs\app\database.py", line 82, in insert_event
    async with aiosqlite.connect(DB_PATH) as db, db.execute(
                                                 ^^^^^^^^^^^
  File "C:\Users\pacong2\Videos\tiktobs\.venv\Lib\site-packages\aiosqlite\context.py", line 41, in __aenter__
    self._obj = await self._coro
                ^^^^^^^^^^^^^^^^
  File "C:\Users\pacong2\Videos\tiktobs\.venv\Lib\site-packages\aiosqlite\core.py", line 223, in execute
    cursor = await self._execute(self._conn.execute, sql, parameters)
             ^^^^^^^^^^^^^^^^^^^^^^^^^^^^^^^^^^^^^^^^^^^^^^^^^^^^^^^^
  File "C:\Users\pacong2\Videos\tiktobs\.venv\Lib\site-packages\aiosqlite\core.py", line 160, in _execute
    return await future
           ^^^^^^^^^^^^
  File "C:\Users\pacong2\Videos\tiktobs\.venv\Lib\site-packages\aiosqlite\core.py", line 63, in _connection_worker_thread
    result = function()
             ^^^^^^^^^^
sqlite3.OperationalError: database is locked
2026-08-07 21:21:58,567 [ERROR] app.processor: Error processing raw event 'viewer'
Traceback (most recent call last):
  File "C:\Users\pacong2\Videos\tiktobs\app\processor.py", line 45, in process_raw_event
    is_new = await database.insert_event(
             ^^^^^^^^^^^^^^^^^^^^^^^^^^^^
  File "C:\Users\pacong2\Videos\tiktobs\app\database.py", line 82, in insert_event
    async with aiosqlite.connect(DB_PATH) as db, db.execute(
                                                 ^^^^^^^^^^^
  File "C:\Users\pacong2\Videos\tiktobs\.venv\Lib\site-packages\aiosqlite\context.py", line 41, in __aenter__
    self._obj = await self._coro
                ^^^^^^^^^^^^^^^^
  File "C:\Users\pacong2\Videos\tiktobs\.venv\Lib\site-packages\aiosqlite\core.py", line 223, in execute
    cursor = await self._execute(self._conn.execute, sql, parameters)
             ^^^^^^^^^^^^^^^^^^^^^^^^^^^^^^^^^^^^^^^^^^^^^^^^^^^^^^^^
  File "C:\Users\pacong2\Videos\tiktobs\.venv\Lib\site-packages\aiosqlite\core.py", line 160, in _execute
    return await future
           ^^^^^^^^^^^^
  File "C:\Users\pacong2\Videos\tiktobs\.venv\Lib\site-packages\aiosqlite\core.py", line 63, in _connection_worker_thread
    result = function()
             ^^^^^^^^^^
sqlite3.OperationalError: database is locked
2026-08-07 21:21:58,579 [ERROR] app.processor: Error processing raw event 'viewer'
Traceback (most recent call last):
  File "C:\Users\pacong2\Videos\tiktobs\app\processor.py", line 45, in process_raw_event
    is_new = await database.insert_event(
             ^^^^^^^^^^^^^^^^^^^^^^^^^^^^
  File "C:\Users\pacong2\Videos\tiktobs\app\database.py", line 82, in insert_event
    async with aiosqlite.connect(DB_PATH) as db, db.execute(
                                                 ^^^^^^^^^^^
  File "C:\Users\pacong2\Videos\tiktobs\.venv\Lib\site-packages\aiosqlite\context.py", line 41, in __aenter__
    self._obj = await self._coro
                ^^^^^^^^^^^^^^^^
  File "C:\Users\pacong2\Videos\tiktobs\.venv\Lib\site-packages\aiosqlite\core.py", line 223, in execute
    cursor = await self._execute(self._conn.execute, sql, parameters)
             ^^^^^^^^^^^^^^^^^^^^^^^^^^^^^^^^^^^^^^^^^^^^^^^^^^^^^^^^
  File "C:\Users\pacong2\Videos\tiktobs\.venv\Lib\site-packages\aiosqlite\core.py", line 160, in _execute
    return await future
           ^^^^^^^^^^^^
  File "C:\Users\pacong2\Videos\tiktobs\.venv\Lib\site-packages\aiosqlite\core.py", line 63, in _connection_worker_thread
    result = function()
             ^^^^^^^^^^
sqlite3.OperationalError: database is locked
2026-08-07 21:21:58,584 [ERROR] app.processor: Error processing raw event 'viewer'
Traceback (most recent call last):
  File "C:\Users\pacong2\Videos\tiktobs\app\processor.py", line 45, in process_raw_event
    is_new = await database.insert_event(
             ^^^^^^^^^^^^^^^^^^^^^^^^^^^^
  File "C:\Users\pacong2\Videos\tiktobs\app\database.py", line 82, in insert_event
    async with aiosqlite.connect(DB_PATH) as db, db.execute(
                                                 ^^^^^^^^^^^
  File "C:\Users\pacong2\Videos\tiktobs\.venv\Lib\site-packages\aiosqlite\context.py", line 41, in __aenter__
    self._obj = await self._coro
                ^^^^^^^^^^^^^^^^
  File "C:\Users\pacong2\Videos\tiktobs\.venv\Lib\site-packages\aiosqlite\core.py", line 223, in execute
    cursor = await self._execute(self._conn.execute, sql, parameters)
             ^^^^^^^^^^^^^^^^^^^^^^^^^^^^^^^^^^^^^^^^^^^^^^^^^^^^^^^^
  File "C:\Users\pacong2\Videos\tiktobs\.venv\Lib\site-packages\aiosqlite\core.py", line 160, in _execute
    return await future
           ^^^^^^^^^^^^
  File "C:\Users\pacong2\Videos\tiktobs\.venv\Lib\site-packages\aiosqlite\core.py", line 63, in _connection_worker_thread
    result = function()
             ^^^^^^^^^^
sqlite3.OperationalError: database is locked
2026-08-07 21:21:58,594 [ERROR] app.processor: Error processing raw event 'share'
Traceback (most recent call last):
  File "C:\Users\pacong2\Videos\tiktobs\app\processor.py", line 45, in process_raw_event
    is_new = await database.insert_event(
             ^^^^^^^^^^^^^^^^^^^^^^^^^^^^
  File "C:\Users\pacong2\Videos\tiktobs\app\database.py", line 82, in insert_event
    async with aiosqlite.connect(DB_PATH) as db, db.execute(
                                                 ^^^^^^^^^^^
  File "C:\Users\pacong2\Videos\tiktobs\.venv\Lib\site-packages\aiosqlite\context.py", line 41, in __aenter__
    self._obj = await self._coro
                ^^^^^^^^^^^^^^^^
  File "C:\Users\pacong2\Videos\tiktobs\.venv\Lib\site-packages\aiosqlite\core.py", line 223, in execute
    cursor = await self._execute(self._conn.execute, sql, parameters)
             ^^^^^^^^^^^^^^^^^^^^^^^^^^^^^^^^^^^^^^^^^^^^^^^^^^^^^^^^
  File "C:\Users\pacong2\Videos\tiktobs\.venv\Lib\site-packages\aiosqlite\core.py", line 160, in _execute
    return await future
           ^^^^^^^^^^^^
  File "C:\Users\pacong2\Videos\tiktobs\.venv\Lib\site-packages\aiosqlite\core.py", line 63, in _connection_worker_thread
    result = function()
             ^^^^^^^^^^
sqlite3.OperationalError: database is locked
2026-08-07 21:21:59,726 [ERROR] app.processor: Error processing raw event 'viewer'
Traceback (most recent call last):
  File "C:\Users\pacong2\Videos\tiktobs\app\processor.py", line 45, in process_raw_event
    is_new = await database.insert_event(
             ^^^^^^^^^^^^^^^^^^^^^^^^^^^^
  File "C:\Users\pacong2\Videos\tiktobs\app\database.py", line 82, in insert_event
    async with aiosqlite.connect(DB_PATH) as db, db.execute(
                                                 ^^^^^^^^^^^
  File "C:\Users\pacong2\Videos\tiktobs\.venv\Lib\site-packages\aiosqlite\context.py", line 41, in __aenter__
    self._obj = await self._coro
                ^^^^^^^^^^^^^^^^
  File "C:\Users\pacong2\Videos\tiktobs\.venv\Lib\site-packages\aiosqlite\core.py", line 223, in execute
    cursor = await self._execute(self._conn.execute, sql, parameters)
             ^^^^^^^^^^^^^^^^^^^^^^^^^^^^^^^^^^^^^^^^^^^^^^^^^^^^^^^^
  File "C:\Users\pacong2\Videos\tiktobs\.venv\Lib\site-packages\aiosqlite\core.py", line 160, in _execute
    return await future
           ^^^^^^^^^^^^
  File "C:\Users\pacong2\Videos\tiktobs\.venv\Lib\site-packages\aiosqlite\core.py", line 63, in _connection_worker_thread
    result = function()
             ^^^^^^^^^^
sqlite3.OperationalError: database is locked
2026-08-07 21:21:59,729 [ERROR] app.processor: Error processing raw event 'viewer'
Traceback (most recent call last):
  File "C:\Users\pacong2\Videos\tiktobs\app\processor.py", line 45, in process_raw_event
    is_new = await database.insert_event(
             ^^^^^^^^^^^^^^^^^^^^^^^^^^^^
  File "C:\Users\pacong2\Videos\tiktobs\app\database.py", line 82, in insert_event
    async with aiosqlite.connect(DB_PATH) as db, db.execute(
                                                 ^^^^^^^^^^^
  File "C:\Users\pacong2\Videos\tiktobs\.venv\Lib\site-packages\aiosqlite\context.py", line 41, in __aenter__
    self._obj = await self._coro
                ^^^^^^^^^^^^^^^^
  File "C:\Users\pacong2\Videos\tiktobs\.venv\Lib\site-packages\aiosqlite\core.py", line 223, in execute
    cursor = await self._execute(self._conn.execute, sql, parameters)
             ^^^^^^^^^^^^^^^^^^^^^^^^^^^^^^^^^^^^^^^^^^^^^^^^^^^^^^^^
  File "C:\Users\pacong2\Videos\tiktobs\.venv\Lib\site-packages\aiosqlite\core.py", line 160, in _execute
    return await future
           ^^^^^^^^^^^^
  File "C:\Users\pacong2\Videos\tiktobs\.venv\Lib\site-packages\aiosqlite\core.py", line 63, in _connection_worker_thread
    result = function()
             ^^^^^^^^^^
sqlite3.OperationalError: database is locked
2026-08-07 21:21:59,732 [ERROR] app.processor: Error processing raw event 'viewer'
Traceback (most recent call last):
  File "C:\Users\pacong2\Videos\tiktobs\app\processor.py", line 45, in process_raw_event
    is_new = await database.insert_event(
             ^^^^^^^^^^^^^^^^^^^^^^^^^^^^
  File "C:\Users\pacong2\Videos\tiktobs\app\database.py", line 82, in insert_event
    async with aiosqlite.connect(DB_PATH) as db, db.execute(
                                                 ^^^^^^^^^^^
  File "C:\Users\pacong2\Videos\tiktobs\.venv\Lib\site-packages\aiosqlite\context.py", line 41, in __aenter__
    self._obj = await self._coro
                ^^^^^^^^^^^^^^^^
  File "C:\Users\pacong2\Videos\tiktobs\.venv\Lib\site-packages\aiosqlite\core.py", line 223, in execute
    cursor = await self._execute(self._conn.execute, sql, parameters)
             ^^^^^^^^^^^^^^^^^^^^^^^^^^^^^^^^^^^^^^^^^^^^^^^^^^^^^^^^
  File "C:\Users\pacong2\Videos\tiktobs\.venv\Lib\site-packages\aiosqlite\core.py", line 160, in _execute
    return await future
           ^^^^^^^^^^^^
  File "C:\Users\pacong2\Videos\tiktobs\.venv\Lib\site-packages\aiosqlite\core.py", line 63, in _connection_worker_thread
    result = function()
             ^^^^^^^^^^
sqlite3.OperationalError: database is locked
2026-08-07 21:21:59,737 [ERROR] app.processor: Error processing raw event 'share'
Traceback (most recent call last):
  File "C:\Users\pacong2\Videos\tiktobs\app\processor.py", line 45, in process_raw_event
    is_new = await database.insert_event(
             ^^^^^^^^^^^^^^^^^^^^^^^^^^^^
  File "C:\Users\pacong2\Videos\tiktobs\app\database.py", line 82, in insert_event
    async with aiosqlite.connect(DB_PATH) as db, db.execute(
                                                 ^^^^^^^^^^^
  File "C:\Users\pacong2\Videos\tiktobs\.venv\Lib\site-packages\aiosqlite\context.py", line 41, in __aenter__
    self._obj = await self._coro
                ^^^^^^^^^^^^^^^^
  File "C:\Users\pacong2\Videos\tiktobs\.venv\Lib\site-packages\aiosqlite\core.py", line 223, in execute
    cursor = await self._execute(self._conn.execute, sql, parameters)
             ^^^^^^^^^^^^^^^^^^^^^^^^^^^^^^^^^^^^^^^^^^^^^^^^^^^^^^^^
  File "C:\Users\pacong2\Videos\tiktobs\.venv\Lib\site-packages\aiosqlite\core.py", line 160, in _execute
    return await future
           ^^^^^^^^^^^^
  File "C:\Users\pacong2\Videos\tiktobs\.venv\Lib\site-packages\aiosqlite\core.py", line 63, in _connection_worker_thread
    result = function()
             ^^^^^^^^^^
sqlite3.OperationalError: database is locked
2026-08-07 21:21:59,742 [ERROR] app.processor: Error processing raw event 'like'
Traceback (most recent call last):
  File "C:\Users\pacong2\Videos\tiktobs\app\processor.py", line 45, in process_raw_event
    is_new = await database.insert_event(
             ^^^^^^^^^^^^^^^^^^^^^^^^^^^^
  File "C:\Users\pacong2\Videos\tiktobs\app\database.py", line 82, in insert_event
    async with aiosqlite.connect(DB_PATH) as db, db.execute(
                                                 ^^^^^^^^^^^
  File "C:\Users\pacong2\Videos\tiktobs\.venv\Lib\site-packages\aiosqlite\context.py", line 41, in __aenter__
    self._obj = await self._coro
                ^^^^^^^^^^^^^^^^
  File "C:\Users\pacong2\Videos\tiktobs\.venv\Lib\site-packages\aiosqlite\core.py", line 223, in execute
    cursor = await self._execute(self._conn.execute, sql, parameters)
             ^^^^^^^^^^^^^^^^^^^^^^^^^^^^^^^^^^^^^^^^^^^^^^^^^^^^^^^^
  File "C:\Users\pacong2\Videos\tiktobs\.venv\Lib\site-packages\aiosqlite\core.py", line 160, in _execute
    return await future
           ^^^^^^^^^^^^
  File "C:\Users\pacong2\Videos\tiktobs\.venv\Lib\site-packages\aiosqlite\core.py", line 63, in _connection_worker_thread
    result = function()
             ^^^^^^^^^^
sqlite3.OperationalError: database is locked
2026-08-07 21:21:59,745 [ERROR] app.processor: Error processing raw event 'like'
Traceback (most recent call last):
  File "C:\Users\pacong2\Videos\tiktobs\app\processor.py", line 45, in process_raw_event
    is_new = await database.insert_event(
             ^^^^^^^^^^^^^^^^^^^^^^^^^^^^
  File "C:\Users\pacong2\Videos\tiktobs\app\database.py", line 82, in insert_event
    async with aiosqlite.connect(DB_PATH) as db, db.execute(
                                                 ^^^^^^^^^^^
  File "C:\Users\pacong2\Videos\tiktobs\.venv\Lib\site-packages\aiosqlite\context.py", line 41, in __aenter__
    self._obj = await self._coro
                ^^^^^^^^^^^^^^^^
  File "C:\Users\pacong2\Videos\tiktobs\.venv\Lib\site-packages\aiosqlite\core.py", line 223, in execute
    cursor = await self._execute(self._conn.execute, sql, parameters)
             ^^^^^^^^^^^^^^^^^^^^^^^^^^^^^^^^^^^^^^^^^^^^^^^^^^^^^^^^
  File "C:\Users\pacong2\Videos\tiktobs\.venv\Lib\site-packages\aiosqlite\core.py", line 160, in _execute
    return await future
           ^^^^^^^^^^^^
  File "C:\Users\pacong2\Videos\tiktobs\.venv\Lib\site-packages\aiosqlite\core.py", line 63, in _connection_worker_thread
    result = function()
             ^^^^^^^^^^
sqlite3.OperationalError: database is locked
2026-08-07 21:21:59,749 [ERROR] app.processor: Error processing raw event 'viewer'
Traceback (most recent call last):
  File "C:\Users\pacong2\Videos\tiktobs\app\processor.py", line 45, in process_raw_event
    is_new = await database.insert_event(
             ^^^^^^^^^^^^^^^^^^^^^^^^^^^^
  File "C:\Users\pacong2\Videos\tiktobs\app\database.py", line 82, in insert_event
    async with aiosqlite.connect(DB_PATH) as db, db.execute(
                                                 ^^^^^^^^^^^
  File "C:\Users\pacong2\Videos\tiktobs\.venv\Lib\site-packages\aiosqlite\context.py", line 41, in __aenter__
    self._obj = await self._coro
                ^^^^^^^^^^^^^^^^
  File "C:\Users\pacong2\Videos\tiktobs\.venv\Lib\site-packages\aiosqlite\core.py", line 223, in execute
    cursor = await self._execute(self._conn.execute, sql, parameters)
             ^^^^^^^^^^^^^^^^^^^^^^^^^^^^^^^^^^^^^^^^^^^^^^^^^^^^^^^^
  File "C:\Users\pacong2\Videos\tiktobs\.venv\Lib\site-packages\aiosqlite\core.py", line 160, in _execute
    return await future
           ^^^^^^^^^^^^
  File "C:\Users\pacong2\Videos\tiktobs\.venv\Lib\site-packages\aiosqlite\core.py", line 63, in _connection_worker_thread
    result = function()
             ^^^^^^^^^^
sqlite3.OperationalError: database is locked
2026-08-07 21:21:59,753 [ERROR] app.processor: Error processing raw event 'viewer'
Traceback (most recent call last):
  File "C:\Users\pacong2\Videos\tiktobs\app\processor.py", line 45, in process_raw_event
    is_new = await database.insert_event(
             ^^^^^^^^^^^^^^^^^^^^^^^^^^^^
  File "C:\Users\pacong2\Videos\tiktobs\app\database.py", line 82, in insert_event
    async with aiosqlite.connect(DB_PATH) as db, db.execute(
                                                 ^^^^^^^^^^^
  File "C:\Users\pacong2\Videos\tiktobs\.venv\Lib\site-packages\aiosqlite\context.py", line 41, in __aenter__
    self._obj = await self._coro
                ^^^^^^^^^^^^^^^^
  File "C:\Users\pacong2\Videos\tiktobs\.venv\Lib\site-packages\aiosqlite\core.py", line 223, in execute
    cursor = await self._execute(self._conn.execute, sql, parameters)
             ^^^^^^^^^^^^^^^^^^^^^^^^^^^^^^^^^^^^^^^^^^^^^^^^^^^^^^^^
  File "C:\Users\pacong2\Videos\tiktobs\.venv\Lib\site-packages\aiosqlite\core.py", line 160, in _execute
    return await future
           ^^^^^^^^^^^^
  File "C:\Users\pacong2\Videos\tiktobs\.venv\Lib\site-packages\aiosqlite\core.py", line 63, in _connection_worker_thread
    result = function()
             ^^^^^^^^^^
sqlite3.OperationalError: database is locked
2026-08-07 21:21:59,763 [ERROR] app.processor: Error processing raw event 'like'
Traceback (most recent call last):
  File "C:\Users\pacong2\Videos\tiktobs\app\processor.py", line 45, in process_raw_event
    is_new = await database.insert_event(
             ^^^^^^^^^^^^^^^^^^^^^^^^^^^^
  File "C:\Users\pacong2\Videos\tiktobs\app\database.py", line 82, in insert_event
    async with aiosqlite.connect(DB_PATH) as db, db.execute(
                                                 ^^^^^^^^^^^
  File "C:\Users\pacong2\Videos\tiktobs\.venv\Lib\site-packages\aiosqlite\context.py", line 41, in __aenter__
    self._obj = await self._coro
                ^^^^^^^^^^^^^^^^
  File "C:\Users\pacong2\Videos\tiktobs\.venv\Lib\site-packages\aiosqlite\core.py", line 223, in execute
    cursor = await self._execute(self._conn.execute, sql, parameters)
             ^^^^^^^^^^^^^^^^^^^^^^^^^^^^^^^^^^^^^^^^^^^^^^^^^^^^^^^^
  File "C:\Users\pacong2\Videos\tiktobs\.venv\Lib\site-packages\aiosqlite\core.py", line 160, in _execute
    return await future
           ^^^^^^^^^^^^
  File "C:\Users\pacong2\Videos\tiktobs\.venv\Lib\site-packages\aiosqlite\core.py", line 63, in _connection_worker_thread
    result = function()
             ^^^^^^^^^^
sqlite3.OperationalError: database is locked
2026-08-07 21:21:59,768 [ERROR] app.processor: Error processing raw event 'viewer'
Traceback (most recent call last):
  File "C:\Users\pacong2\Videos\tiktobs\app\processor.py", line 45, in process_raw_event
    is_new = await database.insert_event(
             ^^^^^^^^^^^^^^^^^^^^^^^^^^^^
  File "C:\Users\pacong2\Videos\tiktobs\app\database.py", line 82, in insert_event
    async with aiosqlite.connect(DB_PATH) as db, db.execute(
                                                 ^^^^^^^^^^^
  File "C:\Users\pacong2\Videos\tiktobs\.venv\Lib\site-packages\aiosqlite\context.py", line 41, in __aenter__
    self._obj = await self._coro
                ^^^^^^^^^^^^^^^^
  File "C:\Users\pacong2\Videos\tiktobs\.venv\Lib\site-packages\aiosqlite\core.py", line 223, in execute
    cursor = await self._execute(self._conn.execute, sql, parameters)
             ^^^^^^^^^^^^^^^^^^^^^^^^^^^^^^^^^^^^^^^^^^^^^^^^^^^^^^^^
  File "C:\Users\pacong2\Videos\tiktobs\.venv\Lib\site-packages\aiosqlite\core.py", line 160, in _execute
    return await future
           ^^^^^^^^^^^^
  File "C:\Users\pacong2\Videos\tiktobs\.venv\Lib\site-packages\aiosqlite\core.py", line 63, in _connection_worker_thread
    result = function()
             ^^^^^^^^^^
sqlite3.OperationalError: database is locked
2026-08-07 21:21:59,777 [ERROR] app.processor: Error processing raw event 'viewer'
Traceback (most recent call last):
  File "C:\Users\pacong2\Videos\tiktobs\app\processor.py", line 45, in process_raw_event
    is_new = await database.insert_event(
             ^^^^^^^^^^^^^^^^^^^^^^^^^^^^
  File "C:\Users\pacong2\Videos\tiktobs\app\database.py", line 82, in insert_event
    async with aiosqlite.connect(DB_PATH) as db, db.execute(
                                                 ^^^^^^^^^^^
  File "C:\Users\pacong2\Videos\tiktobs\.venv\Lib\site-packages\aiosqlite\context.py", line 41, in __aenter__
    self._obj = await self._coro
                ^^^^^^^^^^^^^^^^
  File "C:\Users\pacong2\Videos\tiktobs\.venv\Lib\site-packages\aiosqlite\core.py", line 223, in execute
    cursor = await self._execute(self._conn.execute, sql, parameters)
             ^^^^^^^^^^^^^^^^^^^^^^^^^^^^^^^^^^^^^^^^^^^^^^^^^^^^^^^^
  File "C:\Users\pacong2\Videos\tiktobs\.venv\Lib\site-packages\aiosqlite\core.py", line 160, in _execute
    return await future
           ^^^^^^^^^^^^
  File "C:\Users\pacong2\Videos\tiktobs\.venv\Lib\site-packages\aiosqlite\core.py", line 63, in _connection_worker_thread
    result = function()
             ^^^^^^^^^^
sqlite3.OperationalError: database is locked
2026-08-07 21:21:59,780 [ERROR] app.processor: Error processing raw event 'share'
Traceback (most recent call last):
  File "C:\Users\pacong2\Videos\tiktobs\app\processor.py", line 45, in process_raw_event
    is_new = await database.insert_event(
             ^^^^^^^^^^^^^^^^^^^^^^^^^^^^
  File "C:\Users\pacong2\Videos\tiktobs\app\database.py", line 82, in insert_event
    async with aiosqlite.connect(DB_PATH) as db, db.execute(
                                                 ^^^^^^^^^^^
  File "C:\Users\pacong2\Videos\tiktobs\.venv\Lib\site-packages\aiosqlite\context.py", line 41, in __aenter__
    self._obj = await self._coro
                ^^^^^^^^^^^^^^^^
  File "C:\Users\pacong2\Videos\tiktobs\.venv\Lib\site-packages\aiosqlite\core.py", line 223, in execute
    cursor = await self._execute(self._conn.execute, sql, parameters)
             ^^^^^^^^^^^^^^^^^^^^^^^^^^^^^^^^^^^^^^^^^^^^^^^^^^^^^^^^
  File "C:\Users\pacong2\Videos\tiktobs\.venv\Lib\site-packages\aiosqlite\core.py", line 160, in _execute
    return await future
           ^^^^^^^^^^^^
  File "C:\Users\pacong2\Videos\tiktobs\.venv\Lib\site-packages\aiosqlite\core.py", line 63, in _connection_worker_thread
    result = function()
             ^^^^^^^^^^
sqlite3.OperationalError: database is locked
2026-08-07 21:21:59,783 [ERROR] app.processor: Error processing raw event 'viewer'
Traceback (most recent call last):
  File "C:\Users\pacong2\Videos\tiktobs\app\processor.py", line 45, in process_raw_event
    is_new = await database.insert_event(
             ^^^^^^^^^^^^^^^^^^^^^^^^^^^^
  File "C:\Users\pacong2\Videos\tiktobs\app\database.py", line 82, in insert_event
    async with aiosqlite.connect(DB_PATH) as db, db.execute(
                                                 ^^^^^^^^^^^
  File "C:\Users\pacong2\Videos\tiktobs\.venv\Lib\site-packages\aiosqlite\context.py", line 41, in __aenter__
    self._obj = await self._coro
                ^^^^^^^^^^^^^^^^
  File "C:\Users\pacong2\Videos\tiktobs\.venv\Lib\site-packages\aiosqlite\core.py", line 223, in execute
    cursor = await self._execute(self._conn.execute, sql, parameters)
             ^^^^^^^^^^^^^^^^^^^^^^^^^^^^^^^^^^^^^^^^^^^^^^^^^^^^^^^^
  File "C:\Users\pacong2\Videos\tiktobs\.venv\Lib\site-packages\aiosqlite\core.py", line 160, in _execute
    return await future
           ^^^^^^^^^^^^
  File "C:\Users\pacong2\Videos\tiktobs\.venv\Lib\site-packages\aiosqlite\core.py", line 63, in _connection_worker_thread
    result = function()
             ^^^^^^^^^^
sqlite3.OperationalError: database is locked
2026-08-07 21:22:08,344 [INFO] app.main: WebSocket client disconnected. Total clients: 0
2026-08-07 21:22:08,432 [INFO] app.main: Shutting down live connections and cleaning up...
2026-08-07 21:22:23,400 [INFO] app.main: Initializing database and application components...
2026-08-07 21:22:26,180 [INFO] app.main: WebSocket client connected. Total clients: 1
2026-08-07 21:22:32,555 [INFO] app.processor: EventProcessor active session updated to: 66b02759
2026-08-07 21:22:32,557 [INFO] app.providers.live: Connecting to TikTok live for username: @ridho_ramdani_46...
2026-08-07 21:22:37,553 [INFO] httpx: HTTP Request: GET https://www.tiktok.com/api-live/user/room/?aid=1988&app_language=en&app_name=tiktok_web&browser_language=en-GB&browser_name=Mozilla&browser_online=true&browser_platform=MacIntel&browser_version=5.0%20%28Macintosh%3B%20Intel%20Mac%20OS%20X%2010_15_7%29%20AppleWebKit%2F537.36%20%28KHTML%2C%20like%20Gecko%29%20Chrome%2F129.0.0.0%20Safari%2F537.36%20Edg%2F147.0.3912.86&cookie_enabled=true&device_platform=web_pc&focus_state=true&from_page=&history_len=5&is_fullscreen=false&is_page_visible=true&screen_height=2160&screen_width=3840&tz_name=Europe/London&channel=tiktok_web&data_collection_enabled=true&os=mac&priority_region=GB&region=GB&user_is_login=false&webcast_language=en&msToken=&referer=https://www.tiktok.com/@ridho_ramdani_46/live&root_referer=https://www.tiktok.com/@ridho_ramdani_46/live&device_id=56471692259768700366&uniqueId=ridho_ramdani_46&sourceType=54 "HTTP/1.1 200 OK"
2026-08-07 21:22:37,834 [INFO] httpx: HTTP Request: GET https://www.tiktok.com/@ridho_ramdani_46/live? "HTTP/1.1 200 OK"
2026-08-07 21:22:38,437 [INFO] httpx: HTTP Request: GET https://webcast.tiktok.com/webcast/room/check_alive/?aid=1988&app_language=en&app_name=tiktok_web&browser_language=en-GB&browser_name=Mozilla&browser_online=true&browser_platform=MacIntel&browser_version=5.0%20%28Macintosh%3B%20Intel%20Mac%20OS%20X%2010_15_7%29%20AppleWebKit%2F537.36%20%28KHTML%2C%20like%20Gecko%29%20Chrome%2F129.0.0.0%20Safari%2F537.36%20Edg%2F147.0.3912.86&cookie_enabled=true&device_platform=web_pc&focus_state=true&from_page=&history_len=5&is_fullscreen=false&is_page_visible=true&screen_height=2160&screen_width=3840&tz_name=Europe/London&channel=tiktok_web&data_collection_enabled=true&os=mac&priority_region=GB&region=GB&user_is_login=false&webcast_language=en&msToken=&referer=https://www.tiktok.com/@ridho_ramdani_46/live&root_referer=https://www.tiktok.com/@ridho_ramdani_46/live&device_id=34936735804881034465&room_id=7671260749810518805&room_ids=7671260749810518805 "HTTP/1.1 200 OK"
2026-08-07 21:22:40,109 [INFO] httpx: HTTP Request: GET https://api.eulerstream.com/webcast/fetch?client=ttlive-python&room_id=7671260749810518805&user_agent=Mozilla%2F5.0+%28Macintosh%3B+Intel+Mac+OS+X+10_15_7%29+AppleWebKit%2F537.36+%28KHTML%2C+like+Gecko%29+Chrome%2F129.0.0.0+Safari%2F537.36+Edg%2F147.0.3912.86&client_enter=true&platform=web&tt_target_idc=useast1a "HTTP/1.1 200 OK"
2026-08-07 21:22:40,300 [INFO] app.providers.live: Reconnecting to @ridho_ramdani_46 in 2.0s...
2026-08-07 21:22:44,308 [INFO] app.providers.live: Successfully connected to room 7671260749810518805
2026-08-07 21:22:45,690 [INFO] app.providers.live: Connecting to TikTok live for username: @ridho_ramdani_46...
2026-08-07 21:22:48,586 [INFO] httpx: HTTP Request: GET https://www.tiktok.com/api-live/user/room/?aid=1988&app_language=en&app_name=tiktok_web&browser_language=en-GB&browser_name=Mozilla&browser_online=true&browser_platform=MacIntel&browser_version=5.0%20%28Macintosh%3B%20Intel%20Mac%20OS%20X%2010_15_7%29%20AppleWebKit%2F537.36%20%28KHTML%2C%20like%20Gecko%29%20Chrome%2F129.0.0.0%20Safari%2F537.36%20Edg%2F147.0.3912.86&cookie_enabled=true&device_platform=web_pc&focus_state=true&from_page=&history_len=5&is_fullscreen=false&is_page_visible=true&screen_height=2160&screen_width=3840&tz_name=Europe/London&channel=tiktok_web&data_collection_enabled=true&os=mac&priority_region=GB&region=GB&user_is_login=false&webcast_language=en&msToken=&referer=https://www.tiktok.com/@ridho_ramdani_46/live&root_referer=https://www.tiktok.com/@ridho_ramdani_46/live&device_id=14210640806968195944&uniqueId=ridho_ramdani_46&sourceType=54 "HTTP/1.1 200 OK"
2026-08-07 21:22:48,814 [INFO] httpx: HTTP Request: GET https://www.tiktok.com/@ridho_ramdani_46/live? "HTTP/1.1 200 OK"
2026-08-07 21:22:49,270 [INFO] httpx: HTTP Request: GET https://webcast.tiktok.com/webcast/room/check_alive/?aid=1988&app_language=en&app_name=tiktok_web&browser_language=en-GB&browser_name=Mozilla&browser_online=true&browser_platform=MacIntel&browser_version=5.0%20%28Macintosh%3B%20Intel%20Mac%20OS%20X%2010_15_7%29%20AppleWebKit%2F537.36%20%28KHTML%2C%20like%20Gecko%29%20Chrome%2F129.0.0.0%20Safari%2F537.36%20Edg%2F147.0.3912.86&cookie_enabled=true&device_platform=web_pc&focus_state=true&from_page=&history_len=5&is_fullscreen=false&is_page_visible=true&screen_height=2160&screen_width=3840&tz_name=Europe/London&channel=tiktok_web&data_collection_enabled=true&os=mac&priority_region=GB&region=GB&user_is_login=false&webcast_language=en&msToken=&referer=https://www.tiktok.com/@ridho_ramdani_46/live&root_referer=https://www.tiktok.com/@ridho_ramdani_46/live&device_id=67627662848636559872&room_id=7671260749810518805&room_ids=7671260749810518805 "HTTP/1.1 200 OK"
2026-08-07 21:22:50,641 [INFO] httpx: HTTP Request: GET https://api.eulerstream.com/webcast/fetch?client=ttlive-python&room_id=7671260749810518805&user_agent=Mozilla%2F5.0+%28Macintosh%3B+Intel+Mac+OS+X+10_15_7%29+AppleWebKit%2F537.36+%28KHTML%2C+like+Gecko%29+Chrome%2F129.0.0.0+Safari%2F537.36+Edg%2F147.0.3912.86&client_enter=true&platform=web&tt_target_idc=useast1a "HTTP/1.1 200 OK"
2026-08-07 21:22:50,657 [INFO] app.providers.live: Reconnecting to @ridho_ramdani_46 in 4.0s...
2026-08-07 21:22:54,676 [INFO] app.providers.live: Connecting to TikTok live for username: @ridho_ramdani_46...
2026-08-07 21:22:55,675 [INFO] httpx: HTTP Request: GET https://www.tiktok.com/api-live/user/room/?aid=1988&app_language=en&app_name=tiktok_web&browser_language=en-GB&browser_name=Mozilla&browser_online=true&browser_platform=MacIntel&browser_version=5.0%20%28Macintosh%3B%20Intel%20Mac%20OS%20X%2010_15_7%29%20AppleWebKit%2F537.36%20%28KHTML%2C%20like%20Gecko%29%20Chrome%2F129.0.0.0%20Safari%2F537.36%20Edg%2F147.0.3912.86&cookie_enabled=true&device_platform=web_pc&focus_state=true&from_page=&history_len=5&is_fullscreen=false&is_page_visible=true&screen_height=2160&screen_width=3840&tz_name=Europe/London&channel=tiktok_web&data_collection_enabled=true&os=mac&priority_region=GB&region=GB&user_is_login=false&webcast_language=en&msToken=&referer=https://www.tiktok.com/@ridho_ramdani_46/live&root_referer=https://www.tiktok.com/@ridho_ramdani_46/live&device_id=46063501102939159379&uniqueId=ridho_ramdani_46&sourceType=54 "HTTP/1.1 200 OK"
2026-08-07 21:22:55,992 [INFO] httpx: HTTP Request: GET https://www.tiktok.com/@ridho_ramdani_46/live? "HTTP/1.1 200 OK"
2026-08-07 21:22:56,169 [INFO] httpx: HTTP Request: GET https://webcast.tiktok.com/webcast/room/check_alive/?aid=1988&app_language=en&app_name=tiktok_web&browser_language=en-GB&browser_name=Mozilla&browser_online=true&browser_platform=MacIntel&browser_version=5.0%20%28Macintosh%3B%20Intel%20Mac%20OS%20X%2010_15_7%29%20AppleWebKit%2F537.36%20%28KHTML%2C%20like%20Gecko%29%20Chrome%2F129.0.0.0%20Safari%2F537.36%20Edg%2F147.0.3912.86&cookie_enabled=true&device_platform=web_pc&focus_state=true&from_page=&history_len=5&is_fullscreen=false&is_page_visible=true&screen_height=2160&screen_width=3840&tz_name=Europe/London&channel=tiktok_web&data_collection_enabled=true&os=mac&priority_region=GB&region=GB&user_is_login=false&webcast_language=en&msToken=&referer=https://www.tiktok.com/@ridho_ramdani_46/live&root_referer=https://www.tiktok.com/@ridho_ramdani_46/live&device_id=47903540996382844612&room_id=7671260749810518805&room_ids=7671260749810518805 "HTTP/1.1 200 OK"
2026-08-07 21:23:00,171 [INFO] httpx: HTTP Request: GET https://api.eulerstream.com/webcast/fetch?client=ttlive-python&room_id=7671260749810518805&user_agent=Mozilla%2F5.0+%28Macintosh%3B+Intel+Mac+OS+X+10_15_7%29+AppleWebKit%2F537.36+%28KHTML%2C+like+Gecko%29+Chrome%2F129.0.0.0+Safari%2F537.36+Edg%2F147.0.3912.86&client_enter=true&platform=web&tt_target_idc=useast1a "HTTP/1.1 200 OK"
2026-08-07 21:23:02,119 [INFO] app.providers.live: Reconnecting to @ridho_ramdani_46 in 8.0s...
2026-08-07 21:23:03,044 [INFO] app.providers.live: Successfully connected to room 7671260749810518805
2026-08-07 21:23:10,124 [INFO] app.providers.live: Connecting to TikTok live for username: @ridho_ramdani_46...
2026-08-07 21:23:11,141 [INFO] httpx: HTTP Request: GET https://www.tiktok.com/api-live/user/room/?aid=1988&app_language=en&app_name=tiktok_web&browser_language=en-GB&browser_name=Mozilla&browser_online=true&browser_platform=MacIntel&browser_version=5.0%20%28Macintosh%3B%20Intel%20Mac%20OS%20X%2010_15_7%29%20AppleWebKit%2F537.36%20%28KHTML%2C%20like%20Gecko%29%20Chrome%2F129.0.0.0%20Safari%2F537.36%20Edg%2F147.0.3912.86&cookie_enabled=true&device_platform=web_pc&focus_state=true&from_page=&history_len=5&is_fullscreen=false&is_page_visible=true&screen_height=2160&screen_width=3840&tz_name=Europe/London&channel=tiktok_web&data_collection_enabled=true&os=mac&priority_region=GB&region=GB&user_is_login=false&webcast_language=en&msToken=&referer=https://www.tiktok.com/@ridho_ramdani_46/live&root_referer=https://www.tiktok.com/@ridho_ramdani_46/live&device_id=47831566174925984926&uniqueId=ridho_ramdani_46&sourceType=54 "HTTP/1.1 200 OK"
2026-08-07 21:23:11,615 [INFO] httpx: HTTP Request: GET https://www.tiktok.com/@ridho_ramdani_46/live? "HTTP/1.1 200 OK"
2026-08-07 21:23:11,832 [INFO] httpx: HTTP Request: GET https://webcast.tiktok.com/webcast/room/check_alive/?aid=1988&app_language=en&app_name=tiktok_web&browser_language=en-GB&browser_name=Mozilla&browser_online=true&browser_platform=MacIntel&browser_version=5.0%20%28Macintosh%3B%20Intel%20Mac%20OS%20X%2010_15_7%29%20AppleWebKit%2F537.36%20%28KHTML%2C%20like%20Gecko%29%20Chrome%2F129.0.0.0%20Safari%2F537.36%20Edg%2F147.0.3912.86&cookie_enabled=true&device_platform=web_pc&focus_state=true&from_page=&history_len=5&is_fullscreen=false&is_page_visible=true&screen_height=2160&screen_width=3840&tz_name=Europe/London&channel=tiktok_web&data_collection_enabled=true&os=mac&priority_region=GB&region=GB&user_is_login=false&webcast_language=en&msToken=&referer=https://www.tiktok.com/@ridho_ramdani_46/live&root_referer=https://www.tiktok.com/@ridho_ramdani_46/live&device_id=57660430590210600350&room_id=7671260749810518805&room_ids=7671260749810518805 "HTTP/1.1 200 OK"
2026-08-07 21:23:13,427 [INFO] httpx: HTTP Request: GET https://api.eulerstream.com/webcast/fetch?client=ttlive-python&room_id=7671260749810518805&user_agent=Mozilla%2F5.0+%28Macintosh%3B+Intel+Mac+OS+X+10_15_7%29+AppleWebKit%2F537.36+%28KHTML%2C+like+Gecko%29+Chrome%2F129.0.0.0+Safari%2F537.36+Edg%2F147.0.3912.86&client_enter=true&platform=web&tt_target_idc=useast1a "HTTP/1.1 200 OK"
2026-08-07 21:23:13,436 [INFO] app.providers.live: Reconnecting to @ridho_ramdani_46 in 16.0s...
2026-08-07 21:23:13,788 [ERROR] asyncio: Task exception was never retrieved
future: <Task finished name='Task-45' coro=<TikTokLiveClient._ws_client_loop() done, defined at C:\Users\pacong2\Videos\tiktobs\.venv\Lib\site-packages\TikTokLive\client\client.py:455> exception=InvalidStatusCode(400, Headers([('Date', 'Fri, 07 Aug 2026 14:22:53 GMT'), ('Content-Length', '0'), ('Connection', 'keep-alive'), ('CF-RAY', 'a276ef9f6936aecd-SIN')]))>
Traceback (most recent call last):
  File "C:\Users\pacong2\Videos\tiktobs\.venv\Lib\site-packages\TikTokLive\client\client.py", line 475, in _ws_client_loop
    async for webcast_response in self._ws.connect(
  File "C:\Users\pacong2\Videos\tiktobs\.venv\Lib\site-packages\TikTokLive\client\ws\ws_client.py", line 260, in connect
    async for webcast_push_frame, webcast_response in typing.cast(WebcastIterator, self._connection_generator):
  File "C:\Users\pacong2\Videos\tiktobs\.venv\Lib\site-packages\TikTokLive\client\ws\ws_connect.py", line 86, in __aiter__
    async with self as protocol:
               ^^^^
  File "C:\Users\pacong2\Videos\tiktobs\.venv\Lib\site-packages\websockets\legacy\client.py", line 641, in __aenter__
    return await self
           ^^^^^^^^^^
  File "C:\Users\pacong2\Videos\tiktobs\.venv\Lib\site-packages\websockets\legacy\client.py", line 662, in __await_impl__
    await protocol.handshake(
  File "C:\Users\pacong2\Videos\tiktobs\.venv\Lib\site-packages\websockets\legacy\client.py", line 317, in handshake
    raise InvalidStatusCode(status_code, response_headers)
websockets.legacy.exceptions.InvalidStatusCode: server rejected WebSocket connection: HTTP 400
2026-08-07 21:23:13,970 [INFO] app.providers.live: Successfully connected to room 7671260749810518805
2026-08-07 21:23:26,030 [INFO] app.providers.live: Connection has been stable for 10s. Reconnect delay reset to 2.0s.
2026-08-07 21:23:30,749 [INFO] app.providers.live: Connecting to TikTok live for username: @ridho_ramdani_46...
2026-08-07 21:23:30,918 [ERROR] app.processor: Error processing raw event 'like'
Traceback (most recent call last):
  File "C:\Users\pacong2\Videos\tiktobs\app\processor.py", line 45, in process_raw_event
    is_new = await database.insert_event(
             ^^^^^^^^^^^^^^^^^^^^^^^^^^^^
  File "C:\Users\pacong2\Videos\tiktobs\app\database.py", line 82, in insert_event
    async with aiosqlite.connect(DB_PATH) as db, db.execute(
                                                 ^^^^^^^^^^^
  File "C:\Users\pacong2\Videos\tiktobs\.venv\Lib\site-packages\aiosqlite\context.py", line 41, in __aenter__
    self._obj = await self._coro
                ^^^^^^^^^^^^^^^^
  File "C:\Users\pacong2\Videos\tiktobs\.venv\Lib\site-packages\aiosqlite\core.py", line 223, in execute
    cursor = await self._execute(self._conn.execute, sql, parameters)
             ^^^^^^^^^^^^^^^^^^^^^^^^^^^^^^^^^^^^^^^^^^^^^^^^^^^^^^^^
  File "C:\Users\pacong2\Videos\tiktobs\.venv\Lib\site-packages\aiosqlite\core.py", line 160, in _execute
    return await future
           ^^^^^^^^^^^^
  File "C:\Users\pacong2\Videos\tiktobs\.venv\Lib\site-packages\aiosqlite\core.py", line 63, in _connection_worker_thread
    result = function()
             ^^^^^^^^^^
sqlite3.OperationalError: database is locked
2026-08-07 21:23:30,941 [ERROR] app.processor: Error processing raw event 'viewer'
Traceback (most recent call last):
  File "C:\Users\pacong2\Videos\tiktobs\app\processor.py", line 45, in process_raw_event
    is_new = await database.insert_event(
             ^^^^^^^^^^^^^^^^^^^^^^^^^^^^
  File "C:\Users\pacong2\Videos\tiktobs\app\database.py", line 82, in insert_event
    async with aiosqlite.connect(DB_PATH) as db, db.execute(
                                                 ^^^^^^^^^^^
  File "C:\Users\pacong2\Videos\tiktobs\.venv\Lib\site-packages\aiosqlite\context.py", line 41, in __aenter__
    self._obj = await self._coro
                ^^^^^^^^^^^^^^^^
  File "C:\Users\pacong2\Videos\tiktobs\.venv\Lib\site-packages\aiosqlite\core.py", line 223, in execute
    cursor = await self._execute(self._conn.execute, sql, parameters)
             ^^^^^^^^^^^^^^^^^^^^^^^^^^^^^^^^^^^^^^^^^^^^^^^^^^^^^^^^
  File "C:\Users\pacong2\Videos\tiktobs\.venv\Lib\site-packages\aiosqlite\core.py", line 160, in _execute
    return await future
           ^^^^^^^^^^^^
  File "C:\Users\pacong2\Videos\tiktobs\.venv\Lib\site-packages\aiosqlite\core.py", line 63, in _connection_worker_thread
    result = function()
             ^^^^^^^^^^
sqlite3.OperationalError: database is locked
2026-08-07 21:23:30,947 [ERROR] app.processor: Error processing raw event 'like'
Traceback (most recent call last):
  File "C:\Users\pacong2\Videos\tiktobs\app\processor.py", line 45, in process_raw_event
    is_new = await database.insert_event(
             ^^^^^^^^^^^^^^^^^^^^^^^^^^^^
  File "C:\Users\pacong2\Videos\tiktobs\app\database.py", line 82, in insert_event
    async with aiosqlite.connect(DB_PATH) as db, db.execute(
                                                 ^^^^^^^^^^^
  File "C:\Users\pacong2\Videos\tiktobs\.venv\Lib\site-packages\aiosqlite\context.py", line 41, in __aenter__
    self._obj = await self._coro
                ^^^^^^^^^^^^^^^^
  File "C:\Users\pacong2\Videos\tiktobs\.venv\Lib\site-packages\aiosqlite\core.py", line 223, in execute
    cursor = await self._execute(self._conn.execute, sql, parameters)
             ^^^^^^^^^^^^^^^^^^^^^^^^^^^^^^^^^^^^^^^^^^^^^^^^^^^^^^^^
  File "C:\Users\pacong2\Videos\tiktobs\.venv\Lib\site-packages\aiosqlite\core.py", line 160, in _execute
    return await future
           ^^^^^^^^^^^^
  File "C:\Users\pacong2\Videos\tiktobs\.venv\Lib\site-packages\aiosqlite\core.py", line 63, in _connection_worker_thread
    result = function()
             ^^^^^^^^^^
sqlite3.OperationalError: database is locked
2026-08-07 21:23:30,965 [ERROR] app.processor: Error processing raw event 'viewer'
Traceback (most recent call last):
  File "C:\Users\pacong2\Videos\tiktobs\app\processor.py", line 45, in process_raw_event
    is_new = await database.insert_event(
             ^^^^^^^^^^^^^^^^^^^^^^^^^^^^
  File "C:\Users\pacong2\Videos\tiktobs\app\database.py", line 82, in insert_event
    async with aiosqlite.connect(DB_PATH) as db, db.execute(
                                                 ^^^^^^^^^^^
  File "C:\Users\pacong2\Videos\tiktobs\.venv\Lib\site-packages\aiosqlite\context.py", line 41, in __aenter__
    self._obj = await self._coro
                ^^^^^^^^^^^^^^^^
  File "C:\Users\pacong2\Videos\tiktobs\.venv\Lib\site-packages\aiosqlite\core.py", line 223, in execute
    cursor = await self._execute(self._conn.execute, sql, parameters)
             ^^^^^^^^^^^^^^^^^^^^^^^^^^^^^^^^^^^^^^^^^^^^^^^^^^^^^^^^
  File "C:\Users\pacong2\Videos\tiktobs\.venv\Lib\site-packages\aiosqlite\core.py", line 160, in _execute
    return await future
           ^^^^^^^^^^^^
  File "C:\Users\pacong2\Videos\tiktobs\.venv\Lib\site-packages\aiosqlite\core.py", line 63, in _connection_worker_thread
    result = function()
             ^^^^^^^^^^
sqlite3.OperationalError: database is locked
2026-08-07 21:23:30,983 [ERROR] app.processor: Error processing raw event 'viewer'
Traceback (most recent call last):
  File "C:\Users\pacong2\Videos\tiktobs\app\processor.py", line 45, in process_raw_event
    is_new = await database.insert_event(
             ^^^^^^^^^^^^^^^^^^^^^^^^^^^^
  File "C:\Users\pacong2\Videos\tiktobs\app\database.py", line 82, in insert_event
    async with aiosqlite.connect(DB_PATH) as db, db.execute(
                                                 ^^^^^^^^^^^
  File "C:\Users\pacong2\Videos\tiktobs\.venv\Lib\site-packages\aiosqlite\context.py", line 41, in __aenter__
    self._obj = await self._coro
                ^^^^^^^^^^^^^^^^
  File "C:\Users\pacong2\Videos\tiktobs\.venv\Lib\site-packages\aiosqlite\core.py", line 223, in execute
    cursor = await self._execute(self._conn.execute, sql, parameters)
             ^^^^^^^^^^^^^^^^^^^^^^^^^^^^^^^^^^^^^^^^^^^^^^^^^^^^^^^^
  File "C:\Users\pacong2\Videos\tiktobs\.venv\Lib\site-packages\aiosqlite\core.py", line 160, in _execute
    return await future
           ^^^^^^^^^^^^
  File "C:\Users\pacong2\Videos\tiktobs\.venv\Lib\site-packages\aiosqlite\core.py", line 63, in _connection_worker_thread
    result = function()
             ^^^^^^^^^^
sqlite3.OperationalError: database is locked
2026-08-07 21:23:30,997 [ERROR] app.processor: Error processing raw event 'viewer'
Traceback (most recent call last):
  File "C:\Users\pacong2\Videos\tiktobs\app\processor.py", line 45, in process_raw_event
    is_new = await database.insert_event(
             ^^^^^^^^^^^^^^^^^^^^^^^^^^^^
  File "C:\Users\pacong2\Videos\tiktobs\app\database.py", line 82, in insert_event
    async with aiosqlite.connect(DB_PATH) as db, db.execute(
                                                 ^^^^^^^^^^^
  File "C:\Users\pacong2\Videos\tiktobs\.venv\Lib\site-packages\aiosqlite\context.py", line 41, in __aenter__
    self._obj = await self._coro
                ^^^^^^^^^^^^^^^^
  File "C:\Users\pacong2\Videos\tiktobs\.venv\Lib\site-packages\aiosqlite\core.py", line 223, in execute
    cursor = await self._execute(self._conn.execute, sql, parameters)
             ^^^^^^^^^^^^^^^^^^^^^^^^^^^^^^^^^^^^^^^^^^^^^^^^^^^^^^^^
  File "C:\Users\pacong2\Videos\tiktobs\.venv\Lib\site-packages\aiosqlite\core.py", line 160, in _execute
    return await future
           ^^^^^^^^^^^^
  File "C:\Users\pacong2\Videos\tiktobs\.venv\Lib\site-packages\aiosqlite\core.py", line 63, in _connection_worker_thread
    result = function()
             ^^^^^^^^^^
sqlite3.OperationalError: database is locked
2026-08-07 21:23:32,403 [ERROR] app.processor: Error processing raw event 'viewer'
Traceback (most recent call last):
  File "C:\Users\pacong2\Videos\tiktobs\app\processor.py", line 45, in process_raw_event
    is_new = await database.insert_event(
             ^^^^^^^^^^^^^^^^^^^^^^^^^^^^
  File "C:\Users\pacong2\Videos\tiktobs\app\database.py", line 82, in insert_event
    async with aiosqlite.connect(DB_PATH) as db, db.execute(
                                                 ^^^^^^^^^^^
  File "C:\Users\pacong2\Videos\tiktobs\.venv\Lib\site-packages\aiosqlite\context.py", line 41, in __aenter__
    self._obj = await self._coro
                ^^^^^^^^^^^^^^^^
  File "C:\Users\pacong2\Videos\tiktobs\.venv\Lib\site-packages\aiosqlite\core.py", line 223, in execute
    cursor = await self._execute(self._conn.execute, sql, parameters)
             ^^^^^^^^^^^^^^^^^^^^^^^^^^^^^^^^^^^^^^^^^^^^^^^^^^^^^^^^
  File "C:\Users\pacong2\Videos\tiktobs\.venv\Lib\site-packages\aiosqlite\core.py", line 160, in _execute
    return await future
           ^^^^^^^^^^^^
  File "C:\Users\pacong2\Videos\tiktobs\.venv\Lib\site-packages\aiosqlite\core.py", line 63, in _connection_worker_thread
    result = function()
             ^^^^^^^^^^
sqlite3.OperationalError: database is locked
2026-08-07 21:23:32,408 [ERROR] app.processor: Error processing raw event 'viewer'
Traceback (most recent call last):
  File "C:\Users\pacong2\Videos\tiktobs\app\processor.py", line 45, in process_raw_event
    is_new = await database.insert_event(
             ^^^^^^^^^^^^^^^^^^^^^^^^^^^^
  File "C:\Users\pacong2\Videos\tiktobs\app\database.py", line 82, in insert_event
    async with aiosqlite.connect(DB_PATH) as db, db.execute(
                                                 ^^^^^^^^^^^
  File "C:\Users\pacong2\Videos\tiktobs\.venv\Lib\site-packages\aiosqlite\context.py", line 41, in __aenter__
    self._obj = await self._coro
                ^^^^^^^^^^^^^^^^
  File "C:\Users\pacong2\Videos\tiktobs\.venv\Lib\site-packages\aiosqlite\core.py", line 223, in execute
    cursor = await self._execute(self._conn.execute, sql, parameters)
             ^^^^^^^^^^^^^^^^^^^^^^^^^^^^^^^^^^^^^^^^^^^^^^^^^^^^^^^^
  File "C:\Users\pacong2\Videos\tiktobs\.venv\Lib\site-packages\aiosqlite\core.py", line 160, in _execute
    return await future
           ^^^^^^^^^^^^
  File "C:\Users\pacong2\Videos\tiktobs\.venv\Lib\site-packages\aiosqlite\core.py", line 63, in _connection_worker_thread
    result = function()
             ^^^^^^^^^^
sqlite3.OperationalError: database is locked
2026-08-07 21:23:32,436 [ERROR] app.processor: Error processing raw event 'like'
Traceback (most recent call last):
  File "C:\Users\pacong2\Videos\tiktobs\app\processor.py", line 45, in process_raw_event
    is_new = await database.insert_event(
             ^^^^^^^^^^^^^^^^^^^^^^^^^^^^
  File "C:\Users\pacong2\Videos\tiktobs\app\database.py", line 82, in insert_event
    async with aiosqlite.connect(DB_PATH) as db, db.execute(
                                                 ^^^^^^^^^^^
  File "C:\Users\pacong2\Videos\tiktobs\.venv\Lib\site-packages\aiosqlite\context.py", line 41, in __aenter__
    self._obj = await self._coro
                ^^^^^^^^^^^^^^^^
  File "C:\Users\pacong2\Videos\tiktobs\.venv\Lib\site-packages\aiosqlite\core.py", line 223, in execute
    cursor = await self._execute(self._conn.execute, sql, parameters)
             ^^^^^^^^^^^^^^^^^^^^^^^^^^^^^^^^^^^^^^^^^^^^^^^^^^^^^^^^
  File "C:\Users\pacong2\Videos\tiktobs\.venv\Lib\site-packages\aiosqlite\core.py", line 160, in _execute
    return await future
           ^^^^^^^^^^^^
  File "C:\Users\pacong2\Videos\tiktobs\.venv\Lib\site-packages\aiosqlite\core.py", line 63, in _connection_worker_thread
    result = function()
             ^^^^^^^^^^
sqlite3.OperationalError: database is locked
2026-08-07 21:23:32,515 [INFO] httpx: HTTP Request: GET https://www.tiktok.com/api-live/user/room/?aid=1988&app_language=en&app_name=tiktok_web&browser_language=en-GB&browser_name=Mozilla&browser_online=true&browser_platform=MacIntel&browser_version=5.0%20%28Macintosh%3B%20Intel%20Mac%20OS%20X%2010_15_7%29%20AppleWebKit%2F537.36%20%28KHTML%2C%20like%20Gecko%29%20Chrome%2F129.0.0.0%20Safari%2F537.36%20Edg%2F147.0.3912.86&cookie_enabled=true&device_platform=web_pc&focus_state=true&from_page=&history_len=5&is_fullscreen=false&is_page_visible=true&screen_height=2160&screen_width=3840&tz_name=Europe/London&channel=tiktok_web&data_collection_enabled=true&os=mac&priority_region=GB&region=GB&user_is_login=false&webcast_language=en&msToken=&referer=https://www.tiktok.com/@ridho_ramdani_46/live&root_referer=https://www.tiktok.com/@ridho_ramdani_46/live&device_id=56864003127579873499&uniqueId=ridho_ramdani_46&sourceType=54 "HTTP/1.1 200 OK"
2026-08-07 21:23:32,595 [ERROR] app.processor: Error processing raw event 'like'
Traceback (most recent call last):
  File "C:\Users\pacong2\Videos\tiktobs\app\processor.py", line 45, in process_raw_event
    is_new = await database.insert_event(
             ^^^^^^^^^^^^^^^^^^^^^^^^^^^^
  File "C:\Users\pacong2\Videos\tiktobs\app\database.py", line 82, in insert_event
    async with aiosqlite.connect(DB_PATH) as db, db.execute(
                                                 ^^^^^^^^^^^
  File "C:\Users\pacong2\Videos\tiktobs\.venv\Lib\site-packages\aiosqlite\context.py", line 41, in __aenter__
    self._obj = await self._coro
                ^^^^^^^^^^^^^^^^
  File "C:\Users\pacong2\Videos\tiktobs\.venv\Lib\site-packages\aiosqlite\core.py", line 223, in execute
    cursor = await self._execute(self._conn.execute, sql, parameters)
             ^^^^^^^^^^^^^^^^^^^^^^^^^^^^^^^^^^^^^^^^^^^^^^^^^^^^^^^^
  File "C:\Users\pacong2\Videos\tiktobs\.venv\Lib\site-packages\aiosqlite\core.py", line 160, in _execute
    return await future
           ^^^^^^^^^^^^
  File "C:\Users\pacong2\Videos\tiktobs\.venv\Lib\site-packages\aiosqlite\core.py", line 63, in _connection_worker_thread
    result = function()
             ^^^^^^^^^^
sqlite3.OperationalError: database is locked
2026-08-07 21:23:33,062 [INFO] httpx: HTTP Request: GET https://www.tiktok.com/@ridho_ramdani_46/live? "HTTP/1.1 200 OK"
2026-08-07 21:23:34,544 [INFO] httpx: HTTP Request: GET https://webcast.tiktok.com/webcast/room/check_alive/?aid=1988&app_language=en&app_name=tiktok_web&browser_language=en-GB&browser_name=Mozilla&browser_online=true&browser_platform=MacIntel&browser_version=5.0%20%28Macintosh%3B%20Intel%20Mac%20OS%20X%2010_15_7%29%20AppleWebKit%2F537.36%20%28KHTML%2C%20like%20Gecko%29%20Chrome%2F129.0.0.0%20Safari%2F537.36%20Edg%2F147.0.3912.86&cookie_enabled=true&device_platform=web_pc&focus_state=true&from_page=&history_len=5&is_fullscreen=false&is_page_visible=true&screen_height=2160&screen_width=3840&tz_name=Europe/London&channel=tiktok_web&data_collection_enabled=true&os=mac&priority_region=GB&region=GB&user_is_login=false&webcast_language=en&msToken=&referer=https://www.tiktok.com/@ridho_ramdani_46/live&root_referer=https://www.tiktok.com/@ridho_ramdani_46/live&device_id=68451934470775082174&room_id=7671260749810518805&room_ids=7671260749810518805 "HTTP/1.1 200 OK"
2026-08-07 21:23:36,212 [INFO] httpx: HTTP Request: GET https://api.eulerstream.com/webcast/fetch?client=ttlive-python&room_id=7671260749810518805&user_agent=Mozilla%2F5.0+%28Macintosh%3B+Intel+Mac+OS+X+10_15_7%29+AppleWebKit%2F537.36+%28KHTML%2C+like+Gecko%29+Chrome%2F129.0.0.0+Safari%2F537.36+Edg%2F147.0.3912.86&client_enter=true&platform=web&tt_target_idc=useast1a "HTTP/1.1 200 OK"
2026-08-07 21:23:36,281 [INFO] app.providers.live: Reconnecting to @ridho_ramdani_46 in 4.0s...
2026-08-07 21:23:36,827 [INFO] app.providers.live: Successfully connected to room 7671260749810518805
2026-08-07 21:23:42,726 [INFO] app.providers.live: Connecting to TikTok live for username: @ridho_ramdani_46...
2026-08-07 21:23:49,103 [ERROR] app.processor: Error processing raw event 'comment'
Traceback (most recent call last):
  File "C:\Users\pacong2\Videos\tiktobs\app\processor.py", line 45, in process_raw_event
    is_new = await database.insert_event(
             ^^^^^^^^^^^^^^^^^^^^^^^^^^^^
  File "C:\Users\pacong2\Videos\tiktobs\app\database.py", line 82, in insert_event
    async with aiosqlite.connect(DB_PATH) as db, db.execute(
                                                 ^^^^^^^^^^^
  File "C:\Users\pacong2\Videos\tiktobs\.venv\Lib\site-packages\aiosqlite\context.py", line 41, in __aenter__
    self._obj = await self._coro
                ^^^^^^^^^^^^^^^^
  File "C:\Users\pacong2\Videos\tiktobs\.venv\Lib\site-packages\aiosqlite\core.py", line 223, in execute
    cursor = await self._execute(self._conn.execute, sql, parameters)
             ^^^^^^^^^^^^^^^^^^^^^^^^^^^^^^^^^^^^^^^^^^^^^^^^^^^^^^^^
  File "C:\Users\pacong2\Videos\tiktobs\.venv\Lib\site-packages\aiosqlite\core.py", line 160, in _execute
    return await future
           ^^^^^^^^^^^^
  File "C:\Users\pacong2\Videos\tiktobs\.venv\Lib\site-packages\aiosqlite\core.py", line 63, in _connection_worker_thread
    result = function()
             ^^^^^^^^^^
sqlite3.OperationalError: database is locked
2026-08-07 21:23:49,110 [ERROR] app.processor: Error processing raw event 'comment'
Traceback (most recent call last):
  File "C:\Users\pacong2\Videos\tiktobs\app\processor.py", line 45, in process_raw_event
    is_new = await database.insert_event(
             ^^^^^^^^^^^^^^^^^^^^^^^^^^^^
  File "C:\Users\pacong2\Videos\tiktobs\app\database.py", line 82, in insert_event
    async with aiosqlite.connect(DB_PATH) as db, db.execute(
                                                 ^^^^^^^^^^^
  File "C:\Users\pacong2\Videos\tiktobs\.venv\Lib\site-packages\aiosqlite\context.py", line 41, in __aenter__
    self._obj = await self._coro
                ^^^^^^^^^^^^^^^^
  File "C:\Users\pacong2\Videos\tiktobs\.venv\Lib\site-packages\aiosqlite\core.py", line 223, in execute
    cursor = await self._execute(self._conn.execute, sql, parameters)
             ^^^^^^^^^^^^^^^^^^^^^^^^^^^^^^^^^^^^^^^^^^^^^^^^^^^^^^^^
  File "C:\Users\pacong2\Videos\tiktobs\.venv\Lib\site-packages\aiosqlite\core.py", line 160, in _execute
    return await future
           ^^^^^^^^^^^^
  File "C:\Users\pacong2\Videos\tiktobs\.venv\Lib\site-packages\aiosqlite\core.py", line 63, in _connection_worker_thread
    result = function()
             ^^^^^^^^^^
sqlite3.OperationalError: database is locked
2026-08-07 21:23:49,114 [ERROR] app.processor: Error processing raw event 'comment'
Traceback (most recent call last):
  File "C:\Users\pacong2\Videos\tiktobs\app\processor.py", line 45, in process_raw_event
    is_new = await database.insert_event(
             ^^^^^^^^^^^^^^^^^^^^^^^^^^^^
  File "C:\Users\pacong2\Videos\tiktobs\app\database.py", line 82, in insert_event
    async with aiosqlite.connect(DB_PATH) as db, db.execute(
                                                 ^^^^^^^^^^^
  File "C:\Users\pacong2\Videos\tiktobs\.venv\Lib\site-packages\aiosqlite\context.py", line 41, in __aenter__
    self._obj = await self._coro
                ^^^^^^^^^^^^^^^^
  File "C:\Users\pacong2\Videos\tiktobs\.venv\Lib\site-packages\aiosqlite\core.py", line 223, in execute
    cursor = await self._execute(self._conn.execute, sql, parameters)
             ^^^^^^^^^^^^^^^^^^^^^^^^^^^^^^^^^^^^^^^^^^^^^^^^^^^^^^^^
  File "C:\Users\pacong2\Videos\tiktobs\.venv\Lib\site-packages\aiosqlite\core.py", line 160, in _execute
    return await future
           ^^^^^^^^^^^^
  File "C:\Users\pacong2\Videos\tiktobs\.venv\Lib\site-packages\aiosqlite\core.py", line 63, in _connection_worker_thread
    result = function()
             ^^^^^^^^^^
sqlite3.OperationalError: database is locked
2026-08-07 21:23:49,122 [ERROR] app.processor: Error processing raw event 'comment'
Traceback (most recent call last):
  File "C:\Users\pacong2\Videos\tiktobs\app\processor.py", line 45, in process_raw_event
    is_new = await database.insert_event(
             ^^^^^^^^^^^^^^^^^^^^^^^^^^^^
  File "C:\Users\pacong2\Videos\tiktobs\app\database.py", line 82, in insert_event
    async with aiosqlite.connect(DB_PATH) as db, db.execute(
                                                 ^^^^^^^^^^^
  File "C:\Users\pacong2\Videos\tiktobs\.venv\Lib\site-packages\aiosqlite\context.py", line 41, in __aenter__
    self._obj = await self._coro
                ^^^^^^^^^^^^^^^^
  File "C:\Users\pacong2\Videos\tiktobs\.venv\Lib\site-packages\aiosqlite\core.py", line 223, in execute
    cursor = await self._execute(self._conn.execute, sql, parameters)
             ^^^^^^^^^^^^^^^^^^^^^^^^^^^^^^^^^^^^^^^^^^^^^^^^^^^^^^^^
  File "C:\Users\pacong2\Videos\tiktobs\.venv\Lib\site-packages\aiosqlite\core.py", line 160, in _execute
    return await future
           ^^^^^^^^^^^^
  File "C:\Users\pacong2\Videos\tiktobs\.venv\Lib\site-packages\aiosqlite\core.py", line 63, in _connection_worker_thread
    result = function()
             ^^^^^^^^^^
sqlite3.OperationalError: database is locked
2026-08-07 21:23:49,834 [ERROR] app.processor: Error processing raw event 'comment'
Traceback (most recent call last):
  File "C:\Users\pacong2\Videos\tiktobs\app\processor.py", line 45, in process_raw_event
    is_new = await database.insert_event(
             ^^^^^^^^^^^^^^^^^^^^^^^^^^^^
  File "C:\Users\pacong2\Videos\tiktobs\app\database.py", line 82, in insert_event
    async with aiosqlite.connect(DB_PATH) as db, db.execute(
                                                 ^^^^^^^^^^^
  File "C:\Users\pacong2\Videos\tiktobs\.venv\Lib\site-packages\aiosqlite\context.py", line 41, in __aenter__
    self._obj = await self._coro
                ^^^^^^^^^^^^^^^^
  File "C:\Users\pacong2\Videos\tiktobs\.venv\Lib\site-packages\aiosqlite\core.py", line 223, in execute
    cursor = await self._execute(self._conn.execute, sql, parameters)
             ^^^^^^^^^^^^^^^^^^^^^^^^^^^^^^^^^^^^^^^^^^^^^^^^^^^^^^^^
  File "C:\Users\pacong2\Videos\tiktobs\.venv\Lib\site-packages\aiosqlite\core.py", line 160, in _execute
    return await future
           ^^^^^^^^^^^^
  File "C:\Users\pacong2\Videos\tiktobs\.venv\Lib\site-packages\aiosqlite\core.py", line 63, in _connection_worker_thread
    result = function()
             ^^^^^^^^^^
sqlite3.OperationalError: database is locked
2026-08-07 21:23:49,845 [ERROR] app.processor: Error processing raw event 'comment'
Traceback (most recent call last):
  File "C:\Users\pacong2\Videos\tiktobs\app\processor.py", line 45, in process_raw_event
    is_new = await database.insert_event(
             ^^^^^^^^^^^^^^^^^^^^^^^^^^^^
  File "C:\Users\pacong2\Videos\tiktobs\app\database.py", line 82, in insert_event
    async with aiosqlite.connect(DB_PATH) as db, db.execute(
                                                 ^^^^^^^^^^^
  File "C:\Users\pacong2\Videos\tiktobs\.venv\Lib\site-packages\aiosqlite\context.py", line 41, in __aenter__
    self._obj = await self._coro
                ^^^^^^^^^^^^^^^^
  File "C:\Users\pacong2\Videos\tiktobs\.venv\Lib\site-packages\aiosqlite\core.py", line 223, in execute
    cursor = await self._execute(self._conn.execute, sql, parameters)
             ^^^^^^^^^^^^^^^^^^^^^^^^^^^^^^^^^^^^^^^^^^^^^^^^^^^^^^^^
  File "C:\Users\pacong2\Videos\tiktobs\.venv\Lib\site-packages\aiosqlite\core.py", line 160, in _execute
    return await future
           ^^^^^^^^^^^^
  File "C:\Users\pacong2\Videos\tiktobs\.venv\Lib\site-packages\aiosqlite\core.py", line 63, in _connection_worker_thread
    result = function()
             ^^^^^^^^^^
sqlite3.OperationalError: database is locked
2026-08-07 21:23:49,848 [ERROR] app.processor: Error processing raw event 'viewer'
Traceback (most recent call last):
  File "C:\Users\pacong2\Videos\tiktobs\app\processor.py", line 45, in process_raw_event
    is_new = await database.insert_event(
             ^^^^^^^^^^^^^^^^^^^^^^^^^^^^
  File "C:\Users\pacong2\Videos\tiktobs\app\database.py", line 82, in insert_event
    async with aiosqlite.connect(DB_PATH) as db, db.execute(
                                                 ^^^^^^^^^^^
  File "C:\Users\pacong2\Videos\tiktobs\.venv\Lib\site-packages\aiosqlite\context.py", line 41, in __aenter__
    self._obj = await self._coro
                ^^^^^^^^^^^^^^^^
  File "C:\Users\pacong2\Videos\tiktobs\.venv\Lib\site-packages\aiosqlite\core.py", line 223, in execute
    cursor = await self._execute(self._conn.execute, sql, parameters)
             ^^^^^^^^^^^^^^^^^^^^^^^^^^^^^^^^^^^^^^^^^^^^^^^^^^^^^^^^
  File "C:\Users\pacong2\Videos\tiktobs\.venv\Lib\site-packages\aiosqlite\core.py", line 160, in _execute
    return await future
           ^^^^^^^^^^^^
  File "C:\Users\pacong2\Videos\tiktobs\.venv\Lib\site-packages\aiosqlite\core.py", line 63, in _connection_worker_thread
    result = function()
             ^^^^^^^^^^
sqlite3.OperationalError: database is locked
2026-08-07 21:23:49,864 [ERROR] app.processor: Error processing raw event 'viewer'
Traceback (most recent call last):
  File "C:\Users\pacong2\Videos\tiktobs\app\processor.py", line 45, in process_raw_event
    is_new = await database.insert_event(
             ^^^^^^^^^^^^^^^^^^^^^^^^^^^^
  File "C:\Users\pacong2\Videos\tiktobs\app\database.py", line 82, in insert_event
    async with aiosqlite.connect(DB_PATH) as db, db.execute(
                                                 ^^^^^^^^^^^
  File "C:\Users\pacong2\Videos\tiktobs\.venv\Lib\site-packages\aiosqlite\context.py", line 41, in __aenter__
    self._obj = await self._coro
                ^^^^^^^^^^^^^^^^
  File "C:\Users\pacong2\Videos\tiktobs\.venv\Lib\site-packages\aiosqlite\core.py", line 223, in execute
    cursor = await self._execute(self._conn.execute, sql, parameters)
             ^^^^^^^^^^^^^^^^^^^^^^^^^^^^^^^^^^^^^^^^^^^^^^^^^^^^^^^^
  File "C:\Users\pacong2\Videos\tiktobs\.venv\Lib\site-packages\aiosqlite\core.py", line 160, in _execute
    return await future
           ^^^^^^^^^^^^
  File "C:\Users\pacong2\Videos\tiktobs\.venv\Lib\site-packages\aiosqlite\core.py", line 63, in _connection_worker_thread
    result = function()
             ^^^^^^^^^^
sqlite3.OperationalError: database is locked
2026-08-07 21:23:49,866 [ERROR] app.processor: Error processing raw event 'comment'
Traceback (most recent call last):
  File "C:\Users\pacong2\Videos\tiktobs\app\processor.py", line 45, in process_raw_event
    is_new = await database.insert_event(
             ^^^^^^^^^^^^^^^^^^^^^^^^^^^^
  File "C:\Users\pacong2\Videos\tiktobs\app\database.py", line 82, in insert_event
    async with aiosqlite.connect(DB_PATH) as db, db.execute(
                                                 ^^^^^^^^^^^
  File "C:\Users\pacong2\Videos\tiktobs\.venv\Lib\site-packages\aiosqlite\context.py", line 41, in __aenter__
    self._obj = await self._coro
                ^^^^^^^^^^^^^^^^
  File "C:\Users\pacong2\Videos\tiktobs\.venv\Lib\site-packages\aiosqlite\core.py", line 223, in execute
    cursor = await self._execute(self._conn.execute, sql, parameters)
             ^^^^^^^^^^^^^^^^^^^^^^^^^^^^^^^^^^^^^^^^^^^^^^^^^^^^^^^^
  File "C:\Users\pacong2\Videos\tiktobs\.venv\Lib\site-packages\aiosqlite\core.py", line 160, in _execute
    return await future
           ^^^^^^^^^^^^
  File "C:\Users\pacong2\Videos\tiktobs\.venv\Lib\site-packages\aiosqlite\core.py", line 63, in _connection_worker_thread
    result = function()
             ^^^^^^^^^^
sqlite3.OperationalError: database is locked
2026-08-07 21:23:49,883 [ERROR] app.processor: Error processing raw event 'like'
Traceback (most recent call last):
  File "C:\Users\pacong2\Videos\tiktobs\app\processor.py", line 45, in process_raw_event
    is_new = await database.insert_event(
             ^^^^^^^^^^^^^^^^^^^^^^^^^^^^
  File "C:\Users\pacong2\Videos\tiktobs\app\database.py", line 82, in insert_event
    async with aiosqlite.connect(DB_PATH) as db, db.execute(
                                                 ^^^^^^^^^^^
  File "C:\Users\pacong2\Videos\tiktobs\.venv\Lib\site-packages\aiosqlite\context.py", line 41, in __aenter__
    self._obj = await self._coro
                ^^^^^^^^^^^^^^^^
  File "C:\Users\pacong2\Videos\tiktobs\.venv\Lib\site-packages\aiosqlite\core.py", line 223, in execute
    cursor = await self._execute(self._conn.execute, sql, parameters)
             ^^^^^^^^^^^^^^^^^^^^^^^^^^^^^^^^^^^^^^^^^^^^^^^^^^^^^^^^
  File "C:\Users\pacong2\Videos\tiktobs\.venv\Lib\site-packages\aiosqlite\core.py", line 160, in _execute
    return await future
           ^^^^^^^^^^^^
  File "C:\Users\pacong2\Videos\tiktobs\.venv\Lib\site-packages\aiosqlite\core.py", line 63, in _connection_worker_thread
    result = function()
             ^^^^^^^^^^
sqlite3.OperationalError: database is locked
2026-08-07 21:23:49,910 [ERROR] app.processor: Error processing raw event 'comment'
Traceback (most recent call last):
  File "C:\Users\pacong2\Videos\tiktobs\app\processor.py", line 45, in process_raw_event
    is_new = await database.insert_event(
             ^^^^^^^^^^^^^^^^^^^^^^^^^^^^
  File "C:\Users\pacong2\Videos\tiktobs\app\database.py", line 82, in insert_event
    async with aiosqlite.connect(DB_PATH) as db, db.execute(
                                                 ^^^^^^^^^^^
  File "C:\Users\pacong2\Videos\tiktobs\.venv\Lib\site-packages\aiosqlite\context.py", line 41, in __aenter__
    self._obj = await self._coro
                ^^^^^^^^^^^^^^^^
  File "C:\Users\pacong2\Videos\tiktobs\.venv\Lib\site-packages\aiosqlite\core.py", line 223, in execute
    cursor = await self._execute(self._conn.execute, sql, parameters)
             ^^^^^^^^^^^^^^^^^^^^^^^^^^^^^^^^^^^^^^^^^^^^^^^^^^^^^^^^
  File "C:\Users\pacong2\Videos\tiktobs\.venv\Lib\site-packages\aiosqlite\core.py", line 160, in _execute
    return await future
           ^^^^^^^^^^^^
  File "C:\Users\pacong2\Videos\tiktobs\.venv\Lib\site-packages\aiosqlite\core.py", line 63, in _connection_worker_thread
    result = function()
             ^^^^^^^^^^
sqlite3.OperationalError: database is locked
2026-08-07 21:23:49,928 [ERROR] app.processor: Error processing raw event 'like'
Traceback (most recent call last):
  File "C:\Users\pacong2\Videos\tiktobs\app\processor.py", line 45, in process_raw_event
    is_new = await database.insert_event(
             ^^^^^^^^^^^^^^^^^^^^^^^^^^^^
  File "C:\Users\pacong2\Videos\tiktobs\app\database.py", line 82, in insert_event
    async with aiosqlite.connect(DB_PATH) as db, db.execute(
                                                 ^^^^^^^^^^^
  File "C:\Users\pacong2\Videos\tiktobs\.venv\Lib\site-packages\aiosqlite\context.py", line 41, in __aenter__
    self._obj = await self._coro
                ^^^^^^^^^^^^^^^^
  File "C:\Users\pacong2\Videos\tiktobs\.venv\Lib\site-packages\aiosqlite\core.py", line 223, in execute
    cursor = await self._execute(self._conn.execute, sql, parameters)
             ^^^^^^^^^^^^^^^^^^^^^^^^^^^^^^^^^^^^^^^^^^^^^^^^^^^^^^^^
  File "C:\Users\pacong2\Videos\tiktobs\.venv\Lib\site-packages\aiosqlite\core.py", line 160, in _execute
    return await future
           ^^^^^^^^^^^^
  File "C:\Users\pacong2\Videos\tiktobs\.venv\Lib\site-packages\aiosqlite\core.py", line 63, in _connection_worker_thread
    result = function()
             ^^^^^^^^^^
sqlite3.OperationalError: database is locked
2026-08-07 21:23:49,933 [ERROR] app.processor: Error processing raw event 'viewer'
Traceback (most recent call last):
  File "C:\Users\pacong2\Videos\tiktobs\app\processor.py", line 45, in process_raw_event
    is_new = await database.insert_event(
             ^^^^^^^^^^^^^^^^^^^^^^^^^^^^
  File "C:\Users\pacong2\Videos\tiktobs\app\database.py", line 82, in insert_event
    async with aiosqlite.connect(DB_PATH) as db, db.execute(
                                                 ^^^^^^^^^^^
  File "C:\Users\pacong2\Videos\tiktobs\.venv\Lib\site-packages\aiosqlite\context.py", line 41, in __aenter__
    self._obj = await self._coro
                ^^^^^^^^^^^^^^^^
  File "C:\Users\pacong2\Videos\tiktobs\.venv\Lib\site-packages\aiosqlite\core.py", line 223, in execute
    cursor = await self._execute(self._conn.execute, sql, parameters)
             ^^^^^^^^^^^^^^^^^^^^^^^^^^^^^^^^^^^^^^^^^^^^^^^^^^^^^^^^
  File "C:\Users\pacong2\Videos\tiktobs\.venv\Lib\site-packages\aiosqlite\core.py", line 160, in _execute
    return await future
           ^^^^^^^^^^^^
  File "C:\Users\pacong2\Videos\tiktobs\.venv\Lib\site-packages\aiosqlite\core.py", line 63, in _connection_worker_thread
    result = function()
             ^^^^^^^^^^
sqlite3.OperationalError: database is locked
2026-08-07 21:23:49,965 [ERROR] app.processor: Error processing raw event 'comment'
Traceback (most recent call last):
  File "C:\Users\pacong2\Videos\tiktobs\app\processor.py", line 45, in process_raw_event
    is_new = await database.insert_event(
             ^^^^^^^^^^^^^^^^^^^^^^^^^^^^
  File "C:\Users\pacong2\Videos\tiktobs\app\database.py", line 82, in insert_event
    async with aiosqlite.connect(DB_PATH) as db, db.execute(
                                                 ^^^^^^^^^^^
  File "C:\Users\pacong2\Videos\tiktobs\.venv\Lib\site-packages\aiosqlite\context.py", line 41, in __aenter__
    self._obj = await self._coro
                ^^^^^^^^^^^^^^^^
  File "C:\Users\pacong2\Videos\tiktobs\.venv\Lib\site-packages\aiosqlite\core.py", line 223, in execute
    cursor = await self._execute(self._conn.execute, sql, parameters)
             ^^^^^^^^^^^^^^^^^^^^^^^^^^^^^^^^^^^^^^^^^^^^^^^^^^^^^^^^
  File "C:\Users\pacong2\Videos\tiktobs\.venv\Lib\site-packages\aiosqlite\core.py", line 160, in _execute
    return await future
           ^^^^^^^^^^^^
  File "C:\Users\pacong2\Videos\tiktobs\.venv\Lib\site-packages\aiosqlite\core.py", line 63, in _connection_worker_thread
    result = function()
             ^^^^^^^^^^
sqlite3.OperationalError: database is locked
2026-08-07 21:23:49,996 [ERROR] app.processor: Error processing raw event 'like'
Traceback (most recent call last):
  File "C:\Users\pacong2\Videos\tiktobs\app\processor.py", line 45, in process_raw_event
    is_new = await database.insert_event(
             ^^^^^^^^^^^^^^^^^^^^^^^^^^^^
  File "C:\Users\pacong2\Videos\tiktobs\app\database.py", line 82, in insert_event
    async with aiosqlite.connect(DB_PATH) as db, db.execute(
                                                 ^^^^^^^^^^^
  File "C:\Users\pacong2\Videos\tiktobs\.venv\Lib\site-packages\aiosqlite\context.py", line 41, in __aenter__
    self._obj = await self._coro
                ^^^^^^^^^^^^^^^^
  File "C:\Users\pacong2\Videos\tiktobs\.venv\Lib\site-packages\aiosqlite\core.py", line 223, in execute
    cursor = await self._execute(self._conn.execute, sql, parameters)
             ^^^^^^^^^^^^^^^^^^^^^^^^^^^^^^^^^^^^^^^^^^^^^^^^^^^^^^^^
  File "C:\Users\pacong2\Videos\tiktobs\.venv\Lib\site-packages\aiosqlite\core.py", line 160, in _execute
    return await future
           ^^^^^^^^^^^^
  File "C:\Users\pacong2\Videos\tiktobs\.venv\Lib\site-packages\aiosqlite\core.py", line 63, in _connection_worker_thread
    result = function()
             ^^^^^^^^^^
sqlite3.OperationalError: database is locked
2026-08-07 21:23:50,024 [ERROR] app.providers.live: Connection failed for @ridho_ramdani_46
Traceback (most recent call last):
  File "C:\Users\pacong2\Videos\tiktobs\.venv\Lib\site-packages\httpx\_transports\default.py", line 101, in map_httpcore_exceptions
    yield
  File "C:\Users\pacong2\Videos\tiktobs\.venv\Lib\site-packages\httpx\_transports\default.py", line 394, in handle_async_request
    resp = await self._pool.handle_async_request(req)
           ^^^^^^^^^^^^^^^^^^^^^^^^^^^^^^^^^^^^^^^^^^
  File "C:\Users\pacong2\Videos\tiktobs\.venv\Lib\site-packages\httpcore\_async\connection_pool.py", line 256, in handle_async_request
    raise exc from None
  File "C:\Users\pacong2\Videos\tiktobs\.venv\Lib\site-packages\httpcore\_async\connection_pool.py", line 236, in handle_async_request
    response = await connection.handle_async_request(
               ^^^^^^^^^^^^^^^^^^^^^^^^^^^^^^^^^^^^^^
  File "C:\Users\pacong2\Videos\tiktobs\.venv\Lib\site-packages\httpcore\_async\connection.py", line 101, in handle_async_request
    raise exc
  File "C:\Users\pacong2\Videos\tiktobs\.venv\Lib\site-packages\httpcore\_async\connection.py", line 78, in handle_async_request
    stream = await self._connect(request)
             ^^^^^^^^^^^^^^^^^^^^^^^^^^^^
  File "C:\Users\pacong2\Videos\tiktobs\.venv\Lib\site-packages\httpcore\_async\connection.py", line 124, in _connect
    stream = await self._network_backend.connect_tcp(**kwargs)
             ^^^^^^^^^^^^^^^^^^^^^^^^^^^^^^^^^^^^^^^^^^^^^^^^^
  File "C:\Users\pacong2\Videos\tiktobs\.venv\Lib\site-packages\httpcore\_backends\auto.py", line 31, in connect_tcp
    return await self._backend.connect_tcp(
           ^^^^^^^^^^^^^^^^^^^^^^^^^^^^^^^^
  File "C:\Users\pacong2\Videos\tiktobs\.venv\Lib\site-packages\httpcore\_backends\anyio.py", line 113, in connect_tcp
    with map_exceptions(exc_map):
         ^^^^^^^^^^^^^^^^^^^^^^^
  File "C:\Users\pacong2\AppData\Roaming\uv\python\cpython-3.12-windows-x86_64-none\Lib\contextlib.py", line 158, in __exit__
    self.gen.throw(value)
  File "C:\Users\pacong2\Videos\tiktobs\.venv\Lib\site-packages\httpcore\_exceptions.py", line 14, in map_exceptions
    raise to_exc(exc) from exc
httpcore.ConnectTimeout

The above exception was the direct cause of the following exception:

Traceback (most recent call last):
  File "C:\Users\pacong2\Videos\tiktobs\app\providers\live.py", line 94, in _run_connection_loop
    is_live = await self.client.is_live()
              ^^^^^^^^^^^^^^^^^^^^^^^^^^^
  File "C:\Users\pacong2\Videos\tiktobs\.venv\Lib\site-packages\TikTokLive\client\client.py", line 594, in is_live
    return await self._web.fetch_is_live(unique_id=unique_id or self.unique_id)
           ^^^^^^^^^^^^^^^^^^^^^^^^^^^^^^^^^^^^^^^^^^^^^^^^^^^^^^^^^^^^^^^^^^^^
  File "C:\Users\pacong2\Videos\tiktobs\.venv\Lib\site-packages\TikTokLive\client\web\routes\fetch_is_live.py", line 67, in __call__
    return await self.fetch_is_live_unique_id(unique_id)
           ^^^^^^^^^^^^^^^^^^^^^^^^^^^^^^^^^^^^^^^^^^^^^
  File "C:\Users\pacong2\Videos\tiktobs\.venv\Lib\site-packages\TikTokLive\client\web\routes\fetch_is_live.py", line 97, in fetch_is_live_unique_id
    response_json: dict = await FetchRoomIdAPIRoute.fetch_user_room_data(
                          ^^^^^^^^^^^^^^^^^^^^^^^^^^^^^^^^^^^^^^^^^^^^^^^
  File "C:\Users\pacong2\Videos\tiktobs\.venv\Lib\site-packages\TikTokLive\client\web\routes\fetch_room_id_api.py", line 44, in fetch_user_room_data
    response: Response = await web.get(
                         ^^^^^^^^^^^^^^
  File "C:\Users\pacong2\Videos\tiktobs\.venv\Lib\site-packages\TikTokLive\client\web\web_base.py", line 319, in get
    return await self.request(
           ^^^^^^^^^^^^^^^^^^^
  File "C:\Users\pacong2\Videos\tiktobs\.venv\Lib\site-packages\TikTokLive\client\web\web_base.py", line 304, in request
    return await http_client.send(request)
           ^^^^^^^^^^^^^^^^^^^^^^^^^^^^^^^
  File "C:\Users\pacong2\Videos\tiktobs\.venv\Lib\site-packages\httpx\_client.py", line 1629, in send
    response = await self._send_handling_auth(
               ^^^^^^^^^^^^^^^^^^^^^^^^^^^^^^^
  File "C:\Users\pacong2\Videos\tiktobs\.venv\Lib\site-packages\httpx\_client.py", line 1657, in _send_handling_auth
    response = await self._send_handling_redirects(
               ^^^^^^^^^^^^^^^^^^^^^^^^^^^^^^^^^^^^
  File "C:\Users\pacong2\Videos\tiktobs\.venv\Lib\site-packages\httpx\_client.py", line 1694, in _send_handling_redirects
    response = await self._send_single_request(request)
               ^^^^^^^^^^^^^^^^^^^^^^^^^^^^^^^^^^^^^^^^
  File "C:\Users\pacong2\Videos\tiktobs\.venv\Lib\site-packages\httpx\_client.py", line 1730, in _send_single_request
    response = await transport.handle_async_request(request)
               ^^^^^^^^^^^^^^^^^^^^^^^^^^^^^^^^^^^^^^^^^^^^^
  File "C:\Users\pacong2\Videos\tiktobs\.venv\Lib\site-packages\httpx\_transports\default.py", line 393, in handle_async_request
    with map_httpcore_exceptions():
         ^^^^^^^^^^^^^^^^^^^^^^^^^
  File "C:\Users\pacong2\AppData\Roaming\uv\python\cpython-3.12-windows-x86_64-none\Lib\contextlib.py", line 158, in __exit__
    self.gen.throw(value)
  File "C:\Users\pacong2\Videos\tiktobs\.venv\Lib\site-packages\httpx\_transports\default.py", line 118, in map_httpcore_exceptions
    raise mapped_exc(message) from exc
httpx.ConnectTimeout
2026-08-07 21:23:51,079 [ERROR] app.processor: Error processing raw event 'like'
Traceback (most recent call last):
  File "C:\Users\pacong2\Videos\tiktobs\app\processor.py", line 45, in process_raw_event
    is_new = await database.insert_event(
             ^^^^^^^^^^^^^^^^^^^^^^^^^^^^
  File "C:\Users\pacong2\Videos\tiktobs\app\database.py", line 82, in insert_event
    async with aiosqlite.connect(DB_PATH) as db, db.execute(
                                                 ^^^^^^^^^^^
  File "C:\Users\pacong2\Videos\tiktobs\.venv\Lib\site-packages\aiosqlite\context.py", line 41, in __aenter__
    self._obj = await self._coro
                ^^^^^^^^^^^^^^^^
  File "C:\Users\pacong2\Videos\tiktobs\.venv\Lib\site-packages\aiosqlite\core.py", line 223, in execute
    cursor = await self._execute(self._conn.execute, sql, parameters)
             ^^^^^^^^^^^^^^^^^^^^^^^^^^^^^^^^^^^^^^^^^^^^^^^^^^^^^^^^
  File "C:\Users\pacong2\Videos\tiktobs\.venv\Lib\site-packages\aiosqlite\core.py", line 160, in _execute
    return await future
           ^^^^^^^^^^^^
  File "C:\Users\pacong2\Videos\tiktobs\.venv\Lib\site-packages\aiosqlite\core.py", line 63, in _connection_worker_thread
    result = function()
             ^^^^^^^^^^
sqlite3.OperationalError: database is locked
2026-08-07 21:23:51,084 [ERROR] app.processor: Error processing raw event 'like'
Traceback (most recent call last):
  File "C:\Users\pacong2\Videos\tiktobs\app\processor.py", line 45, in process_raw_event
    is_new = await database.insert_event(
             ^^^^^^^^^^^^^^^^^^^^^^^^^^^^
  File "C:\Users\pacong2\Videos\tiktobs\app\database.py", line 82, in insert_event
    async with aiosqlite.connect(DB_PATH) as db, db.execute(
                                                 ^^^^^^^^^^^
  File "C:\Users\pacong2\Videos\tiktobs\.venv\Lib\site-packages\aiosqlite\context.py", line 41, in __aenter__
    self._obj = await self._coro
                ^^^^^^^^^^^^^^^^
  File "C:\Users\pacong2\Videos\tiktobs\.venv\Lib\site-packages\aiosqlite\core.py", line 223, in execute
    cursor = await self._execute(self._conn.execute, sql, parameters)
             ^^^^^^^^^^^^^^^^^^^^^^^^^^^^^^^^^^^^^^^^^^^^^^^^^^^^^^^^
  File "C:\Users\pacong2\Videos\tiktobs\.venv\Lib\site-packages\aiosqlite\core.py", line 160, in _execute
    return await future
           ^^^^^^^^^^^^
  File "C:\Users\pacong2\Videos\tiktobs\.venv\Lib\site-packages\aiosqlite\core.py", line 63, in _connection_worker_thread
    result = function()
             ^^^^^^^^^^
sqlite3.OperationalError: database is locked
2026-08-07 21:23:51,101 [ERROR] app.processor: Error processing raw event 'like'
Traceback (most recent call last):
  File "C:\Users\pacong2\Videos\tiktobs\app\processor.py", line 45, in process_raw_event
    is_new = await database.insert_event(
             ^^^^^^^^^^^^^^^^^^^^^^^^^^^^
  File "C:\Users\pacong2\Videos\tiktobs\app\database.py", line 82, in insert_event
    async with aiosqlite.connect(DB_PATH) as db, db.execute(
                                                 ^^^^^^^^^^^
  File "C:\Users\pacong2\Videos\tiktobs\.venv\Lib\site-packages\aiosqlite\context.py", line 41, in __aenter__
    self._obj = await self._coro
                ^^^^^^^^^^^^^^^^
  File "C:\Users\pacong2\Videos\tiktobs\.venv\Lib\site-packages\aiosqlite\core.py", line 223, in execute
    cursor = await self._execute(self._conn.execute, sql, parameters)
             ^^^^^^^^^^^^^^^^^^^^^^^^^^^^^^^^^^^^^^^^^^^^^^^^^^^^^^^^
  File "C:\Users\pacong2\Videos\tiktobs\.venv\Lib\site-packages\aiosqlite\core.py", line 160, in _execute
    return await future
           ^^^^^^^^^^^^
  File "C:\Users\pacong2\Videos\tiktobs\.venv\Lib\site-packages\aiosqlite\core.py", line 63, in _connection_worker_thread
    result = function()
             ^^^^^^^^^^
sqlite3.OperationalError: database is locked
2026-08-07 21:23:51,162 [ERROR] app.processor: Error processing raw event 'like'
Traceback (most recent call last):
  File "C:\Users\pacong2\Videos\tiktobs\app\processor.py", line 45, in process_raw_event
    is_new = await database.insert_event(
             ^^^^^^^^^^^^^^^^^^^^^^^^^^^^
  File "C:\Users\pacong2\Videos\tiktobs\app\database.py", line 82, in insert_event
    async with aiosqlite.connect(DB_PATH) as db, db.execute(
                                                 ^^^^^^^^^^^
  File "C:\Users\pacong2\Videos\tiktobs\.venv\Lib\site-packages\aiosqlite\context.py", line 41, in __aenter__
    self._obj = await self._coro
                ^^^^^^^^^^^^^^^^
  File "C:\Users\pacong2\Videos\tiktobs\.venv\Lib\site-packages\aiosqlite\core.py", line 223, in execute
    cursor = await self._execute(self._conn.execute, sql, parameters)
             ^^^^^^^^^^^^^^^^^^^^^^^^^^^^^^^^^^^^^^^^^^^^^^^^^^^^^^^^
  File "C:\Users\pacong2\Videos\tiktobs\.venv\Lib\site-packages\aiosqlite\core.py", line 160, in _execute
    return await future
           ^^^^^^^^^^^^
  File "C:\Users\pacong2\Videos\tiktobs\.venv\Lib\site-packages\aiosqlite\core.py", line 63, in _connection_worker_thread
    result = function()
             ^^^^^^^^^^
sqlite3.OperationalError: database is locked
2026-08-07 21:23:51,185 [ERROR] app.processor: Error processing raw event 'like'
Traceback (most recent call last):
  File "C:\Users\pacong2\Videos\tiktobs\app\processor.py", line 45, in process_raw_event
    is_new = await database.insert_event(
             ^^^^^^^^^^^^^^^^^^^^^^^^^^^^
  File "C:\Users\pacong2\Videos\tiktobs\app\database.py", line 82, in insert_event
    async with aiosqlite.connect(DB_PATH) as db, db.execute(
                                                 ^^^^^^^^^^^
  File "C:\Users\pacong2\Videos\tiktobs\.venv\Lib\site-packages\aiosqlite\context.py", line 41, in __aenter__
    self._obj = await self._coro
                ^^^^^^^^^^^^^^^^
  File "C:\Users\pacong2\Videos\tiktobs\.venv\Lib\site-packages\aiosqlite\core.py", line 223, in execute
    cursor = await self._execute(self._conn.execute, sql, parameters)
             ^^^^^^^^^^^^^^^^^^^^^^^^^^^^^^^^^^^^^^^^^^^^^^^^^^^^^^^^
  File "C:\Users\pacong2\Videos\tiktobs\.venv\Lib\site-packages\aiosqlite\core.py", line 160, in _execute
    return await future
           ^^^^^^^^^^^^
  File "C:\Users\pacong2\Videos\tiktobs\.venv\Lib\site-packages\aiosqlite\core.py", line 63, in _connection_worker_thread
    result = function()
             ^^^^^^^^^^
sqlite3.OperationalError: database is locked
2026-08-07 21:23:52,448 [ERROR] app.processor: Error processing raw event 'like'
Traceback (most recent call last):
  File "C:\Users\pacong2\Videos\tiktobs\app\processor.py", line 45, in process_raw_event
    is_new = await database.insert_event(
             ^^^^^^^^^^^^^^^^^^^^^^^^^^^^
  File "C:\Users\pacong2\Videos\tiktobs\app\database.py", line 82, in insert_event
    async with aiosqlite.connect(DB_PATH) as db, db.execute(
                                                 ^^^^^^^^^^^
  File "C:\Users\pacong2\Videos\tiktobs\.venv\Lib\site-packages\aiosqlite\context.py", line 41, in __aenter__
    self._obj = await self._coro
                ^^^^^^^^^^^^^^^^
  File "C:\Users\pacong2\Videos\tiktobs\.venv\Lib\site-packages\aiosqlite\core.py", line 223, in execute
    cursor = await self._execute(self._conn.execute, sql, parameters)
             ^^^^^^^^^^^^^^^^^^^^^^^^^^^^^^^^^^^^^^^^^^^^^^^^^^^^^^^^
  File "C:\Users\pacong2\Videos\tiktobs\.venv\Lib\site-packages\aiosqlite\core.py", line 160, in _execute
    return await future
           ^^^^^^^^^^^^
  File "C:\Users\pacong2\Videos\tiktobs\.venv\Lib\site-packages\aiosqlite\core.py", line 63, in _connection_worker_thread
    result = function()
             ^^^^^^^^^^
sqlite3.OperationalError: database is locked
2026-08-07 21:23:52,484 [INFO] app.processor: EventProcessor active session updated to: None
2026-08-07 21:23:52,582 [INFO] app.providers.live: Reconnecting to @ridho_ramdani_46 in 8.0s...
2026-08-07 21:23:52,666 [ERROR] app.processor: Error processing raw event 'like'
Traceback (most recent call last):
  File "C:\Users\pacong2\Videos\tiktobs\app\processor.py", line 45, in process_raw_event
    is_new = await database.insert_event(
             ^^^^^^^^^^^^^^^^^^^^^^^^^^^^
  File "C:\Users\pacong2\Videos\tiktobs\app\database.py", line 82, in insert_event
    async with aiosqlite.connect(DB_PATH) as db, db.execute(
                                                 ^^^^^^^^^^^
  File "C:\Users\pacong2\Videos\tiktobs\.venv\Lib\site-packages\aiosqlite\context.py", line 41, in __aenter__
    self._obj = await self._coro
                ^^^^^^^^^^^^^^^^
  File "C:\Users\pacong2\Videos\tiktobs\.venv\Lib\site-packages\aiosqlite\core.py", line 223, in execute
    cursor = await self._execute(self._conn.execute, sql, parameters)
             ^^^^^^^^^^^^^^^^^^^^^^^^^^^^^^^^^^^^^^^^^^^^^^^^^^^^^^^^
  File "C:\Users\pacong2\Videos\tiktobs\.venv\Lib\site-packages\aiosqlite\core.py", line 160, in _execute
    return await future
           ^^^^^^^^^^^^
  File "C:\Users\pacong2\Videos\tiktobs\.venv\Lib\site-packages\aiosqlite\core.py", line 63, in _connection_worker_thread
    result = function()
             ^^^^^^^^^^
sqlite3.OperationalError: database is locked
2026-08-07 21:23:52,696 [ERROR] app.processor: Error processing raw event 'viewer'
Traceback (most recent call last):
  File "C:\Users\pacong2\Videos\tiktobs\app\processor.py", line 45, in process_raw_event
    is_new = await database.insert_event(
             ^^^^^^^^^^^^^^^^^^^^^^^^^^^^
  File "C:\Users\pacong2\Videos\tiktobs\app\database.py", line 82, in insert_event
    async with aiosqlite.connect(DB_PATH) as db, db.execute(
                                                 ^^^^^^^^^^^
  File "C:\Users\pacong2\Videos\tiktobs\.venv\Lib\site-packages\aiosqlite\context.py", line 41, in __aenter__
    self._obj = await self._coro
                ^^^^^^^^^^^^^^^^
  File "C:\Users\pacong2\Videos\tiktobs\.venv\Lib\site-packages\aiosqlite\core.py", line 223, in execute
    cursor = await self._execute(self._conn.execute, sql, parameters)
             ^^^^^^^^^^^^^^^^^^^^^^^^^^^^^^^^^^^^^^^^^^^^^^^^^^^^^^^^
  File "C:\Users\pacong2\Videos\tiktobs\.venv\Lib\site-packages\aiosqlite\core.py", line 160, in _execute
    return await future
           ^^^^^^^^^^^^
  File "C:\Users\pacong2\Videos\tiktobs\.venv\Lib\site-packages\aiosqlite\core.py", line 63, in _connection_worker_thread
    result = function()
             ^^^^^^^^^^
sqlite3.OperationalError: database is locked
2026-08-07 21:23:52,731 [ERROR] app.processor: Error processing raw event 'like'
Traceback (most recent call last):
  File "C:\Users\pacong2\Videos\tiktobs\app\processor.py", line 45, in process_raw_event
    is_new = await database.insert_event(
             ^^^^^^^^^^^^^^^^^^^^^^^^^^^^
  File "C:\Users\pacong2\Videos\tiktobs\app\database.py", line 82, in insert_event
    async with aiosqlite.connect(DB_PATH) as db, db.execute(
                                                 ^^^^^^^^^^^
  File "C:\Users\pacong2\Videos\tiktobs\.venv\Lib\site-packages\aiosqlite\context.py", line 41, in __aenter__
    self._obj = await self._coro
                ^^^^^^^^^^^^^^^^
  File "C:\Users\pacong2\Videos\tiktobs\.venv\Lib\site-packages\aiosqlite\core.py", line 223, in execute
    cursor = await self._execute(self._conn.execute, sql, parameters)
             ^^^^^^^^^^^^^^^^^^^^^^^^^^^^^^^^^^^^^^^^^^^^^^^^^^^^^^^^
  File "C:\Users\pacong2\Videos\tiktobs\.venv\Lib\site-packages\aiosqlite\core.py", line 160, in _execute
    return await future
           ^^^^^^^^^^^^
  File "C:\Users\pacong2\Videos\tiktobs\.venv\Lib\site-packages\aiosqlite\core.py", line 63, in _connection_worker_thread
    result = function()
             ^^^^^^^^^^
sqlite3.OperationalError: database is locked
2026-08-07 21:23:52,793 [ERROR] app.processor: Error processing raw event 'viewer'
Traceback (most recent call last):
  File "C:\Users\pacong2\Videos\tiktobs\app\processor.py", line 45, in process_raw_event
    is_new = await database.insert_event(
             ^^^^^^^^^^^^^^^^^^^^^^^^^^^^
  File "C:\Users\pacong2\Videos\tiktobs\app\database.py", line 82, in insert_event
    async with aiosqlite.connect(DB_PATH) as db, db.execute(
                                                 ^^^^^^^^^^^
  File "C:\Users\pacong2\Videos\tiktobs\.venv\Lib\site-packages\aiosqlite\context.py", line 41, in __aenter__
    self._obj = await self._coro
                ^^^^^^^^^^^^^^^^
  File "C:\Users\pacong2\Videos\tiktobs\.venv\Lib\site-packages\aiosqlite\core.py", line 223, in execute
    cursor = await self._execute(self._conn.execute, sql, parameters)
             ^^^^^^^^^^^^^^^^^^^^^^^^^^^^^^^^^^^^^^^^^^^^^^^^^^^^^^^^
  File "C:\Users\pacong2\Videos\tiktobs\.venv\Lib\site-packages\aiosqlite\core.py", line 160, in _execute
    return await future
           ^^^^^^^^^^^^
  File "C:\Users\pacong2\Videos\tiktobs\.venv\Lib\site-packages\aiosqlite\core.py", line 63, in _connection_worker_thread
    result = function()
             ^^^^^^^^^^
sqlite3.OperationalError: database is locked
2026-08-07 21:23:52,871 [ERROR] app.processor: Error processing raw event 'like'
Traceback (most recent call last):
  File "C:\Users\pacong2\Videos\tiktobs\app\processor.py", line 45, in process_raw_event
    is_new = await database.insert_event(
             ^^^^^^^^^^^^^^^^^^^^^^^^^^^^
  File "C:\Users\pacong2\Videos\tiktobs\app\database.py", line 82, in insert_event
    async with aiosqlite.connect(DB_PATH) as db, db.execute(
                                                 ^^^^^^^^^^^
  File "C:\Users\pacong2\Videos\tiktobs\.venv\Lib\site-packages\aiosqlite\context.py", line 41, in __aenter__
    self._obj = await self._coro
                ^^^^^^^^^^^^^^^^
  File "C:\Users\pacong2\Videos\tiktobs\.venv\Lib\site-packages\aiosqlite\core.py", line 223, in execute
    cursor = await self._execute(self._conn.execute, sql, parameters)
             ^^^^^^^^^^^^^^^^^^^^^^^^^^^^^^^^^^^^^^^^^^^^^^^^^^^^^^^^
  File "C:\Users\pacong2\Videos\tiktobs\.venv\Lib\site-packages\aiosqlite\core.py", line 160, in _execute
    return await future
           ^^^^^^^^^^^^
  File "C:\Users\pacong2\Videos\tiktobs\.venv\Lib\site-packages\aiosqlite\core.py", line 63, in _connection_worker_thread
    result = function()
             ^^^^^^^^^^
sqlite3.OperationalError: database is locked
2026-08-07 21:23:52,914 [ERROR] app.processor: Error processing raw event 'viewer'
Traceback (most recent call last):
  File "C:\Users\pacong2\Videos\tiktobs\app\processor.py", line 45, in process_raw_event
    is_new = await database.insert_event(
             ^^^^^^^^^^^^^^^^^^^^^^^^^^^^
  File "C:\Users\pacong2\Videos\tiktobs\app\database.py", line 82, in insert_event
    async with aiosqlite.connect(DB_PATH) as db, db.execute(
                                                 ^^^^^^^^^^^
  File "C:\Users\pacong2\Videos\tiktobs\.venv\Lib\site-packages\aiosqlite\context.py", line 41, in __aenter__
    self._obj = await self._coro
                ^^^^^^^^^^^^^^^^
  File "C:\Users\pacong2\Videos\tiktobs\.venv\Lib\site-packages\aiosqlite\core.py", line 223, in execute
    cursor = await self._execute(self._conn.execute, sql, parameters)
             ^^^^^^^^^^^^^^^^^^^^^^^^^^^^^^^^^^^^^^^^^^^^^^^^^^^^^^^^
  File "C:\Users\pacong2\Videos\tiktobs\.venv\Lib\site-packages\aiosqlite\core.py", line 160, in _execute
    return await future
           ^^^^^^^^^^^^
  File "C:\Users\pacong2\Videos\tiktobs\.venv\Lib\site-packages\aiosqlite\core.py", line 63, in _connection_worker_thread
    result = function()
             ^^^^^^^^^^
sqlite3.OperationalError: database is locked
2026-08-07 21:23:52,990 [ERROR] app.processor: Error processing raw event 'viewer'
Traceback (most recent call last):
  File "C:\Users\pacong2\Videos\tiktobs\app\processor.py", line 45, in process_raw_event
    is_new = await database.insert_event(
             ^^^^^^^^^^^^^^^^^^^^^^^^^^^^
  File "C:\Users\pacong2\Videos\tiktobs\app\database.py", line 82, in insert_event
    async with aiosqlite.connect(DB_PATH) as db, db.execute(
                                                 ^^^^^^^^^^^
  File "C:\Users\pacong2\Videos\tiktobs\.venv\Lib\site-packages\aiosqlite\context.py", line 41, in __aenter__
    self._obj = await self._coro
                ^^^^^^^^^^^^^^^^
  File "C:\Users\pacong2\Videos\tiktobs\.venv\Lib\site-packages\aiosqlite\core.py", line 223, in execute
    cursor = await self._execute(self._conn.execute, sql, parameters)
             ^^^^^^^^^^^^^^^^^^^^^^^^^^^^^^^^^^^^^^^^^^^^^^^^^^^^^^^^
  File "C:\Users\pacong2\Videos\tiktobs\.venv\Lib\site-packages\aiosqlite\core.py", line 160, in _execute
    return await future
           ^^^^^^^^^^^^
  File "C:\Users\pacong2\Videos\tiktobs\.venv\Lib\site-packages\aiosqlite\core.py", line 63, in _connection_worker_thread
    result = function()
             ^^^^^^^^^^
sqlite3.OperationalError: database is locked
2026-08-07 21:23:53,862 [WARNING] app.processor: No active session ID set. Ignoring incoming 'like' event.
2026-08-07 21:23:53,993 [WARNING] app.processor: No active session ID set. Ignoring incoming 'like' event.
2026-08-07 21:23:54,253 [WARNING] app.processor: No active session ID set. Ignoring incoming 'like' event.
2026-08-07 21:23:54,415 [WARNING] app.processor: No active session ID set. Ignoring incoming 'like' event.
2026-08-07 21:23:57,528 [WARNING] app.processor: No active session ID set. Ignoring incoming 'like' event.
2026-08-07 21:23:57,792 [WARNING] app.processor: No active session ID set. Ignoring incoming 'like' event.
2026-08-07 21:23:58,362 [WARNING] app.processor: No active session ID set. Ignoring incoming 'like' event.
2026-08-07 21:23:58,754 [WARNING] app.processor: No active session ID set. Ignoring incoming 'like' event.
2026-08-07 21:23:58,984 [WARNING] app.processor: No active session ID set. Ignoring incoming 'like' event.
2026-08-07 21:23:59,128 [WARNING] app.processor: No active session ID set. Ignoring incoming 'like' event.
2026-08-07 21:23:59,303 [WARNING] app.processor: No active session ID set. Ignoring incoming 'like' event.
2026-08-07 21:23:59,481 [WARNING] app.processor: No active session ID set. Ignoring incoming 'like' event.
2026-08-07 21:24:00,154 [WARNING] app.processor: No active session ID set. Ignoring incoming 'viewer' event.
2026-08-07 21:24:00,393 [WARNING] app.processor: No active session ID set. Ignoring incoming 'viewer' event.
2026-08-07 21:24:00,565 [WARNING] app.processor: No active session ID set. Ignoring incoming 'viewer' event.
2026-08-07 21:24:00,781 [WARNING] app.processor: No active session ID set. Ignoring incoming 'viewer' event.
2026-08-07 21:24:00,787 [INFO] app.providers.live: Connecting to TikTok live for username: @ridho_ramdani_46...
2026-08-07 21:24:01,081 [WARNING] app.processor: No active session ID set. Ignoring incoming 'viewer' event.
2026-08-07 21:24:01,231 [WARNING] app.processor: No active session ID set. Ignoring incoming 'viewer' event.
2026-08-07 21:24:01,703 [WARNING] app.processor: No active session ID set. Ignoring incoming 'like' event.
2026-08-07 21:24:01,708 [INFO] app.main: WebSocket client disconnected. Total clients: 0
2026-08-07 21:24:01,906 [WARNING] app.processor: No active session ID set. Ignoring incoming 'like' event.
2026-08-07 21:24:02,075 [WARNING] app.processor: No active session ID set. Ignoring incoming 'like' event.
2026-08-07 21:24:02,232 [WARNING] app.processor: No active session ID set. Ignoring incoming 'like' event.
2026-08-07 21:24:02,236 [INFO] httpx: HTTP Request: GET https://www.tiktok.com/api-live/user/room/?aid=1988&app_language=en&app_name=tiktok_web&browser_language=en-GB&browser_name=Mozilla&browser_online=true&browser_platform=MacIntel&browser_version=5.0%20%28Macintosh%3B%20Intel%20Mac%20OS%20X%2010_15_7%29%20AppleWebKit%2F537.36%20%28KHTML%2C%20like%20Gecko%29%20Chrome%2F129.0.0.0%20Safari%2F537.36%20Edg%2F147.0.3912.86&cookie_enabled=true&device_platform=web_pc&focus_state=true&from_page=&history_len=5&is_fullscreen=false&is_page_visible=true&screen_height=2160&screen_width=3840&tz_name=Europe/London&channel=tiktok_web&data_collection_enabled=true&os=mac&priority_region=GB&region=GB&user_is_login=false&webcast_language=en&msToken=&referer=https://www.tiktok.com/@ridho_ramdani_46/live&root_referer=https://www.tiktok.com/@ridho_ramdani_46/live&device_id=92274525046450971454&uniqueId=ridho_ramdani_46&sourceType=54 "HTTP/1.1 200 OK"
2026-08-07 21:24:02,256 [INFO] app.main: Shutting down live connections and cleaning up...
2026-08-07 21:26:29,844 [INFO] app.main: Initializing database and application components...
2026-08-07 21:26:34,814 [INFO] app.main: WebSocket client connected. Total clients: 1
2026-08-07 21:26:35,956 [INFO] app.processor: EventProcessor active session updated to: 81b7ca12
2026-08-07 21:26:35,975 [INFO] app.providers.live: Connecting to TikTok live for username: @supir_sidin...
2026-08-07 21:26:36,863 [INFO] httpx: HTTP Request: GET https://www.tiktok.com/api-live/user/room/?aid=1988&app_language=en&app_name=tiktok_web&browser_language=en-NZ&browser_name=Mozilla&browser_online=true&browser_platform=Win32&browser_version=5.0%20%28Windows%20NT%2010.0%3B%20Win64%3B%20x64%3B%20rv%3A150.0%29%20Gecko%2F20100101%20Firefox%2F150.0&cookie_enabled=true&device_platform=web_pc&focus_state=true&from_page=&history_len=5&is_fullscreen=false&is_page_visible=true&screen_height=2160&screen_width=4096&tz_name=Pacific/Auckland&channel=tiktok_web&data_collection_enabled=true&os=windows&priority_region=NZ&region=NZ&user_is_login=false&webcast_language=en&msToken=&referer=https://www.tiktok.com/@supir_sidin/live&root_referer=https://www.tiktok.com/@supir_sidin/live&device_id=50255462720419549846&uniqueId=supir_sidin&sourceType=54 "HTTP/1.1 200 OK"
2026-08-07 21:26:37,169 [INFO] httpx: HTTP Request: GET https://www.tiktok.com/@supir_sidin/live? "HTTP/1.1 200 OK"
2026-08-07 21:26:37,402 [INFO] httpx: HTTP Request: GET https://webcast.tiktok.com/webcast/room/check_alive/?aid=1988&app_language=en&app_name=tiktok_web&browser_language=en-NZ&browser_name=Mozilla&browser_online=true&browser_platform=Win32&browser_version=5.0%20%28Windows%20NT%2010.0%3B%20Win64%3B%20x64%3B%20rv%3A150.0%29%20Gecko%2F20100101%20Firefox%2F150.0&cookie_enabled=true&device_platform=web_pc&focus_state=true&from_page=&history_len=5&is_fullscreen=false&is_page_visible=true&screen_height=2160&screen_width=4096&tz_name=Pacific/Auckland&channel=tiktok_web&data_collection_enabled=true&os=windows&priority_region=NZ&region=NZ&user_is_login=false&webcast_language=en&msToken=&referer=https://www.tiktok.com/@supir_sidin/live&root_referer=https://www.tiktok.com/@supir_sidin/live&device_id=23622683131529097690&room_id=7671287312370371346&room_ids=7671287312370371346 "HTTP/1.1 200 OK"
2026-08-07 21:26:39,495 [INFO] httpx: HTTP Request: GET https://api.eulerstream.com/webcast/fetch?client=ttlive-python&room_id=7671287312370371346&user_agent=Mozilla%2F5.0+%28Windows+NT+10.0%3B+Win64%3B+x64%3B+rv%3A150.0%29+Gecko%2F20100101+Firefox%2F150.0&client_enter=true&platform=web&tt_target_idc=useast1a "HTTP/1.1 200 OK"
2026-08-07 21:26:39,622 [INFO] app.providers.live: Reconnecting to @supir_sidin in 2.0s...
2026-08-07 21:26:42,785 [INFO] app.providers.live: Successfully connected to room 7671287312370371346
2026-08-07 21:26:43,965 [INFO] app.providers.live: Connecting to TikTok live for username: @supir_sidin...
2026-08-07 21:26:47,072 [INFO] httpx: HTTP Request: GET https://www.tiktok.com/api-live/user/room/?aid=1988&app_language=en&app_name=tiktok_web&browser_language=en-NZ&browser_name=Mozilla&browser_online=true&browser_platform=Win32&browser_version=5.0%20%28Windows%20NT%2010.0%3B%20Win64%3B%20x64%3B%20rv%3A150.0%29%20Gecko%2F20100101%20Firefox%2F150.0&cookie_enabled=true&device_platform=web_pc&focus_state=true&from_page=&history_len=5&is_fullscreen=false&is_page_visible=true&screen_height=2160&screen_width=4096&tz_name=Pacific/Auckland&channel=tiktok_web&data_collection_enabled=true&os=windows&priority_region=NZ&region=NZ&user_is_login=false&webcast_language=en&msToken=&referer=https://www.tiktok.com/@supir_sidin/live&root_referer=https://www.tiktok.com/@supir_sidin/live&device_id=95710389928973465841&uniqueId=supir_sidin&sourceType=54 "HTTP/1.1 200 OK"
2026-08-07 21:26:47,373 [INFO] httpx: HTTP Request: GET https://www.tiktok.com/@supir_sidin/live? "HTTP/1.1 200 OK"
2026-08-07 21:26:47,563 [INFO] httpx: HTTP Request: GET https://webcast.tiktok.com/webcast/room/check_alive/?aid=1988&app_language=en&app_name=tiktok_web&browser_language=en-NZ&browser_name=Mozilla&browser_online=true&browser_platform=Win32&browser_version=5.0%20%28Windows%20NT%2010.0%3B%20Win64%3B%20x64%3B%20rv%3A150.0%29%20Gecko%2F20100101%20Firefox%2F150.0&cookie_enabled=true&device_platform=web_pc&focus_state=true&from_page=&history_len=5&is_fullscreen=false&is_page_visible=true&screen_height=2160&screen_width=4096&tz_name=Pacific/Auckland&channel=tiktok_web&data_collection_enabled=true&os=windows&priority_region=NZ&region=NZ&user_is_login=false&webcast_language=en&msToken=&referer=https://www.tiktok.com/@supir_sidin/live&root_referer=https://www.tiktok.com/@supir_sidin/live&device_id=67436344499847610167&room_id=7671287312370371346&room_ids=7671287312370371346 "HTTP/1.1 200 OK"
2026-08-07 21:26:50,105 [INFO] app.main: WebSocket client disconnected. Total clients: 0
2026-08-07 21:26:50,172 [INFO] httpx: HTTP Request: GET https://api.eulerstream.com/webcast/fetch?client=ttlive-python&room_id=7671287312370371346&user_agent=Mozilla%2F5.0+%28Windows+NT+10.0%3B+Win64%3B+x64%3B+rv%3A150.0%29+Gecko%2F20100101+Firefox%2F150.0&client_enter=true&platform=web&tt_target_idc=useast1a "HTTP/1.1 200 OK"
2026-08-07 21:26:51,332 [INFO] app.providers.live: Reconnecting to @supir_sidin in 4.0s...
2026-08-07 21:26:51,847 [INFO] app.main: WebSocket client connected. Total clients: 1
2026-08-07 21:26:52,114 [INFO] app.providers.live: Successfully connected to room 7671287312370371346
2026-08-07 21:26:53,962 [INFO] app.providers.live: Connection has been stable for 10s. Reconnect delay reset to 2.0s.
2026-08-07 21:26:55,318 [INFO] app.providers.live: Connecting to TikTok live for username: @supir_sidin...
2026-08-07 21:26:56,358 [INFO] httpx: HTTP Request: GET https://www.tiktok.com/api-live/user/room/?aid=1988&app_language=en&app_name=tiktok_web&browser_language=en-NZ&browser_name=Mozilla&browser_online=true&browser_platform=Win32&browser_version=5.0%20%28Windows%20NT%2010.0%3B%20Win64%3B%20x64%3B%20rv%3A150.0%29%20Gecko%2F20100101%20Firefox%2F150.0&cookie_enabled=true&device_platform=web_pc&focus_state=true&from_page=&history_len=5&is_fullscreen=false&is_page_visible=true&screen_height=2160&screen_width=4096&tz_name=Pacific/Auckland&channel=tiktok_web&data_collection_enabled=true&os=windows&priority_region=NZ&region=NZ&user_is_login=false&webcast_language=en&msToken=&referer=https://www.tiktok.com/@supir_sidin/live&root_referer=https://www.tiktok.com/@supir_sidin/live&device_id=90816106248487349571&uniqueId=supir_sidin&sourceType=54 "HTTP/1.1 200 OK"
2026-08-07 21:26:56,969 [INFO] httpx: HTTP Request: GET https://www.tiktok.com/@supir_sidin/live? "HTTP/1.1 200 OK"
2026-08-07 21:26:57,270 [INFO] httpx: HTTP Request: GET https://webcast.tiktok.com/webcast/room/check_alive/?aid=1988&app_language=en&app_name=tiktok_web&browser_language=en-NZ&browser_name=Mozilla&browser_online=true&browser_platform=Win32&browser_version=5.0%20%28Windows%20NT%2010.0%3B%20Win64%3B%20x64%3B%20rv%3A150.0%29%20Gecko%2F20100101%20Firefox%2F150.0&cookie_enabled=true&device_platform=web_pc&focus_state=true&from_page=&history_len=5&is_fullscreen=false&is_page_visible=true&screen_height=2160&screen_width=4096&tz_name=Pacific/Auckland&channel=tiktok_web&data_collection_enabled=true&os=windows&priority_region=NZ&region=NZ&user_is_login=false&webcast_language=en&msToken=&referer=https://www.tiktok.com/@supir_sidin/live&root_referer=https://www.tiktok.com/@supir_sidin/live&device_id=50609427294942745791&room_id=7671287312370371346&room_ids=7671287312370371346 "HTTP/1.1 200 OK"
2026-08-07 21:26:58,692 [INFO] httpx: HTTP Request: GET https://api.eulerstream.com/webcast/fetch?client=ttlive-python&room_id=7671287312370371346&user_agent=Mozilla%2F5.0+%28Windows+NT+10.0%3B+Win64%3B+x64%3B+rv%3A150.0%29+Gecko%2F20100101+Firefox%2F150.0&client_enter=true&platform=web&tt_target_idc=useast1a "HTTP/1.1 200 OK"
2026-08-07 21:26:58,827 [INFO] app.providers.live: Reconnecting to @supir_sidin in 4.0s...
2026-08-07 21:27:00,094 [INFO] app.providers.live: Successfully connected to room 7671287312370371346
2026-08-07 21:27:05,089 [INFO] app.providers.live: Connection has been stable for 10s. Reconnect delay reset to 2.0s.
2026-08-07 21:27:05,093 [INFO] app.providers.live: Connecting to TikTok live for username: @supir_sidin...
2026-08-07 21:27:12,144 [ERROR] app.processor: Error processing raw event 'comment'
Traceback (most recent call last):
  File "C:\Users\pacong2\Videos\tiktobs\app\processor.py", line 45, in process_raw_event
    is_new = await database.insert_event(
             ^^^^^^^^^^^^^^^^^^^^^^^^^^^^
  File "C:\Users\pacong2\Videos\tiktobs\app\database.py", line 82, in insert_event
    async with aiosqlite.connect(DB_PATH) as db, db.execute(
                                                 ^^^^^^^^^^^
  File "C:\Users\pacong2\Videos\tiktobs\.venv\Lib\site-packages\aiosqlite\context.py", line 41, in __aenter__
    self._obj = await self._coro
                ^^^^^^^^^^^^^^^^
  File "C:\Users\pacong2\Videos\tiktobs\.venv\Lib\site-packages\aiosqlite\core.py", line 223, in execute
    cursor = await self._execute(self._conn.execute, sql, parameters)
             ^^^^^^^^^^^^^^^^^^^^^^^^^^^^^^^^^^^^^^^^^^^^^^^^^^^^^^^^
  File "C:\Users\pacong2\Videos\tiktobs\.venv\Lib\site-packages\aiosqlite\core.py", line 160, in _execute
    return await future
           ^^^^^^^^^^^^
  File "C:\Users\pacong2\Videos\tiktobs\.venv\Lib\site-packages\aiosqlite\core.py", line 63, in _connection_worker_thread
    result = function()
             ^^^^^^^^^^
sqlite3.OperationalError: database is locked
2026-08-07 21:27:12,161 [ERROR] app.processor: Error processing raw event 'comment'
Traceback (most recent call last):
  File "C:\Users\pacong2\Videos\tiktobs\app\processor.py", line 45, in process_raw_event
    is_new = await database.insert_event(
             ^^^^^^^^^^^^^^^^^^^^^^^^^^^^
  File "C:\Users\pacong2\Videos\tiktobs\app\database.py", line 82, in insert_event
    async with aiosqlite.connect(DB_PATH) as db, db.execute(
                                                 ^^^^^^^^^^^
  File "C:\Users\pacong2\Videos\tiktobs\.venv\Lib\site-packages\aiosqlite\context.py", line 41, in __aenter__
    self._obj = await self._coro
                ^^^^^^^^^^^^^^^^
  File "C:\Users\pacong2\Videos\tiktobs\.venv\Lib\site-packages\aiosqlite\core.py", line 223, in execute
    cursor = await self._execute(self._conn.execute, sql, parameters)
             ^^^^^^^^^^^^^^^^^^^^^^^^^^^^^^^^^^^^^^^^^^^^^^^^^^^^^^^^
  File "C:\Users\pacong2\Videos\tiktobs\.venv\Lib\site-packages\aiosqlite\core.py", line 160, in _execute
    return await future
           ^^^^^^^^^^^^
  File "C:\Users\pacong2\Videos\tiktobs\.venv\Lib\site-packages\aiosqlite\core.py", line 63, in _connection_worker_thread
    result = function()
             ^^^^^^^^^^
sqlite3.OperationalError: database is locked
2026-08-07 21:27:12,226 [ERROR] app.processor: Error processing raw event 'comment'
Traceback (most recent call last):
  File "C:\Users\pacong2\Videos\tiktobs\app\processor.py", line 45, in process_raw_event
    is_new = await database.insert_event(
             ^^^^^^^^^^^^^^^^^^^^^^^^^^^^
  File "C:\Users\pacong2\Videos\tiktobs\app\database.py", line 82, in insert_event
    async with aiosqlite.connect(DB_PATH) as db, db.execute(
                                                 ^^^^^^^^^^^
  File "C:\Users\pacong2\Videos\tiktobs\.venv\Lib\site-packages\aiosqlite\context.py", line 41, in __aenter__
    self._obj = await self._coro
                ^^^^^^^^^^^^^^^^
  File "C:\Users\pacong2\Videos\tiktobs\.venv\Lib\site-packages\aiosqlite\core.py", line 223, in execute
    cursor = await self._execute(self._conn.execute, sql, parameters)
             ^^^^^^^^^^^^^^^^^^^^^^^^^^^^^^^^^^^^^^^^^^^^^^^^^^^^^^^^
  File "C:\Users\pacong2\Videos\tiktobs\.venv\Lib\site-packages\aiosqlite\core.py", line 160, in _execute
    return await future
           ^^^^^^^^^^^^
  File "C:\Users\pacong2\Videos\tiktobs\.venv\Lib\site-packages\aiosqlite\core.py", line 63, in _connection_worker_thread
    result = function()
             ^^^^^^^^^^
sqlite3.OperationalError: database is locked
2026-08-07 21:27:12,232 [ERROR] app.processor: Error processing raw event 'comment'
Traceback (most recent call last):
  File "C:\Users\pacong2\Videos\tiktobs\app\processor.py", line 45, in process_raw_event
    is_new = await database.insert_event(
             ^^^^^^^^^^^^^^^^^^^^^^^^^^^^
  File "C:\Users\pacong2\Videos\tiktobs\app\database.py", line 82, in insert_event
    async with aiosqlite.connect(DB_PATH) as db, db.execute(
                                                 ^^^^^^^^^^^
  File "C:\Users\pacong2\Videos\tiktobs\.venv\Lib\site-packages\aiosqlite\context.py", line 41, in __aenter__
    self._obj = await self._coro
                ^^^^^^^^^^^^^^^^
  File "C:\Users\pacong2\Videos\tiktobs\.venv\Lib\site-packages\aiosqlite\core.py", line 223, in execute
    cursor = await self._execute(self._conn.execute, sql, parameters)
             ^^^^^^^^^^^^^^^^^^^^^^^^^^^^^^^^^^^^^^^^^^^^^^^^^^^^^^^^
  File "C:\Users\pacong2\Videos\tiktobs\.venv\Lib\site-packages\aiosqlite\core.py", line 160, in _execute
    return await future
           ^^^^^^^^^^^^
  File "C:\Users\pacong2\Videos\tiktobs\.venv\Lib\site-packages\aiosqlite\core.py", line 63, in _connection_worker_thread
    result = function()
             ^^^^^^^^^^
sqlite3.OperationalError: database is locked
2026-08-07 21:27:15,190 [ERROR] app.providers.live: Connection failed for @supir_sidin
Traceback (most recent call last):
  File "C:\Users\pacong2\Videos\tiktobs\.venv\Lib\site-packages\httpx\_transports\default.py", line 101, in map_httpcore_exceptions
    yield
  File "C:\Users\pacong2\Videos\tiktobs\.venv\Lib\site-packages\httpx\_transports\default.py", line 394, in handle_async_request
    resp = await self._pool.handle_async_request(req)
           ^^^^^^^^^^^^^^^^^^^^^^^^^^^^^^^^^^^^^^^^^^
  File "C:\Users\pacong2\Videos\tiktobs\.venv\Lib\site-packages\httpcore\_async\connection_pool.py", line 256, in handle_async_request
    raise exc from None
  File "C:\Users\pacong2\Videos\tiktobs\.venv\Lib\site-packages\httpcore\_async\connection_pool.py", line 236, in handle_async_request
    response = await connection.handle_async_request(
               ^^^^^^^^^^^^^^^^^^^^^^^^^^^^^^^^^^^^^^
  File "C:\Users\pacong2\Videos\tiktobs\.venv\Lib\site-packages\httpcore\_async\connection.py", line 101, in handle_async_request
    raise exc
  File "C:\Users\pacong2\Videos\tiktobs\.venv\Lib\site-packages\httpcore\_async\connection.py", line 78, in handle_async_request
    stream = await self._connect(request)
             ^^^^^^^^^^^^^^^^^^^^^^^^^^^^
  File "C:\Users\pacong2\Videos\tiktobs\.venv\Lib\site-packages\httpcore\_async\connection.py", line 124, in _connect
    stream = await self._network_backend.connect_tcp(**kwargs)
             ^^^^^^^^^^^^^^^^^^^^^^^^^^^^^^^^^^^^^^^^^^^^^^^^^
  File "C:\Users\pacong2\Videos\tiktobs\.venv\Lib\site-packages\httpcore\_backends\auto.py", line 31, in connect_tcp
    return await self._backend.connect_tcp(
           ^^^^^^^^^^^^^^^^^^^^^^^^^^^^^^^^
  File "C:\Users\pacong2\Videos\tiktobs\.venv\Lib\site-packages\httpcore\_backends\anyio.py", line 113, in connect_tcp
    with map_exceptions(exc_map):
         ^^^^^^^^^^^^^^^^^^^^^^^
  File "C:\Users\pacong2\AppData\Roaming\uv\python\cpython-3.12-windows-x86_64-none\Lib\contextlib.py", line 158, in __exit__
    self.gen.throw(value)
  File "C:\Users\pacong2\Videos\tiktobs\.venv\Lib\site-packages\httpcore\_exceptions.py", line 14, in map_exceptions
    raise to_exc(exc) from exc
httpcore.ConnectTimeout

The above exception was the direct cause of the following exception:

Traceback (most recent call last):
  File "C:\Users\pacong2\Videos\tiktobs\app\providers\live.py", line 94, in _run_connection_loop
    is_live = await self.client.is_live()
              ^^^^^^^^^^^^^^^^^^^^^^^^^^^
  File "C:\Users\pacong2\Videos\tiktobs\.venv\Lib\site-packages\TikTokLive\client\client.py", line 594, in is_live
    return await self._web.fetch_is_live(unique_id=unique_id or self.unique_id)
           ^^^^^^^^^^^^^^^^^^^^^^^^^^^^^^^^^^^^^^^^^^^^^^^^^^^^^^^^^^^^^^^^^^^^
  File "C:\Users\pacong2\Videos\tiktobs\.venv\Lib\site-packages\TikTokLive\client\web\routes\fetch_is_live.py", line 67, in __call__
    return await self.fetch_is_live_unique_id(unique_id)
           ^^^^^^^^^^^^^^^^^^^^^^^^^^^^^^^^^^^^^^^^^^^^^
  File "C:\Users\pacong2\Videos\tiktobs\.venv\Lib\site-packages\TikTokLive\client\web\routes\fetch_is_live.py", line 97, in fetch_is_live_unique_id
    response_json: dict = await FetchRoomIdAPIRoute.fetch_user_room_data(
                          ^^^^^^^^^^^^^^^^^^^^^^^^^^^^^^^^^^^^^^^^^^^^^^^
  File "C:\Users\pacong2\Videos\tiktobs\.venv\Lib\site-packages\TikTokLive\client\web\routes\fetch_room_id_api.py", line 44, in fetch_user_room_data
    response: Response = await web.get(
                         ^^^^^^^^^^^^^^
  File "C:\Users\pacong2\Videos\tiktobs\.venv\Lib\site-packages\TikTokLive\client\web\web_base.py", line 319, in get
    return await self.request(
           ^^^^^^^^^^^^^^^^^^^
  File "C:\Users\pacong2\Videos\tiktobs\.venv\Lib\site-packages\TikTokLive\client\web\web_base.py", line 304, in request
    return await http_client.send(request)
           ^^^^^^^^^^^^^^^^^^^^^^^^^^^^^^^
  File "C:\Users\pacong2\Videos\tiktobs\.venv\Lib\site-packages\httpx\_client.py", line 1629, in send
    response = await self._send_handling_auth(
               ^^^^^^^^^^^^^^^^^^^^^^^^^^^^^^^
  File "C:\Users\pacong2\Videos\tiktobs\.venv\Lib\site-packages\httpx\_client.py", line 1657, in _send_handling_auth
    response = await self._send_handling_redirects(
               ^^^^^^^^^^^^^^^^^^^^^^^^^^^^^^^^^^^^
  File "C:\Users\pacong2\Videos\tiktobs\.venv\Lib\site-packages\httpx\_client.py", line 1694, in _send_handling_redirects
    response = await self._send_single_request(request)
               ^^^^^^^^^^^^^^^^^^^^^^^^^^^^^^^^^^^^^^^^
  File "C:\Users\pacong2\Videos\tiktobs\.venv\Lib\site-packages\httpx\_client.py", line 1730, in _send_single_request
    response = await transport.handle_async_request(request)
               ^^^^^^^^^^^^^^^^^^^^^^^^^^^^^^^^^^^^^^^^^^^^^
  File "C:\Users\pacong2\Videos\tiktobs\.venv\Lib\site-packages\httpx\_transports\default.py", line 393, in handle_async_request
    with map_httpcore_exceptions():
         ^^^^^^^^^^^^^^^^^^^^^^^^^
  File "C:\Users\pacong2\AppData\Roaming\uv\python\cpython-3.12-windows-x86_64-none\Lib\contextlib.py", line 158, in __exit__
    self.gen.throw(value)
  File "C:\Users\pacong2\Videos\tiktobs\.venv\Lib\site-packages\httpx\_transports\default.py", line 118, in map_httpcore_exceptions
    raise mapped_exc(message) from exc
httpx.ConnectTimeout
2026-08-07 21:27:15,387 [ERROR] app.processor: Error processing raw event 'like'
Traceback (most recent call last):
  File "C:\Users\pacong2\Videos\tiktobs\app\processor.py", line 45, in process_raw_event
    is_new = await database.insert_event(
             ^^^^^^^^^^^^^^^^^^^^^^^^^^^^
  File "C:\Users\pacong2\Videos\tiktobs\app\database.py", line 82, in insert_event
    async with aiosqlite.connect(DB_PATH) as db, db.execute(
                                                 ^^^^^^^^^^^
  File "C:\Users\pacong2\Videos\tiktobs\.venv\Lib\site-packages\aiosqlite\context.py", line 41, in __aenter__
    self._obj = await self._coro
                ^^^^^^^^^^^^^^^^
  File "C:\Users\pacong2\Videos\tiktobs\.venv\Lib\site-packages\aiosqlite\core.py", line 223, in execute
    cursor = await self._execute(self._conn.execute, sql, parameters)
             ^^^^^^^^^^^^^^^^^^^^^^^^^^^^^^^^^^^^^^^^^^^^^^^^^^^^^^^^
  File "C:\Users\pacong2\Videos\tiktobs\.venv\Lib\site-packages\aiosqlite\core.py", line 160, in _execute
    return await future
           ^^^^^^^^^^^^
  File "C:\Users\pacong2\Videos\tiktobs\.venv\Lib\site-packages\aiosqlite\core.py", line 63, in _connection_worker_thread
    result = function()
             ^^^^^^^^^^
sqlite3.OperationalError: database is locked
2026-08-07 21:27:15,417 [ERROR] app.processor: Error processing raw event 'comment'
Traceback (most recent call last):
  File "C:\Users\pacong2\Videos\tiktobs\app\processor.py", line 45, in process_raw_event
    is_new = await database.insert_event(
             ^^^^^^^^^^^^^^^^^^^^^^^^^^^^
  File "C:\Users\pacong2\Videos\tiktobs\app\database.py", line 82, in insert_event
    async with aiosqlite.connect(DB_PATH) as db, db.execute(
                                                 ^^^^^^^^^^^
  File "C:\Users\pacong2\Videos\tiktobs\.venv\Lib\site-packages\aiosqlite\context.py", line 41, in __aenter__
    self._obj = await self._coro
                ^^^^^^^^^^^^^^^^
  File "C:\Users\pacong2\Videos\tiktobs\.venv\Lib\site-packages\aiosqlite\core.py", line 223, in execute
    cursor = await self._execute(self._conn.execute, sql, parameters)
             ^^^^^^^^^^^^^^^^^^^^^^^^^^^^^^^^^^^^^^^^^^^^^^^^^^^^^^^^
  File "C:\Users\pacong2\Videos\tiktobs\.venv\Lib\site-packages\aiosqlite\core.py", line 160, in _execute
    return await future
           ^^^^^^^^^^^^
  File "C:\Users\pacong2\Videos\tiktobs\.venv\Lib\site-packages\aiosqlite\core.py", line 63, in _connection_worker_thread
    result = function()
             ^^^^^^^^^^
sqlite3.OperationalError: database is locked
2026-08-07 21:27:15,446 [ERROR] app.processor: Error processing raw event 'like'
Traceback (most recent call last):
  File "C:\Users\pacong2\Videos\tiktobs\app\processor.py", line 45, in process_raw_event
    is_new = await database.insert_event(
             ^^^^^^^^^^^^^^^^^^^^^^^^^^^^
  File "C:\Users\pacong2\Videos\tiktobs\app\database.py", line 82, in insert_event
    async with aiosqlite.connect(DB_PATH) as db, db.execute(
                                                 ^^^^^^^^^^^
  File "C:\Users\pacong2\Videos\tiktobs\.venv\Lib\site-packages\aiosqlite\context.py", line 41, in __aenter__
    self._obj = await self._coro
                ^^^^^^^^^^^^^^^^
  File "C:\Users\pacong2\Videos\tiktobs\.venv\Lib\site-packages\aiosqlite\core.py", line 223, in execute
    cursor = await self._execute(self._conn.execute, sql, parameters)
             ^^^^^^^^^^^^^^^^^^^^^^^^^^^^^^^^^^^^^^^^^^^^^^^^^^^^^^^^
  File "C:\Users\pacong2\Videos\tiktobs\.venv\Lib\site-packages\aiosqlite\core.py", line 160, in _execute
    return await future
           ^^^^^^^^^^^^
  File "C:\Users\pacong2\Videos\tiktobs\.venv\Lib\site-packages\aiosqlite\core.py", line 63, in _connection_worker_thread
    result = function()
             ^^^^^^^^^^
sqlite3.OperationalError: database is locked
2026-08-07 21:27:15,497 [ERROR] app.processor: Error processing raw event 'viewer'
Traceback (most recent call last):
  File "C:\Users\pacong2\Videos\tiktobs\app\processor.py", line 45, in process_raw_event
    is_new = await database.insert_event(
             ^^^^^^^^^^^^^^^^^^^^^^^^^^^^
  File "C:\Users\pacong2\Videos\tiktobs\app\database.py", line 82, in insert_event
    async with aiosqlite.connect(DB_PATH) as db, db.execute(
                                                 ^^^^^^^^^^^
  File "C:\Users\pacong2\Videos\tiktobs\.venv\Lib\site-packages\aiosqlite\context.py", line 41, in __aenter__
    self._obj = await self._coro
                ^^^^^^^^^^^^^^^^
  File "C:\Users\pacong2\Videos\tiktobs\.venv\Lib\site-packages\aiosqlite\core.py", line 223, in execute
    cursor = await self._execute(self._conn.execute, sql, parameters)
             ^^^^^^^^^^^^^^^^^^^^^^^^^^^^^^^^^^^^^^^^^^^^^^^^^^^^^^^^
  File "C:\Users\pacong2\Videos\tiktobs\.venv\Lib\site-packages\aiosqlite\core.py", line 160, in _execute
    return await future
           ^^^^^^^^^^^^
  File "C:\Users\pacong2\Videos\tiktobs\.venv\Lib\site-packages\aiosqlite\core.py", line 63, in _connection_worker_thread
    result = function()
             ^^^^^^^^^^
sqlite3.OperationalError: database is locked
2026-08-07 21:27:15,515 [ERROR] app.processor: Error processing raw event 'viewer'
Traceback (most recent call last):
  File "C:\Users\pacong2\Videos\tiktobs\app\processor.py", line 45, in process_raw_event
    is_new = await database.insert_event(
             ^^^^^^^^^^^^^^^^^^^^^^^^^^^^
  File "C:\Users\pacong2\Videos\tiktobs\app\database.py", line 82, in insert_event
    async with aiosqlite.connect(DB_PATH) as db, db.execute(
                                                 ^^^^^^^^^^^
  File "C:\Users\pacong2\Videos\tiktobs\.venv\Lib\site-packages\aiosqlite\context.py", line 41, in __aenter__
    self._obj = await self._coro
                ^^^^^^^^^^^^^^^^
  File "C:\Users\pacong2\Videos\tiktobs\.venv\Lib\site-packages\aiosqlite\core.py", line 223, in execute
    cursor = await self._execute(self._conn.execute, sql, parameters)
             ^^^^^^^^^^^^^^^^^^^^^^^^^^^^^^^^^^^^^^^^^^^^^^^^^^^^^^^^
  File "C:\Users\pacong2\Videos\tiktobs\.venv\Lib\site-packages\aiosqlite\core.py", line 160, in _execute
    return await future
           ^^^^^^^^^^^^
  File "C:\Users\pacong2\Videos\tiktobs\.venv\Lib\site-packages\aiosqlite\core.py", line 63, in _connection_worker_thread
    result = function()
             ^^^^^^^^^^
sqlite3.OperationalError: database is locked
2026-08-07 21:27:15,537 [ERROR] app.processor: Error processing raw event 'comment'
Traceback (most recent call last):
  File "C:\Users\pacong2\Videos\tiktobs\app\processor.py", line 45, in process_raw_event
    is_new = await database.insert_event(
             ^^^^^^^^^^^^^^^^^^^^^^^^^^^^
  File "C:\Users\pacong2\Videos\tiktobs\app\database.py", line 82, in insert_event
    async with aiosqlite.connect(DB_PATH) as db, db.execute(
                                                 ^^^^^^^^^^^
  File "C:\Users\pacong2\Videos\tiktobs\.venv\Lib\site-packages\aiosqlite\context.py", line 41, in __aenter__
    self._obj = await self._coro
                ^^^^^^^^^^^^^^^^
  File "C:\Users\pacong2\Videos\tiktobs\.venv\Lib\site-packages\aiosqlite\core.py", line 223, in execute
    cursor = await self._execute(self._conn.execute, sql, parameters)
             ^^^^^^^^^^^^^^^^^^^^^^^^^^^^^^^^^^^^^^^^^^^^^^^^^^^^^^^^
  File "C:\Users\pacong2\Videos\tiktobs\.venv\Lib\site-packages\aiosqlite\core.py", line 160, in _execute
    return await future
           ^^^^^^^^^^^^
  File "C:\Users\pacong2\Videos\tiktobs\.venv\Lib\site-packages\aiosqlite\core.py", line 63, in _connection_worker_thread
    result = function()
             ^^^^^^^^^^
sqlite3.OperationalError: database is locked
2026-08-07 21:27:15,649 [ERROR] app.processor: Error processing raw event 'comment'
Traceback (most recent call last):
  File "C:\Users\pacong2\Videos\tiktobs\app\processor.py", line 45, in process_raw_event
    is_new = await database.insert_event(
             ^^^^^^^^^^^^^^^^^^^^^^^^^^^^
  File "C:\Users\pacong2\Videos\tiktobs\app\database.py", line 82, in insert_event
    async with aiosqlite.connect(DB_PATH) as db, db.execute(
                                                 ^^^^^^^^^^^
  File "C:\Users\pacong2\Videos\tiktobs\.venv\Lib\site-packages\aiosqlite\context.py", line 41, in __aenter__
    self._obj = await self._coro
                ^^^^^^^^^^^^^^^^
  File "C:\Users\pacong2\Videos\tiktobs\.venv\Lib\site-packages\aiosqlite\core.py", line 223, in execute
    cursor = await self._execute(self._conn.execute, sql, parameters)
             ^^^^^^^^^^^^^^^^^^^^^^^^^^^^^^^^^^^^^^^^^^^^^^^^^^^^^^^^
  File "C:\Users\pacong2\Videos\tiktobs\.venv\Lib\site-packages\aiosqlite\core.py", line 160, in _execute
    return await future
           ^^^^^^^^^^^^
  File "C:\Users\pacong2\Videos\tiktobs\.venv\Lib\site-packages\aiosqlite\core.py", line 63, in _connection_worker_thread
    result = function()
             ^^^^^^^^^^
sqlite3.OperationalError: database is locked
2026-08-07 21:27:15,675 [ERROR] app.processor: Error processing raw event 'comment'
Traceback (most recent call last):
  File "C:\Users\pacong2\Videos\tiktobs\app\processor.py", line 45, in process_raw_event
    is_new = await database.insert_event(
             ^^^^^^^^^^^^^^^^^^^^^^^^^^^^
  File "C:\Users\pacong2\Videos\tiktobs\app\database.py", line 82, in insert_event
    async with aiosqlite.connect(DB_PATH) as db, db.execute(
                                                 ^^^^^^^^^^^
  File "C:\Users\pacong2\Videos\tiktobs\.venv\Lib\site-packages\aiosqlite\context.py", line 41, in __aenter__
    self._obj = await self._coro
                ^^^^^^^^^^^^^^^^
  File "C:\Users\pacong2\Videos\tiktobs\.venv\Lib\site-packages\aiosqlite\core.py", line 223, in execute
    cursor = await self._execute(self._conn.execute, sql, parameters)
             ^^^^^^^^^^^^^^^^^^^^^^^^^^^^^^^^^^^^^^^^^^^^^^^^^^^^^^^^
  File "C:\Users\pacong2\Videos\tiktobs\.venv\Lib\site-packages\aiosqlite\core.py", line 160, in _execute
    return await future
           ^^^^^^^^^^^^
  File "C:\Users\pacong2\Videos\tiktobs\.venv\Lib\site-packages\aiosqlite\core.py", line 63, in _connection_worker_thread
    result = function()
             ^^^^^^^^^^
sqlite3.OperationalError: database is locked
2026-08-07 21:27:15,697 [ERROR] app.processor: Error processing raw event 'follow'
Traceback (most recent call last):
  File "C:\Users\pacong2\Videos\tiktobs\app\processor.py", line 45, in process_raw_event
    is_new = await database.insert_event(
             ^^^^^^^^^^^^^^^^^^^^^^^^^^^^
  File "C:\Users\pacong2\Videos\tiktobs\app\database.py", line 82, in insert_event
    async with aiosqlite.connect(DB_PATH) as db, db.execute(
                                                 ^^^^^^^^^^^
  File "C:\Users\pacong2\Videos\tiktobs\.venv\Lib\site-packages\aiosqlite\context.py", line 41, in __aenter__
    self._obj = await self._coro
                ^^^^^^^^^^^^^^^^
  File "C:\Users\pacong2\Videos\tiktobs\.venv\Lib\site-packages\aiosqlite\core.py", line 223, in execute
    cursor = await self._execute(self._conn.execute, sql, parameters)
             ^^^^^^^^^^^^^^^^^^^^^^^^^^^^^^^^^^^^^^^^^^^^^^^^^^^^^^^^
  File "C:\Users\pacong2\Videos\tiktobs\.venv\Lib\site-packages\aiosqlite\core.py", line 160, in _execute
    return await future
           ^^^^^^^^^^^^
  File "C:\Users\pacong2\Videos\tiktobs\.venv\Lib\site-packages\aiosqlite\core.py", line 63, in _connection_worker_thread
    result = function()
             ^^^^^^^^^^
sqlite3.OperationalError: database is locked
2026-08-07 21:27:15,834 [ERROR] app.processor: Error processing raw event 'like'
Traceback (most recent call last):
  File "C:\Users\pacong2\Videos\tiktobs\app\processor.py", line 45, in process_raw_event
    is_new = await database.insert_event(
             ^^^^^^^^^^^^^^^^^^^^^^^^^^^^
  File "C:\Users\pacong2\Videos\tiktobs\app\database.py", line 82, in insert_event
    async with aiosqlite.connect(DB_PATH) as db, db.execute(
                                                 ^^^^^^^^^^^
  File "C:\Users\pacong2\Videos\tiktobs\.venv\Lib\site-packages\aiosqlite\context.py", line 41, in __aenter__
    self._obj = await self._coro
                ^^^^^^^^^^^^^^^^
  File "C:\Users\pacong2\Videos\tiktobs\.venv\Lib\site-packages\aiosqlite\core.py", line 223, in execute
    cursor = await self._execute(self._conn.execute, sql, parameters)
             ^^^^^^^^^^^^^^^^^^^^^^^^^^^^^^^^^^^^^^^^^^^^^^^^^^^^^^^^
  File "C:\Users\pacong2\Videos\tiktobs\.venv\Lib\site-packages\aiosqlite\core.py", line 160, in _execute
    return await future
           ^^^^^^^^^^^^
  File "C:\Users\pacong2\Videos\tiktobs\.venv\Lib\site-packages\aiosqlite\core.py", line 63, in _connection_worker_thread
    result = function()
             ^^^^^^^^^^
sqlite3.OperationalError: database is locked
2026-08-07 21:27:16,011 [ERROR] app.processor: Error processing raw event 'viewer'
Traceback (most recent call last):
  File "C:\Users\pacong2\Videos\tiktobs\app\processor.py", line 45, in process_raw_event
    is_new = await database.insert_event(
             ^^^^^^^^^^^^^^^^^^^^^^^^^^^^
  File "C:\Users\pacong2\Videos\tiktobs\app\database.py", line 82, in insert_event
    async with aiosqlite.connect(DB_PATH) as db, db.execute(
                                                 ^^^^^^^^^^^
  File "C:\Users\pacong2\Videos\tiktobs\.venv\Lib\site-packages\aiosqlite\context.py", line 41, in __aenter__
    self._obj = await self._coro
                ^^^^^^^^^^^^^^^^
  File "C:\Users\pacong2\Videos\tiktobs\.venv\Lib\site-packages\aiosqlite\core.py", line 223, in execute
    cursor = await self._execute(self._conn.execute, sql, parameters)
             ^^^^^^^^^^^^^^^^^^^^^^^^^^^^^^^^^^^^^^^^^^^^^^^^^^^^^^^^
  File "C:\Users\pacong2\Videos\tiktobs\.venv\Lib\site-packages\aiosqlite\core.py", line 160, in _execute
    return await future
           ^^^^^^^^^^^^
  File "C:\Users\pacong2\Videos\tiktobs\.venv\Lib\site-packages\aiosqlite\core.py", line 63, in _connection_worker_thread
    result = function()
             ^^^^^^^^^^
sqlite3.OperationalError: database is locked
2026-08-07 21:27:16,042 [ERROR] app.processor: Error processing raw event 'comment'
Traceback (most recent call last):
  File "C:\Users\pacong2\Videos\tiktobs\app\processor.py", line 45, in process_raw_event
    is_new = await database.insert_event(
             ^^^^^^^^^^^^^^^^^^^^^^^^^^^^
  File "C:\Users\pacong2\Videos\tiktobs\app\database.py", line 82, in insert_event
    async with aiosqlite.connect(DB_PATH) as db, db.execute(
                                                 ^^^^^^^^^^^
  File "C:\Users\pacong2\Videos\tiktobs\.venv\Lib\site-packages\aiosqlite\context.py", line 41, in __aenter__
    self._obj = await self._coro
                ^^^^^^^^^^^^^^^^
  File "C:\Users\pacong2\Videos\tiktobs\.venv\Lib\site-packages\aiosqlite\core.py", line 223, in execute
    cursor = await self._execute(self._conn.execute, sql, parameters)
             ^^^^^^^^^^^^^^^^^^^^^^^^^^^^^^^^^^^^^^^^^^^^^^^^^^^^^^^^
  File "C:\Users\pacong2\Videos\tiktobs\.venv\Lib\site-packages\aiosqlite\core.py", line 160, in _execute
    return await future
           ^^^^^^^^^^^^
  File "C:\Users\pacong2\Videos\tiktobs\.venv\Lib\site-packages\aiosqlite\core.py", line 63, in _connection_worker_thread
    result = function()
             ^^^^^^^^^^
sqlite3.OperationalError: database is locked
2026-08-07 21:27:16,095 [ERROR] app.processor: Error processing raw event 'follow'
Traceback (most recent call last):
  File "C:\Users\pacong2\Videos\tiktobs\app\processor.py", line 45, in process_raw_event
    is_new = await database.insert_event(
             ^^^^^^^^^^^^^^^^^^^^^^^^^^^^
  File "C:\Users\pacong2\Videos\tiktobs\app\database.py", line 82, in insert_event
    async with aiosqlite.connect(DB_PATH) as db, db.execute(
                                                 ^^^^^^^^^^^
  File "C:\Users\pacong2\Videos\tiktobs\.venv\Lib\site-packages\aiosqlite\context.py", line 41, in __aenter__
    self._obj = await self._coro
                ^^^^^^^^^^^^^^^^
  File "C:\Users\pacong2\Videos\tiktobs\.venv\Lib\site-packages\aiosqlite\core.py", line 223, in execute
    cursor = await self._execute(self._conn.execute, sql, parameters)
             ^^^^^^^^^^^^^^^^^^^^^^^^^^^^^^^^^^^^^^^^^^^^^^^^^^^^^^^^
  File "C:\Users\pacong2\Videos\tiktobs\.venv\Lib\site-packages\aiosqlite\core.py", line 160, in _execute
    return await future
           ^^^^^^^^^^^^
  File "C:\Users\pacong2\Videos\tiktobs\.venv\Lib\site-packages\aiosqlite\core.py", line 63, in _connection_worker_thread
    result = function()
             ^^^^^^^^^^
sqlite3.OperationalError: database is locked
2026-08-07 21:27:16,116 [ERROR] app.processor: Error processing raw event 'comment'
Traceback (most recent call last):
  File "C:\Users\pacong2\Videos\tiktobs\app\processor.py", line 45, in process_raw_event
    is_new = await database.insert_event(
             ^^^^^^^^^^^^^^^^^^^^^^^^^^^^
  File "C:\Users\pacong2\Videos\tiktobs\app\database.py", line 82, in insert_event
    async with aiosqlite.connect(DB_PATH) as db, db.execute(
                                                 ^^^^^^^^^^^
  File "C:\Users\pacong2\Videos\tiktobs\.venv\Lib\site-packages\aiosqlite\context.py", line 41, in __aenter__
    self._obj = await self._coro
                ^^^^^^^^^^^^^^^^
  File "C:\Users\pacong2\Videos\tiktobs\.venv\Lib\site-packages\aiosqlite\core.py", line 223, in execute
    cursor = await self._execute(self._conn.execute, sql, parameters)
             ^^^^^^^^^^^^^^^^^^^^^^^^^^^^^^^^^^^^^^^^^^^^^^^^^^^^^^^^
  File "C:\Users\pacong2\Videos\tiktobs\.venv\Lib\site-packages\aiosqlite\core.py", line 160, in _execute
    return await future
           ^^^^^^^^^^^^
  File "C:\Users\pacong2\Videos\tiktobs\.venv\Lib\site-packages\aiosqlite\core.py", line 63, in _connection_worker_thread
    result = function()
             ^^^^^^^^^^
sqlite3.OperationalError: database is locked
2026-08-07 21:27:20,891 [ERROR] app.processor: Error processing raw event 'viewer'
Traceback (most recent call last):
  File "C:\Users\pacong2\Videos\tiktobs\app\processor.py", line 45, in process_raw_event
    is_new = await database.insert_event(
             ^^^^^^^^^^^^^^^^^^^^^^^^^^^^
  File "C:\Users\pacong2\Videos\tiktobs\app\database.py", line 82, in insert_event
    async with aiosqlite.connect(DB_PATH) as db, db.execute(
                                                 ^^^^^^^^^^^
  File "C:\Users\pacong2\Videos\tiktobs\.venv\Lib\site-packages\aiosqlite\context.py", line 41, in __aenter__
    self._obj = await self._coro
                ^^^^^^^^^^^^^^^^
  File "C:\Users\pacong2\Videos\tiktobs\.venv\Lib\site-packages\aiosqlite\core.py", line 223, in execute
    cursor = await self._execute(self._conn.execute, sql, parameters)
             ^^^^^^^^^^^^^^^^^^^^^^^^^^^^^^^^^^^^^^^^^^^^^^^^^^^^^^^^
  File "C:\Users\pacong2\Videos\tiktobs\.venv\Lib\site-packages\aiosqlite\core.py", line 160, in _execute
    return await future
           ^^^^^^^^^^^^
  File "C:\Users\pacong2\Videos\tiktobs\.venv\Lib\site-packages\aiosqlite\core.py", line 63, in _connection_worker_thread
    result = function()
             ^^^^^^^^^^
sqlite3.OperationalError: database is locked
2026-08-07 21:27:21,162 [ERROR] app.processor: Error processing raw event 'viewer'
Traceback (most recent call last):
  File "C:\Users\pacong2\Videos\tiktobs\app\processor.py", line 45, in process_raw_event
    is_new = await database.insert_event(
             ^^^^^^^^^^^^^^^^^^^^^^^^^^^^
  File "C:\Users\pacong2\Videos\tiktobs\app\database.py", line 82, in insert_event
    async with aiosqlite.connect(DB_PATH) as db, db.execute(
                                                 ^^^^^^^^^^^
  File "C:\Users\pacong2\Videos\tiktobs\.venv\Lib\site-packages\aiosqlite\context.py", line 41, in __aenter__
    self._obj = await self._coro
                ^^^^^^^^^^^^^^^^
  File "C:\Users\pacong2\Videos\tiktobs\.venv\Lib\site-packages\aiosqlite\core.py", line 223, in execute
    cursor = await self._execute(self._conn.execute, sql, parameters)
             ^^^^^^^^^^^^^^^^^^^^^^^^^^^^^^^^^^^^^^^^^^^^^^^^^^^^^^^^
  File "C:\Users\pacong2\Videos\tiktobs\.venv\Lib\site-packages\aiosqlite\core.py", line 160, in _execute
    return await future
           ^^^^^^^^^^^^
  File "C:\Users\pacong2\Videos\tiktobs\.venv\Lib\site-packages\aiosqlite\core.py", line 63, in _connection_worker_thread
    result = function()
             ^^^^^^^^^^
sqlite3.OperationalError: database is locked
2026-08-07 21:27:21,175 [ERROR] app.processor: Error processing raw event 'viewer'
Traceback (most recent call last):
  File "C:\Users\pacong2\Videos\tiktobs\app\processor.py", line 45, in process_raw_event
    is_new = await database.insert_event(
             ^^^^^^^^^^^^^^^^^^^^^^^^^^^^
  File "C:\Users\pacong2\Videos\tiktobs\app\database.py", line 82, in insert_event
    async with aiosqlite.connect(DB_PATH) as db, db.execute(
                                                 ^^^^^^^^^^^
  File "C:\Users\pacong2\Videos\tiktobs\.venv\Lib\site-packages\aiosqlite\context.py", line 41, in __aenter__
    self._obj = await self._coro
                ^^^^^^^^^^^^^^^^
  File "C:\Users\pacong2\Videos\tiktobs\.venv\Lib\site-packages\aiosqlite\core.py", line 223, in execute
    cursor = await self._execute(self._conn.execute, sql, parameters)
             ^^^^^^^^^^^^^^^^^^^^^^^^^^^^^^^^^^^^^^^^^^^^^^^^^^^^^^^^
  File "C:\Users\pacong2\Videos\tiktobs\.venv\Lib\site-packages\aiosqlite\core.py", line 160, in _execute
    return await future
           ^^^^^^^^^^^^
  File "C:\Users\pacong2\Videos\tiktobs\.venv\Lib\site-packages\aiosqlite\core.py", line 63, in _connection_worker_thread
    result = function()
             ^^^^^^^^^^
sqlite3.OperationalError: database is locked
2026-08-07 21:27:23,289 [ERROR] app.processor: Error processing raw event 'like'
Traceback (most recent call last):
  File "C:\Users\pacong2\Videos\tiktobs\app\processor.py", line 45, in process_raw_event
    is_new = await database.insert_event(
             ^^^^^^^^^^^^^^^^^^^^^^^^^^^^
  File "C:\Users\pacong2\Videos\tiktobs\app\database.py", line 82, in insert_event
    async with aiosqlite.connect(DB_PATH) as db, db.execute(
                                                 ^^^^^^^^^^^
  File "C:\Users\pacong2\Videos\tiktobs\.venv\Lib\site-packages\aiosqlite\context.py", line 41, in __aenter__
    self._obj = await self._coro
                ^^^^^^^^^^^^^^^^
  File "C:\Users\pacong2\Videos\tiktobs\.venv\Lib\site-packages\aiosqlite\core.py", line 223, in execute
    cursor = await self._execute(self._conn.execute, sql, parameters)
             ^^^^^^^^^^^^^^^^^^^^^^^^^^^^^^^^^^^^^^^^^^^^^^^^^^^^^^^^
  File "C:\Users\pacong2\Videos\tiktobs\.venv\Lib\site-packages\aiosqlite\core.py", line 160, in _execute
    return await future
           ^^^^^^^^^^^^
  File "C:\Users\pacong2\Videos\tiktobs\.venv\Lib\site-packages\aiosqlite\core.py", line 63, in _connection_worker_thread
    result = function()
             ^^^^^^^^^^
sqlite3.OperationalError: database is locked
2026-08-07 21:27:23,299 [ERROR] app.processor: Error processing raw event 'viewer'
Traceback (most recent call last):
  File "C:\Users\pacong2\Videos\tiktobs\app\processor.py", line 45, in process_raw_event
    is_new = await database.insert_event(
             ^^^^^^^^^^^^^^^^^^^^^^^^^^^^
  File "C:\Users\pacong2\Videos\tiktobs\app\database.py", line 82, in insert_event
    async with aiosqlite.connect(DB_PATH) as db, db.execute(
                                                 ^^^^^^^^^^^
  File "C:\Users\pacong2\Videos\tiktobs\.venv\Lib\site-packages\aiosqlite\context.py", line 41, in __aenter__
    self._obj = await self._coro
                ^^^^^^^^^^^^^^^^
  File "C:\Users\pacong2\Videos\tiktobs\.venv\Lib\site-packages\aiosqlite\core.py", line 223, in execute
    cursor = await self._execute(self._conn.execute, sql, parameters)
             ^^^^^^^^^^^^^^^^^^^^^^^^^^^^^^^^^^^^^^^^^^^^^^^^^^^^^^^^
  File "C:\Users\pacong2\Videos\tiktobs\.venv\Lib\site-packages\aiosqlite\core.py", line 160, in _execute
    return await future
           ^^^^^^^^^^^^
  File "C:\Users\pacong2\Videos\tiktobs\.venv\Lib\site-packages\aiosqlite\core.py", line 63, in _connection_worker_thread
    result = function()
             ^^^^^^^^^^
sqlite3.OperationalError: database is locked
2026-08-07 21:27:23,344 [ERROR] app.processor: Error processing raw event 'viewer'
Traceback (most recent call last):
  File "C:\Users\pacong2\Videos\tiktobs\app\processor.py", line 45, in process_raw_event
    is_new = await database.insert_event(
             ^^^^^^^^^^^^^^^^^^^^^^^^^^^^
  File "C:\Users\pacong2\Videos\tiktobs\app\database.py", line 82, in insert_event
    async with aiosqlite.connect(DB_PATH) as db, db.execute(
                                                 ^^^^^^^^^^^
  File "C:\Users\pacong2\Videos\tiktobs\.venv\Lib\site-packages\aiosqlite\context.py", line 41, in __aenter__
    self._obj = await self._coro
                ^^^^^^^^^^^^^^^^
  File "C:\Users\pacong2\Videos\tiktobs\.venv\Lib\site-packages\aiosqlite\core.py", line 223, in execute
    cursor = await self._execute(self._conn.execute, sql, parameters)
             ^^^^^^^^^^^^^^^^^^^^^^^^^^^^^^^^^^^^^^^^^^^^^^^^^^^^^^^^
  File "C:\Users\pacong2\Videos\tiktobs\.venv\Lib\site-packages\aiosqlite\core.py", line 160, in _execute
    return await future
           ^^^^^^^^^^^^
  File "C:\Users\pacong2\Videos\tiktobs\.venv\Lib\site-packages\aiosqlite\core.py", line 63, in _connection_worker_thread
    result = function()
             ^^^^^^^^^^
sqlite3.OperationalError: database is locked
2026-08-07 21:27:25,304 [ERROR] app.processor: Error processing raw event 'viewer'
Traceback (most recent call last):
  File "C:\Users\pacong2\Videos\tiktobs\app\processor.py", line 45, in process_raw_event
    is_new = await database.insert_event(
             ^^^^^^^^^^^^^^^^^^^^^^^^^^^^
  File "C:\Users\pacong2\Videos\tiktobs\app\database.py", line 82, in insert_event
    async with aiosqlite.connect(DB_PATH) as db, db.execute(
                                                 ^^^^^^^^^^^
  File "C:\Users\pacong2\Videos\tiktobs\.venv\Lib\site-packages\aiosqlite\context.py", line 41, in __aenter__
    self._obj = await self._coro
                ^^^^^^^^^^^^^^^^
  File "C:\Users\pacong2\Videos\tiktobs\.venv\Lib\site-packages\aiosqlite\core.py", line 223, in execute
    cursor = await self._execute(self._conn.execute, sql, parameters)
             ^^^^^^^^^^^^^^^^^^^^^^^^^^^^^^^^^^^^^^^^^^^^^^^^^^^^^^^^
  File "C:\Users\pacong2\Videos\tiktobs\.venv\Lib\site-packages\aiosqlite\core.py", line 160, in _execute
    return await future
           ^^^^^^^^^^^^
  File "C:\Users\pacong2\Videos\tiktobs\.venv\Lib\site-packages\aiosqlite\core.py", line 63, in _connection_worker_thread
    result = function()
             ^^^^^^^^^^
sqlite3.OperationalError: database is locked
2026-08-07 21:27:25,321 [ERROR] app.processor: Error processing raw event 'like'
Traceback (most recent call last):
  File "C:\Users\pacong2\Videos\tiktobs\app\processor.py", line 45, in process_raw_event
    is_new = await database.insert_event(
             ^^^^^^^^^^^^^^^^^^^^^^^^^^^^
  File "C:\Users\pacong2\Videos\tiktobs\app\database.py", line 82, in insert_event
    async with aiosqlite.connect(DB_PATH) as db, db.execute(
                                                 ^^^^^^^^^^^
  File "C:\Users\pacong2\Videos\tiktobs\.venv\Lib\site-packages\aiosqlite\context.py", line 41, in __aenter__
    self._obj = await self._coro
                ^^^^^^^^^^^^^^^^
  File "C:\Users\pacong2\Videos\tiktobs\.venv\Lib\site-packages\aiosqlite\core.py", line 223, in execute
    cursor = await self._execute(self._conn.execute, sql, parameters)
             ^^^^^^^^^^^^^^^^^^^^^^^^^^^^^^^^^^^^^^^^^^^^^^^^^^^^^^^^
  File "C:\Users\pacong2\Videos\tiktobs\.venv\Lib\site-packages\aiosqlite\core.py", line 160, in _execute
    return await future
           ^^^^^^^^^^^^
  File "C:\Users\pacong2\Videos\tiktobs\.venv\Lib\site-packages\aiosqlite\core.py", line 63, in _connection_worker_thread
    result = function()
             ^^^^^^^^^^
sqlite3.OperationalError: database is locked
2026-08-07 21:27:25,376 [ERROR] app.processor: Error processing raw event 'viewer'
Traceback (most recent call last):
  File "C:\Users\pacong2\Videos\tiktobs\app\processor.py", line 45, in process_raw_event
    is_new = await database.insert_event(
             ^^^^^^^^^^^^^^^^^^^^^^^^^^^^
  File "C:\Users\pacong2\Videos\tiktobs\app\database.py", line 82, in insert_event
    async with aiosqlite.connect(DB_PATH) as db, db.execute(
                                                 ^^^^^^^^^^^
  File "C:\Users\pacong2\Videos\tiktobs\.venv\Lib\site-packages\aiosqlite\context.py", line 41, in __aenter__
    self._obj = await self._coro
                ^^^^^^^^^^^^^^^^
  File "C:\Users\pacong2\Videos\tiktobs\.venv\Lib\site-packages\aiosqlite\core.py", line 223, in execute
    cursor = await self._execute(self._conn.execute, sql, parameters)
             ^^^^^^^^^^^^^^^^^^^^^^^^^^^^^^^^^^^^^^^^^^^^^^^^^^^^^^^^
  File "C:\Users\pacong2\Videos\tiktobs\.venv\Lib\site-packages\aiosqlite\core.py", line 160, in _execute
    return await future
           ^^^^^^^^^^^^
  File "C:\Users\pacong2\Videos\tiktobs\.venv\Lib\site-packages\aiosqlite\core.py", line 63, in _connection_worker_thread
    result = function()
             ^^^^^^^^^^
sqlite3.OperationalError: database is locked
2026-08-07 21:27:25,407 [ERROR] app.processor: Error processing raw event 'viewer'
Traceback (most recent call last):
  File "C:\Users\pacong2\Videos\tiktobs\app\processor.py", line 45, in process_raw_event
    is_new = await database.insert_event(
             ^^^^^^^^^^^^^^^^^^^^^^^^^^^^
  File "C:\Users\pacong2\Videos\tiktobs\app\database.py", line 82, in insert_event
    async with aiosqlite.connect(DB_PATH) as db, db.execute(
                                                 ^^^^^^^^^^^
  File "C:\Users\pacong2\Videos\tiktobs\.venv\Lib\site-packages\aiosqlite\context.py", line 41, in __aenter__
    self._obj = await self._coro
                ^^^^^^^^^^^^^^^^
  File "C:\Users\pacong2\Videos\tiktobs\.venv\Lib\site-packages\aiosqlite\core.py", line 223, in execute
    cursor = await self._execute(self._conn.execute, sql, parameters)
             ^^^^^^^^^^^^^^^^^^^^^^^^^^^^^^^^^^^^^^^^^^^^^^^^^^^^^^^^
  File "C:\Users\pacong2\Videos\tiktobs\.venv\Lib\site-packages\aiosqlite\core.py", line 160, in _execute
    return await future
           ^^^^^^^^^^^^
  File "C:\Users\pacong2\Videos\tiktobs\.venv\Lib\site-packages\aiosqlite\core.py", line 63, in _connection_worker_thread
    result = function()
             ^^^^^^^^^^
sqlite3.OperationalError: database is locked
2026-08-07 21:27:25,438 [ERROR] app.processor: Error processing raw event 'like'
Traceback (most recent call last):
  File "C:\Users\pacong2\Videos\tiktobs\app\processor.py", line 45, in process_raw_event
    is_new = await database.insert_event(
             ^^^^^^^^^^^^^^^^^^^^^^^^^^^^
  File "C:\Users\pacong2\Videos\tiktobs\app\database.py", line 82, in insert_event
    async with aiosqlite.connect(DB_PATH) as db, db.execute(
                                                 ^^^^^^^^^^^
  File "C:\Users\pacong2\Videos\tiktobs\.venv\Lib\site-packages\aiosqlite\context.py", line 41, in __aenter__
    self._obj = await self._coro
                ^^^^^^^^^^^^^^^^
  File "C:\Users\pacong2\Videos\tiktobs\.venv\Lib\site-packages\aiosqlite\core.py", line 223, in execute
    cursor = await self._execute(self._conn.execute, sql, parameters)
             ^^^^^^^^^^^^^^^^^^^^^^^^^^^^^^^^^^^^^^^^^^^^^^^^^^^^^^^^
  File "C:\Users\pacong2\Videos\tiktobs\.venv\Lib\site-packages\aiosqlite\core.py", line 160, in _execute
    return await future
           ^^^^^^^^^^^^
  File "C:\Users\pacong2\Videos\tiktobs\.venv\Lib\site-packages\aiosqlite\core.py", line 63, in _connection_worker_thread
    result = function()
             ^^^^^^^^^^
sqlite3.OperationalError: database is locked
2026-08-07 21:27:25,449 [ERROR] app.processor: Error processing raw event 'like'
Traceback (most recent call last):
  File "C:\Users\pacong2\Videos\tiktobs\app\processor.py", line 45, in process_raw_event
    is_new = await database.insert_event(
             ^^^^^^^^^^^^^^^^^^^^^^^^^^^^
  File "C:\Users\pacong2\Videos\tiktobs\app\database.py", line 82, in insert_event
    async with aiosqlite.connect(DB_PATH) as db, db.execute(
                                                 ^^^^^^^^^^^
  File "C:\Users\pacong2\Videos\tiktobs\.venv\Lib\site-packages\aiosqlite\context.py", line 41, in __aenter__
    self._obj = await self._coro
                ^^^^^^^^^^^^^^^^
  File "C:\Users\pacong2\Videos\tiktobs\.venv\Lib\site-packages\aiosqlite\core.py", line 223, in execute
    cursor = await self._execute(self._conn.execute, sql, parameters)
             ^^^^^^^^^^^^^^^^^^^^^^^^^^^^^^^^^^^^^^^^^^^^^^^^^^^^^^^^
  File "C:\Users\pacong2\Videos\tiktobs\.venv\Lib\site-packages\aiosqlite\core.py", line 160, in _execute
    return await future
           ^^^^^^^^^^^^
  File "C:\Users\pacong2\Videos\tiktobs\.venv\Lib\site-packages\aiosqlite\core.py", line 63, in _connection_worker_thread
    result = function()
             ^^^^^^^^^^
sqlite3.OperationalError: database is locked
2026-08-07 21:27:25,476 [ERROR] app.processor: Error processing raw event 'viewer'
Traceback (most recent call last):
  File "C:\Users\pacong2\Videos\tiktobs\app\processor.py", line 45, in process_raw_event
    is_new = await database.insert_event(
             ^^^^^^^^^^^^^^^^^^^^^^^^^^^^
  File "C:\Users\pacong2\Videos\tiktobs\app\database.py", line 82, in insert_event
    async with aiosqlite.connect(DB_PATH) as db, db.execute(
                                                 ^^^^^^^^^^^
  File "C:\Users\pacong2\Videos\tiktobs\.venv\Lib\site-packages\aiosqlite\context.py", line 41, in __aenter__
    self._obj = await self._coro
                ^^^^^^^^^^^^^^^^
  File "C:\Users\pacong2\Videos\tiktobs\.venv\Lib\site-packages\aiosqlite\core.py", line 223, in execute
    cursor = await self._execute(self._conn.execute, sql, parameters)
             ^^^^^^^^^^^^^^^^^^^^^^^^^^^^^^^^^^^^^^^^^^^^^^^^^^^^^^^^
  File "C:\Users\pacong2\Videos\tiktobs\.venv\Lib\site-packages\aiosqlite\core.py", line 160, in _execute
    return await future
           ^^^^^^^^^^^^
  File "C:\Users\pacong2\Videos\tiktobs\.venv\Lib\site-packages\aiosqlite\core.py", line 63, in _connection_worker_thread
    result = function()
             ^^^^^^^^^^
sqlite3.OperationalError: database is locked
2026-08-07 21:27:25,628 [ERROR] app.processor: Error processing raw event 'viewer'
Traceback (most recent call last):
  File "C:\Users\pacong2\Videos\tiktobs\app\processor.py", line 45, in process_raw_event
    is_new = await database.insert_event(
             ^^^^^^^^^^^^^^^^^^^^^^^^^^^^
  File "C:\Users\pacong2\Videos\tiktobs\app\database.py", line 82, in insert_event
    async with aiosqlite.connect(DB_PATH) as db, db.execute(
                                                 ^^^^^^^^^^^
  File "C:\Users\pacong2\Videos\tiktobs\.venv\Lib\site-packages\aiosqlite\context.py", line 41, in __aenter__
    self._obj = await self._coro
                ^^^^^^^^^^^^^^^^
  File "C:\Users\pacong2\Videos\tiktobs\.venv\Lib\site-packages\aiosqlite\core.py", line 223, in execute
    cursor = await self._execute(self._conn.execute, sql, parameters)
             ^^^^^^^^^^^^^^^^^^^^^^^^^^^^^^^^^^^^^^^^^^^^^^^^^^^^^^^^
  File "C:\Users\pacong2\Videos\tiktobs\.venv\Lib\site-packages\aiosqlite\core.py", line 160, in _execute
    return await future
           ^^^^^^^^^^^^
  File "C:\Users\pacong2\Videos\tiktobs\.venv\Lib\site-packages\aiosqlite\core.py", line 63, in _connection_worker_thread
    result = function()
             ^^^^^^^^^^
sqlite3.OperationalError: database is locked
2026-08-07 21:27:26,088 [ERROR] app.processor: Error processing raw event 'like'
Traceback (most recent call last):
  File "C:\Users\pacong2\Videos\tiktobs\app\processor.py", line 45, in process_raw_event
    is_new = await database.insert_event(
             ^^^^^^^^^^^^^^^^^^^^^^^^^^^^
  File "C:\Users\pacong2\Videos\tiktobs\app\database.py", line 82, in insert_event
    async with aiosqlite.connect(DB_PATH) as db, db.execute(
                                                 ^^^^^^^^^^^
  File "C:\Users\pacong2\Videos\tiktobs\.venv\Lib\site-packages\aiosqlite\context.py", line 41, in __aenter__
    self._obj = await self._coro
                ^^^^^^^^^^^^^^^^
  File "C:\Users\pacong2\Videos\tiktobs\.venv\Lib\site-packages\aiosqlite\core.py", line 223, in execute
    cursor = await self._execute(self._conn.execute, sql, parameters)
             ^^^^^^^^^^^^^^^^^^^^^^^^^^^^^^^^^^^^^^^^^^^^^^^^^^^^^^^^
  File "C:\Users\pacong2\Videos\tiktobs\.venv\Lib\site-packages\aiosqlite\core.py", line 160, in _execute
    return await future
           ^^^^^^^^^^^^
  File "C:\Users\pacong2\Videos\tiktobs\.venv\Lib\site-packages\aiosqlite\core.py", line 63, in _connection_worker_thread
    result = function()
             ^^^^^^^^^^
sqlite3.OperationalError: database is locked
2026-08-07 21:27:28,096 [ERROR] app.processor: Error processing raw event 'viewer'
Traceback (most recent call last):
  File "C:\Users\pacong2\Videos\tiktobs\app\processor.py", line 45, in process_raw_event
    is_new = await database.insert_event(
             ^^^^^^^^^^^^^^^^^^^^^^^^^^^^
  File "C:\Users\pacong2\Videos\tiktobs\app\database.py", line 82, in insert_event
    async with aiosqlite.connect(DB_PATH) as db, db.execute(
                                                 ^^^^^^^^^^^
  File "C:\Users\pacong2\Videos\tiktobs\.venv\Lib\site-packages\aiosqlite\context.py", line 41, in __aenter__
    self._obj = await self._coro
                ^^^^^^^^^^^^^^^^
  File "C:\Users\pacong2\Videos\tiktobs\.venv\Lib\site-packages\aiosqlite\core.py", line 223, in execute
    cursor = await self._execute(self._conn.execute, sql, parameters)
             ^^^^^^^^^^^^^^^^^^^^^^^^^^^^^^^^^^^^^^^^^^^^^^^^^^^^^^^^
  File "C:\Users\pacong2\Videos\tiktobs\.venv\Lib\site-packages\aiosqlite\core.py", line 160, in _execute
    return await future
           ^^^^^^^^^^^^
  File "C:\Users\pacong2\Videos\tiktobs\.venv\Lib\site-packages\aiosqlite\core.py", line 63, in _connection_worker_thread
    result = function()
             ^^^^^^^^^^
sqlite3.OperationalError: database is locked
2026-08-07 21:27:28,100 [ERROR] app.processor: Error processing raw event 'viewer'
Traceback (most recent call last):
  File "C:\Users\pacong2\Videos\tiktobs\app\processor.py", line 45, in process_raw_event
    is_new = await database.insert_event(
             ^^^^^^^^^^^^^^^^^^^^^^^^^^^^
  File "C:\Users\pacong2\Videos\tiktobs\app\database.py", line 82, in insert_event
    async with aiosqlite.connect(DB_PATH) as db, db.execute(
                                                 ^^^^^^^^^^^
  File "C:\Users\pacong2\Videos\tiktobs\.venv\Lib\site-packages\aiosqlite\context.py", line 41, in __aenter__
    self._obj = await self._coro
                ^^^^^^^^^^^^^^^^
  File "C:\Users\pacong2\Videos\tiktobs\.venv\Lib\site-packages\aiosqlite\core.py", line 223, in execute
    cursor = await self._execute(self._conn.execute, sql, parameters)
             ^^^^^^^^^^^^^^^^^^^^^^^^^^^^^^^^^^^^^^^^^^^^^^^^^^^^^^^^
  File "C:\Users\pacong2\Videos\tiktobs\.venv\Lib\site-packages\aiosqlite\core.py", line 160, in _execute
    return await future
           ^^^^^^^^^^^^
  File "C:\Users\pacong2\Videos\tiktobs\.venv\Lib\site-packages\aiosqlite\core.py", line 63, in _connection_worker_thread
    result = function()
             ^^^^^^^^^^
sqlite3.OperationalError: database is locked
2026-08-07 21:27:28,102 [ERROR] app.processor: Error processing raw event 'like'
Traceback (most recent call last):
  File "C:\Users\pacong2\Videos\tiktobs\app\processor.py", line 45, in process_raw_event
    is_new = await database.insert_event(
             ^^^^^^^^^^^^^^^^^^^^^^^^^^^^
  File "C:\Users\pacong2\Videos\tiktobs\app\database.py", line 82, in insert_event
    async with aiosqlite.connect(DB_PATH) as db, db.execute(
                                                 ^^^^^^^^^^^
  File "C:\Users\pacong2\Videos\tiktobs\.venv\Lib\site-packages\aiosqlite\context.py", line 41, in __aenter__
    self._obj = await self._coro
                ^^^^^^^^^^^^^^^^
  File "C:\Users\pacong2\Videos\tiktobs\.venv\Lib\site-packages\aiosqlite\core.py", line 223, in execute
    cursor = await self._execute(self._conn.execute, sql, parameters)
             ^^^^^^^^^^^^^^^^^^^^^^^^^^^^^^^^^^^^^^^^^^^^^^^^^^^^^^^^
  File "C:\Users\pacong2\Videos\tiktobs\.venv\Lib\site-packages\aiosqlite\core.py", line 160, in _execute
    return await future
           ^^^^^^^^^^^^
  File "C:\Users\pacong2\Videos\tiktobs\.venv\Lib\site-packages\aiosqlite\core.py", line 63, in _connection_worker_thread
    result = function()
             ^^^^^^^^^^
sqlite3.OperationalError: database is locked
2026-08-07 21:27:28,107 [ERROR] app.processor: Error processing raw event 'viewer'
Traceback (most recent call last):
  File "C:\Users\pacong2\Videos\tiktobs\app\processor.py", line 45, in process_raw_event
    is_new = await database.insert_event(
             ^^^^^^^^^^^^^^^^^^^^^^^^^^^^
  File "C:\Users\pacong2\Videos\tiktobs\app\database.py", line 82, in insert_event
    async with aiosqlite.connect(DB_PATH) as db, db.execute(
                                                 ^^^^^^^^^^^
  File "C:\Users\pacong2\Videos\tiktobs\.venv\Lib\site-packages\aiosqlite\context.py", line 41, in __aenter__
    self._obj = await self._coro
                ^^^^^^^^^^^^^^^^
  File "C:\Users\pacong2\Videos\tiktobs\.venv\Lib\site-packages\aiosqlite\core.py", line 223, in execute
    cursor = await self._execute(self._conn.execute, sql, parameters)
             ^^^^^^^^^^^^^^^^^^^^^^^^^^^^^^^^^^^^^^^^^^^^^^^^^^^^^^^^
  File "C:\Users\pacong2\Videos\tiktobs\.venv\Lib\site-packages\aiosqlite\core.py", line 160, in _execute
    return await future
           ^^^^^^^^^^^^
  File "C:\Users\pacong2\Videos\tiktobs\.venv\Lib\site-packages\aiosqlite\core.py", line 63, in _connection_worker_thread
    result = function()
             ^^^^^^^^^^
sqlite3.OperationalError: database is locked
2026-08-07 21:27:28,118 [ERROR] app.processor: Error processing raw event 'like'
Traceback (most recent call last):
  File "C:\Users\pacong2\Videos\tiktobs\app\processor.py", line 45, in process_raw_event
    is_new = await database.insert_event(
             ^^^^^^^^^^^^^^^^^^^^^^^^^^^^
  File "C:\Users\pacong2\Videos\tiktobs\app\database.py", line 82, in insert_event
    async with aiosqlite.connect(DB_PATH) as db, db.execute(
                                                 ^^^^^^^^^^^
  File "C:\Users\pacong2\Videos\tiktobs\.venv\Lib\site-packages\aiosqlite\context.py", line 41, in __aenter__
    self._obj = await self._coro
                ^^^^^^^^^^^^^^^^
  File "C:\Users\pacong2\Videos\tiktobs\.venv\Lib\site-packages\aiosqlite\core.py", line 223, in execute
    cursor = await self._execute(self._conn.execute, sql, parameters)
             ^^^^^^^^^^^^^^^^^^^^^^^^^^^^^^^^^^^^^^^^^^^^^^^^^^^^^^^^
  File "C:\Users\pacong2\Videos\tiktobs\.venv\Lib\site-packages\aiosqlite\core.py", line 160, in _execute
    return await future
           ^^^^^^^^^^^^
  File "C:\Users\pacong2\Videos\tiktobs\.venv\Lib\site-packages\aiosqlite\core.py", line 63, in _connection_worker_thread
    result = function()
             ^^^^^^^^^^
sqlite3.OperationalError: database is locked
2026-08-07 21:27:29,196 [ERROR] app.processor: Error processing raw event 'like'
Traceback (most recent call last):
  File "C:\Users\pacong2\Videos\tiktobs\app\processor.py", line 45, in process_raw_event
    is_new = await database.insert_event(
             ^^^^^^^^^^^^^^^^^^^^^^^^^^^^
  File "C:\Users\pacong2\Videos\tiktobs\app\database.py", line 82, in insert_event
    async with aiosqlite.connect(DB_PATH) as db, db.execute(
                                                 ^^^^^^^^^^^
  File "C:\Users\pacong2\Videos\tiktobs\.venv\Lib\site-packages\aiosqlite\context.py", line 41, in __aenter__
    self._obj = await self._coro
                ^^^^^^^^^^^^^^^^
  File "C:\Users\pacong2\Videos\tiktobs\.venv\Lib\site-packages\aiosqlite\core.py", line 223, in execute
    cursor = await self._execute(self._conn.execute, sql, parameters)
             ^^^^^^^^^^^^^^^^^^^^^^^^^^^^^^^^^^^^^^^^^^^^^^^^^^^^^^^^
  File "C:\Users\pacong2\Videos\tiktobs\.venv\Lib\site-packages\aiosqlite\core.py", line 160, in _execute
    return await future
           ^^^^^^^^^^^^
  File "C:\Users\pacong2\Videos\tiktobs\.venv\Lib\site-packages\aiosqlite\core.py", line 63, in _connection_worker_thread
    result = function()
             ^^^^^^^^^^
sqlite3.OperationalError: database is locked
2026-08-07 21:27:29,199 [ERROR] app.processor: Error processing raw event 'viewer'
Traceback (most recent call last):
  File "C:\Users\pacong2\Videos\tiktobs\app\processor.py", line 45, in process_raw_event
    is_new = await database.insert_event(
             ^^^^^^^^^^^^^^^^^^^^^^^^^^^^
  File "C:\Users\pacong2\Videos\tiktobs\app\database.py", line 82, in insert_event
    async with aiosqlite.connect(DB_PATH) as db, db.execute(
                                                 ^^^^^^^^^^^
  File "C:\Users\pacong2\Videos\tiktobs\.venv\Lib\site-packages\aiosqlite\context.py", line 41, in __aenter__
    self._obj = await self._coro
                ^^^^^^^^^^^^^^^^
  File "C:\Users\pacong2\Videos\tiktobs\.venv\Lib\site-packages\aiosqlite\core.py", line 223, in execute
    cursor = await self._execute(self._conn.execute, sql, parameters)
             ^^^^^^^^^^^^^^^^^^^^^^^^^^^^^^^^^^^^^^^^^^^^^^^^^^^^^^^^
  File "C:\Users\pacong2\Videos\tiktobs\.venv\Lib\site-packages\aiosqlite\core.py", line 160, in _execute
    return await future
           ^^^^^^^^^^^^
  File "C:\Users\pacong2\Videos\tiktobs\.venv\Lib\site-packages\aiosqlite\core.py", line 63, in _connection_worker_thread
    result = function()
             ^^^^^^^^^^
sqlite3.OperationalError: database is locked
2026-08-07 21:27:29,201 [ERROR] app.processor: Error processing raw event 'viewer'
Traceback (most recent call last):
  File "C:\Users\pacong2\Videos\tiktobs\app\processor.py", line 45, in process_raw_event
    is_new = await database.insert_event(
             ^^^^^^^^^^^^^^^^^^^^^^^^^^^^
  File "C:\Users\pacong2\Videos\tiktobs\app\database.py", line 82, in insert_event
    async with aiosqlite.connect(DB_PATH) as db, db.execute(
                                                 ^^^^^^^^^^^
  File "C:\Users\pacong2\Videos\tiktobs\.venv\Lib\site-packages\aiosqlite\context.py", line 41, in __aenter__
    self._obj = await self._coro
                ^^^^^^^^^^^^^^^^
  File "C:\Users\pacong2\Videos\tiktobs\.venv\Lib\site-packages\aiosqlite\core.py", line 223, in execute
    cursor = await self._execute(self._conn.execute, sql, parameters)
             ^^^^^^^^^^^^^^^^^^^^^^^^^^^^^^^^^^^^^^^^^^^^^^^^^^^^^^^^
  File "C:\Users\pacong2\Videos\tiktobs\.venv\Lib\site-packages\aiosqlite\core.py", line 160, in _execute
    return await future
           ^^^^^^^^^^^^
  File "C:\Users\pacong2\Videos\tiktobs\.venv\Lib\site-packages\aiosqlite\core.py", line 63, in _connection_worker_thread
    result = function()
             ^^^^^^^^^^
sqlite3.OperationalError: database is locked
2026-08-07 21:27:29,204 [ERROR] app.processor: Error processing raw event 'viewer'
Traceback (most recent call last):
  File "C:\Users\pacong2\Videos\tiktobs\app\processor.py", line 45, in process_raw_event
    is_new = await database.insert_event(
             ^^^^^^^^^^^^^^^^^^^^^^^^^^^^
  File "C:\Users\pacong2\Videos\tiktobs\app\database.py", line 82, in insert_event
    async with aiosqlite.connect(DB_PATH) as db, db.execute(
                                                 ^^^^^^^^^^^
  File "C:\Users\pacong2\Videos\tiktobs\.venv\Lib\site-packages\aiosqlite\context.py", line 41, in __aenter__
    self._obj = await self._coro
                ^^^^^^^^^^^^^^^^
  File "C:\Users\pacong2\Videos\tiktobs\.venv\Lib\site-packages\aiosqlite\core.py", line 223, in execute
    cursor = await self._execute(self._conn.execute, sql, parameters)
             ^^^^^^^^^^^^^^^^^^^^^^^^^^^^^^^^^^^^^^^^^^^^^^^^^^^^^^^^
  File "C:\Users\pacong2\Videos\tiktobs\.venv\Lib\site-packages\aiosqlite\core.py", line 160, in _execute
    return await future
           ^^^^^^^^^^^^
  File "C:\Users\pacong2\Videos\tiktobs\.venv\Lib\site-packages\aiosqlite\core.py", line 63, in _connection_worker_thread
    result = function()
             ^^^^^^^^^^
sqlite3.OperationalError: database is locked
2026-08-07 21:27:29,212 [ERROR] app.processor: Error processing raw event 'viewer'
Traceback (most recent call last):
  File "C:\Users\pacong2\Videos\tiktobs\app\processor.py", line 45, in process_raw_event
    is_new = await database.insert_event(
             ^^^^^^^^^^^^^^^^^^^^^^^^^^^^
  File "C:\Users\pacong2\Videos\tiktobs\app\database.py", line 82, in insert_event
    async with aiosqlite.connect(DB_PATH) as db, db.execute(
                                                 ^^^^^^^^^^^
  File "C:\Users\pacong2\Videos\tiktobs\.venv\Lib\site-packages\aiosqlite\context.py", line 41, in __aenter__
    self._obj = await self._coro
                ^^^^^^^^^^^^^^^^
  File "C:\Users\pacong2\Videos\tiktobs\.venv\Lib\site-packages\aiosqlite\core.py", line 223, in execute
    cursor = await self._execute(self._conn.execute, sql, parameters)
             ^^^^^^^^^^^^^^^^^^^^^^^^^^^^^^^^^^^^^^^^^^^^^^^^^^^^^^^^
  File "C:\Users\pacong2\Videos\tiktobs\.venv\Lib\site-packages\aiosqlite\core.py", line 160, in _execute
    return await future
           ^^^^^^^^^^^^
  File "C:\Users\pacong2\Videos\tiktobs\.venv\Lib\site-packages\aiosqlite\core.py", line 63, in _connection_worker_thread
    result = function()
             ^^^^^^^^^^
sqlite3.OperationalError: database is locked
2026-08-07 21:27:29,215 [ERROR] app.processor: Error processing raw event 'follow'
Traceback (most recent call last):
  File "C:\Users\pacong2\Videos\tiktobs\app\processor.py", line 45, in process_raw_event
    is_new = await database.insert_event(
             ^^^^^^^^^^^^^^^^^^^^^^^^^^^^
  File "C:\Users\pacong2\Videos\tiktobs\app\database.py", line 82, in insert_event
    async with aiosqlite.connect(DB_PATH) as db, db.execute(
                                                 ^^^^^^^^^^^
  File "C:\Users\pacong2\Videos\tiktobs\.venv\Lib\site-packages\aiosqlite\context.py", line 41, in __aenter__
    self._obj = await self._coro
                ^^^^^^^^^^^^^^^^
  File "C:\Users\pacong2\Videos\tiktobs\.venv\Lib\site-packages\aiosqlite\core.py", line 223, in execute
    cursor = await self._execute(self._conn.execute, sql, parameters)
             ^^^^^^^^^^^^^^^^^^^^^^^^^^^^^^^^^^^^^^^^^^^^^^^^^^^^^^^^
  File "C:\Users\pacong2\Videos\tiktobs\.venv\Lib\site-packages\aiosqlite\core.py", line 160, in _execute
    return await future
           ^^^^^^^^^^^^
  File "C:\Users\pacong2\Videos\tiktobs\.venv\Lib\site-packages\aiosqlite\core.py", line 63, in _connection_worker_thread
    result = function()
             ^^^^^^^^^^
sqlite3.OperationalError: database is locked
2026-08-07 21:27:29,222 [ERROR] app.processor: Error processing raw event 'like'
Traceback (most recent call last):
  File "C:\Users\pacong2\Videos\tiktobs\app\processor.py", line 45, in process_raw_event
    is_new = await database.insert_event(
             ^^^^^^^^^^^^^^^^^^^^^^^^^^^^
  File "C:\Users\pacong2\Videos\tiktobs\app\database.py", line 82, in insert_event
    async with aiosqlite.connect(DB_PATH) as db, db.execute(
                                                 ^^^^^^^^^^^
  File "C:\Users\pacong2\Videos\tiktobs\.venv\Lib\site-packages\aiosqlite\context.py", line 41, in __aenter__
    self._obj = await self._coro
                ^^^^^^^^^^^^^^^^
  File "C:\Users\pacong2\Videos\tiktobs\.venv\Lib\site-packages\aiosqlite\core.py", line 223, in execute
    cursor = await self._execute(self._conn.execute, sql, parameters)
             ^^^^^^^^^^^^^^^^^^^^^^^^^^^^^^^^^^^^^^^^^^^^^^^^^^^^^^^^
  File "C:\Users\pacong2\Videos\tiktobs\.venv\Lib\site-packages\aiosqlite\core.py", line 160, in _execute
    return await future
           ^^^^^^^^^^^^
  File "C:\Users\pacong2\Videos\tiktobs\.venv\Lib\site-packages\aiosqlite\core.py", line 63, in _connection_worker_thread
    result = function()
             ^^^^^^^^^^
sqlite3.OperationalError: database is locked
2026-08-07 21:27:29,225 [ERROR] app.processor: Error processing raw event 'viewer'
Traceback (most recent call last):
  File "C:\Users\pacong2\Videos\tiktobs\app\processor.py", line 45, in process_raw_event
    is_new = await database.insert_event(
             ^^^^^^^^^^^^^^^^^^^^^^^^^^^^
  File "C:\Users\pacong2\Videos\tiktobs\app\database.py", line 82, in insert_event
    async with aiosqlite.connect(DB_PATH) as db, db.execute(
                                                 ^^^^^^^^^^^
  File "C:\Users\pacong2\Videos\tiktobs\.venv\Lib\site-packages\aiosqlite\context.py", line 41, in __aenter__
    self._obj = await self._coro
                ^^^^^^^^^^^^^^^^
  File "C:\Users\pacong2\Videos\tiktobs\.venv\Lib\site-packages\aiosqlite\core.py", line 223, in execute
    cursor = await self._execute(self._conn.execute, sql, parameters)
             ^^^^^^^^^^^^^^^^^^^^^^^^^^^^^^^^^^^^^^^^^^^^^^^^^^^^^^^^
  File "C:\Users\pacong2\Videos\tiktobs\.venv\Lib\site-packages\aiosqlite\core.py", line 160, in _execute
    return await future
           ^^^^^^^^^^^^
  File "C:\Users\pacong2\Videos\tiktobs\.venv\Lib\site-packages\aiosqlite\core.py", line 63, in _connection_worker_thread
    result = function()
             ^^^^^^^^^^
sqlite3.OperationalError: database is locked
2026-08-07 21:27:29,229 [ERROR] app.processor: Error processing raw event 'viewer'
Traceback (most recent call last):
  File "C:\Users\pacong2\Videos\tiktobs\app\processor.py", line 45, in process_raw_event
    is_new = await database.insert_event(
             ^^^^^^^^^^^^^^^^^^^^^^^^^^^^
  File "C:\Users\pacong2\Videos\tiktobs\app\database.py", line 82, in insert_event
    async with aiosqlite.connect(DB_PATH) as db, db.execute(
                                                 ^^^^^^^^^^^
  File "C:\Users\pacong2\Videos\tiktobs\.venv\Lib\site-packages\aiosqlite\context.py", line 41, in __aenter__
    self._obj = await self._coro
                ^^^^^^^^^^^^^^^^
  File "C:\Users\pacong2\Videos\tiktobs\.venv\Lib\site-packages\aiosqlite\core.py", line 223, in execute
    cursor = await self._execute(self._conn.execute, sql, parameters)
             ^^^^^^^^^^^^^^^^^^^^^^^^^^^^^^^^^^^^^^^^^^^^^^^^^^^^^^^^
  File "C:\Users\pacong2\Videos\tiktobs\.venv\Lib\site-packages\aiosqlite\core.py", line 160, in _execute
    return await future
           ^^^^^^^^^^^^
  File "C:\Users\pacong2\Videos\tiktobs\.venv\Lib\site-packages\aiosqlite\core.py", line 63, in _connection_worker_thread
    result = function()
             ^^^^^^^^^^
sqlite3.OperationalError: database is locked
2026-08-07 21:27:29,231 [ERROR] app.processor: Error processing raw event 'like'
Traceback (most recent call last):
  File "C:\Users\pacong2\Videos\tiktobs\app\processor.py", line 45, in process_raw_event
    is_new = await database.insert_event(
             ^^^^^^^^^^^^^^^^^^^^^^^^^^^^
  File "C:\Users\pacong2\Videos\tiktobs\app\database.py", line 82, in insert_event
    async with aiosqlite.connect(DB_PATH) as db, db.execute(
                                                 ^^^^^^^^^^^
  File "C:\Users\pacong2\Videos\tiktobs\.venv\Lib\site-packages\aiosqlite\context.py", line 41, in __aenter__
    self._obj = await self._coro
                ^^^^^^^^^^^^^^^^
  File "C:\Users\pacong2\Videos\tiktobs\.venv\Lib\site-packages\aiosqlite\core.py", line 223, in execute
    cursor = await self._execute(self._conn.execute, sql, parameters)
             ^^^^^^^^^^^^^^^^^^^^^^^^^^^^^^^^^^^^^^^^^^^^^^^^^^^^^^^^
  File "C:\Users\pacong2\Videos\tiktobs\.venv\Lib\site-packages\aiosqlite\core.py", line 160, in _execute
    return await future
           ^^^^^^^^^^^^
  File "C:\Users\pacong2\Videos\tiktobs\.venv\Lib\site-packages\aiosqlite\core.py", line 63, in _connection_worker_thread
    result = function()
             ^^^^^^^^^^
sqlite3.OperationalError: database is locked
2026-08-07 21:27:29,239 [ERROR] app.processor: Error processing raw event 'follow'
Traceback (most recent call last):
  File "C:\Users\pacong2\Videos\tiktobs\app\processor.py", line 45, in process_raw_event
    is_new = await database.insert_event(
             ^^^^^^^^^^^^^^^^^^^^^^^^^^^^
  File "C:\Users\pacong2\Videos\tiktobs\app\database.py", line 82, in insert_event
    async with aiosqlite.connect(DB_PATH) as db, db.execute(
                                                 ^^^^^^^^^^^
  File "C:\Users\pacong2\Videos\tiktobs\.venv\Lib\site-packages\aiosqlite\context.py", line 41, in __aenter__
    self._obj = await self._coro
                ^^^^^^^^^^^^^^^^
  File "C:\Users\pacong2\Videos\tiktobs\.venv\Lib\site-packages\aiosqlite\core.py", line 223, in execute
    cursor = await self._execute(self._conn.execute, sql, parameters)
             ^^^^^^^^^^^^^^^^^^^^^^^^^^^^^^^^^^^^^^^^^^^^^^^^^^^^^^^^
  File "C:\Users\pacong2\Videos\tiktobs\.venv\Lib\site-packages\aiosqlite\core.py", line 160, in _execute
    return await future
           ^^^^^^^^^^^^
  File "C:\Users\pacong2\Videos\tiktobs\.venv\Lib\site-packages\aiosqlite\core.py", line 63, in _connection_worker_thread
    result = function()
             ^^^^^^^^^^
sqlite3.OperationalError: database is locked
2026-08-07 21:27:29,243 [ERROR] app.processor: Error processing raw event 'like'
Traceback (most recent call last):
  File "C:\Users\pacong2\Videos\tiktobs\app\processor.py", line 45, in process_raw_event
    is_new = await database.insert_event(
             ^^^^^^^^^^^^^^^^^^^^^^^^^^^^
  File "C:\Users\pacong2\Videos\tiktobs\app\database.py", line 82, in insert_event
    async with aiosqlite.connect(DB_PATH) as db, db.execute(
                                                 ^^^^^^^^^^^
  File "C:\Users\pacong2\Videos\tiktobs\.venv\Lib\site-packages\aiosqlite\context.py", line 41, in __aenter__
    self._obj = await self._coro
                ^^^^^^^^^^^^^^^^
  File "C:\Users\pacong2\Videos\tiktobs\.venv\Lib\site-packages\aiosqlite\core.py", line 223, in execute
    cursor = await self._execute(self._conn.execute, sql, parameters)
             ^^^^^^^^^^^^^^^^^^^^^^^^^^^^^^^^^^^^^^^^^^^^^^^^^^^^^^^^
  File "C:\Users\pacong2\Videos\tiktobs\.venv\Lib\site-packages\aiosqlite\core.py", line 160, in _execute
    return await future
           ^^^^^^^^^^^^
  File "C:\Users\pacong2\Videos\tiktobs\.venv\Lib\site-packages\aiosqlite\core.py", line 63, in _connection_worker_thread
    result = function()
             ^^^^^^^^^^
sqlite3.OperationalError: database is locked
2026-08-07 21:27:29,492 [ERROR] app.processor: Error processing raw event 'like'
Traceback (most recent call last):
  File "C:\Users\pacong2\Videos\tiktobs\app\processor.py", line 45, in process_raw_event
    is_new = await database.insert_event(
             ^^^^^^^^^^^^^^^^^^^^^^^^^^^^
  File "C:\Users\pacong2\Videos\tiktobs\app\database.py", line 82, in insert_event
    async with aiosqlite.connect(DB_PATH) as db, db.execute(
                                                 ^^^^^^^^^^^
  File "C:\Users\pacong2\Videos\tiktobs\.venv\Lib\site-packages\aiosqlite\context.py", line 41, in __aenter__
    self._obj = await self._coro
                ^^^^^^^^^^^^^^^^
  File "C:\Users\pacong2\Videos\tiktobs\.venv\Lib\site-packages\aiosqlite\core.py", line 223, in execute
    cursor = await self._execute(self._conn.execute, sql, parameters)
             ^^^^^^^^^^^^^^^^^^^^^^^^^^^^^^^^^^^^^^^^^^^^^^^^^^^^^^^^
  File "C:\Users\pacong2\Videos\tiktobs\.venv\Lib\site-packages\aiosqlite\core.py", line 160, in _execute
    return await future
           ^^^^^^^^^^^^
  File "C:\Users\pacong2\Videos\tiktobs\.venv\Lib\site-packages\aiosqlite\core.py", line 63, in _connection_worker_thread
    result = function()
             ^^^^^^^^^^
sqlite3.OperationalError: database is locked
2026-08-07 21:27:59,609 [ERROR] app.processor: Error processing raw event 'like'
Traceback (most recent call last):
  File "C:\Users\pacong2\Videos\tiktobs\app\processor.py", line 45, in process_raw_event
    is_new = await database.insert_event(
             ^^^^^^^^^^^^^^^^^^^^^^^^^^^^
  File "C:\Users\pacong2\Videos\tiktobs\app\database.py", line 82, in insert_event
    async with aiosqlite.connect(DB_PATH) as db, db.execute(
                                                 ^^^^^^^^^^^
  File "C:\Users\pacong2\Videos\tiktobs\.venv\Lib\site-packages\aiosqlite\context.py", line 41, in __aenter__
    self._obj = await self._coro
                ^^^^^^^^^^^^^^^^
  File "C:\Users\pacong2\Videos\tiktobs\.venv\Lib\site-packages\aiosqlite\core.py", line 223, in execute
    cursor = await self._execute(self._conn.execute, sql, parameters)
             ^^^^^^^^^^^^^^^^^^^^^^^^^^^^^^^^^^^^^^^^^^^^^^^^^^^^^^^^
  File "C:\Users\pacong2\Videos\tiktobs\.venv\Lib\site-packages\aiosqlite\core.py", line 160, in _execute
    return await future
           ^^^^^^^^^^^^
  File "C:\Users\pacong2\Videos\tiktobs\.venv\Lib\site-packages\aiosqlite\core.py", line 63, in _connection_worker_thread
    result = function()
             ^^^^^^^^^^
sqlite3.OperationalError: database is locked
2026-08-07 21:27:59,614 [ERROR] app.processor: Error processing raw event 'gift'
Traceback (most recent call last):
  File "C:\Users\pacong2\Videos\tiktobs\app\processor.py", line 45, in process_raw_event
    is_new = await database.insert_event(
             ^^^^^^^^^^^^^^^^^^^^^^^^^^^^
  File "C:\Users\pacong2\Videos\tiktobs\app\database.py", line 82, in insert_event
    async with aiosqlite.connect(DB_PATH) as db, db.execute(
                                                 ^^^^^^^^^^^
  File "C:\Users\pacong2\Videos\tiktobs\.venv\Lib\site-packages\aiosqlite\context.py", line 41, in __aenter__
    self._obj = await self._coro
                ^^^^^^^^^^^^^^^^
  File "C:\Users\pacong2\Videos\tiktobs\.venv\Lib\site-packages\aiosqlite\core.py", line 223, in execute
    cursor = await self._execute(self._conn.execute, sql, parameters)
             ^^^^^^^^^^^^^^^^^^^^^^^^^^^^^^^^^^^^^^^^^^^^^^^^^^^^^^^^
  File "C:\Users\pacong2\Videos\tiktobs\.venv\Lib\site-packages\aiosqlite\core.py", line 160, in _execute
    return await future
           ^^^^^^^^^^^^
  File "C:\Users\pacong2\Videos\tiktobs\.venv\Lib\site-packages\aiosqlite\core.py", line 63, in _connection_worker_thread
    result = function()
             ^^^^^^^^^^
sqlite3.OperationalError: database is locked
2026-08-07 21:27:59,657 [ERROR] app.processor: Error processing raw event 'like'
Traceback (most recent call last):
  File "C:\Users\pacong2\Videos\tiktobs\app\processor.py", line 45, in process_raw_event
    is_new = await database.insert_event(
             ^^^^^^^^^^^^^^^^^^^^^^^^^^^^
  File "C:\Users\pacong2\Videos\tiktobs\app\database.py", line 82, in insert_event
    async with aiosqlite.connect(DB_PATH) as db, db.execute(
                                                 ^^^^^^^^^^^
  File "C:\Users\pacong2\Videos\tiktobs\.venv\Lib\site-packages\aiosqlite\context.py", line 41, in __aenter__
    self._obj = await self._coro
                ^^^^^^^^^^^^^^^^
  File "C:\Users\pacong2\Videos\tiktobs\.venv\Lib\site-packages\aiosqlite\core.py", line 223, in execute
    cursor = await self._execute(self._conn.execute, sql, parameters)
             ^^^^^^^^^^^^^^^^^^^^^^^^^^^^^^^^^^^^^^^^^^^^^^^^^^^^^^^^
  File "C:\Users\pacong2\Videos\tiktobs\.venv\Lib\site-packages\aiosqlite\core.py", line 160, in _execute
    return await future
           ^^^^^^^^^^^^
  File "C:\Users\pacong2\Videos\tiktobs\.venv\Lib\site-packages\aiosqlite\core.py", line 63, in _connection_worker_thread
    result = function()
             ^^^^^^^^^^
sqlite3.OperationalError: database is locked
2026-08-07 21:27:59,676 [ERROR] app.processor: Error processing raw event 'gift'
Traceback (most recent call last):
  File "C:\Users\pacong2\Videos\tiktobs\app\processor.py", line 45, in process_raw_event
    is_new = await database.insert_event(
             ^^^^^^^^^^^^^^^^^^^^^^^^^^^^
  File "C:\Users\pacong2\Videos\tiktobs\app\database.py", line 82, in insert_event
    async with aiosqlite.connect(DB_PATH) as db, db.execute(
                                                 ^^^^^^^^^^^
  File "C:\Users\pacong2\Videos\tiktobs\.venv\Lib\site-packages\aiosqlite\context.py", line 41, in __aenter__
    self._obj = await self._coro
                ^^^^^^^^^^^^^^^^
  File "C:\Users\pacong2\Videos\tiktobs\.venv\Lib\site-packages\aiosqlite\core.py", line 223, in execute
    cursor = await self._execute(self._conn.execute, sql, parameters)
             ^^^^^^^^^^^^^^^^^^^^^^^^^^^^^^^^^^^^^^^^^^^^^^^^^^^^^^^^
  File "C:\Users\pacong2\Videos\tiktobs\.venv\Lib\site-packages\aiosqlite\core.py", line 160, in _execute
    return await future
           ^^^^^^^^^^^^
  File "C:\Users\pacong2\Videos\tiktobs\.venv\Lib\site-packages\aiosqlite\core.py", line 63, in _connection_worker_thread
    result = function()
             ^^^^^^^^^^
sqlite3.OperationalError: database is locked
2026-08-07 21:28:00,525 [INFO] app.main: WebSocket client disconnected. Total clients: 0
2026-08-07 21:28:01,840 [INFO] app.main: WebSocket client connected. Total clients: 1
2026-08-07 21:28:02,644 [ERROR] app.processor: Error processing raw event 'viewer'
Traceback (most recent call last):
  File "C:\Users\pacong2\Videos\tiktobs\app\processor.py", line 45, in process_raw_event
    is_new = await database.insert_event(
             ^^^^^^^^^^^^^^^^^^^^^^^^^^^^
  File "C:\Users\pacong2\Videos\tiktobs\app\database.py", line 82, in insert_event
    async with aiosqlite.connect(DB_PATH) as db, db.execute(
                                                 ^^^^^^^^^^^
  File "C:\Users\pacong2\Videos\tiktobs\.venv\Lib\site-packages\aiosqlite\context.py", line 41, in __aenter__
    self._obj = await self._coro
                ^^^^^^^^^^^^^^^^
  File "C:\Users\pacong2\Videos\tiktobs\.venv\Lib\site-packages\aiosqlite\core.py", line 223, in execute
    cursor = await self._execute(self._conn.execute, sql, parameters)
             ^^^^^^^^^^^^^^^^^^^^^^^^^^^^^^^^^^^^^^^^^^^^^^^^^^^^^^^^
  File "C:\Users\pacong2\Videos\tiktobs\.venv\Lib\site-packages\aiosqlite\core.py", line 160, in _execute
    return await future
           ^^^^^^^^^^^^
  File "C:\Users\pacong2\Videos\tiktobs\.venv\Lib\site-packages\aiosqlite\core.py", line 63, in _connection_worker_thread
    result = function()
             ^^^^^^^^^^
sqlite3.OperationalError: database is locked
2026-08-07 21:28:02,657 [ERROR] app.processor: Error processing raw event 'like'
Traceback (most recent call last):
  File "C:\Users\pacong2\Videos\tiktobs\app\processor.py", line 45, in process_raw_event
    is_new = await database.insert_event(
             ^^^^^^^^^^^^^^^^^^^^^^^^^^^^
  File "C:\Users\pacong2\Videos\tiktobs\app\database.py", line 82, in insert_event
    async with aiosqlite.connect(DB_PATH) as db, db.execute(
                                                 ^^^^^^^^^^^
  File "C:\Users\pacong2\Videos\tiktobs\.venv\Lib\site-packages\aiosqlite\context.py", line 41, in __aenter__
    self._obj = await self._coro
                ^^^^^^^^^^^^^^^^
  File "C:\Users\pacong2\Videos\tiktobs\.venv\Lib\site-packages\aiosqlite\core.py", line 223, in execute
    cursor = await self._execute(self._conn.execute, sql, parameters)
             ^^^^^^^^^^^^^^^^^^^^^^^^^^^^^^^^^^^^^^^^^^^^^^^^^^^^^^^^
  File "C:\Users\pacong2\Videos\tiktobs\.venv\Lib\site-packages\aiosqlite\core.py", line 160, in _execute
    return await future
           ^^^^^^^^^^^^
  File "C:\Users\pacong2\Videos\tiktobs\.venv\Lib\site-packages\aiosqlite\core.py", line 63, in _connection_worker_thread
    result = function()
             ^^^^^^^^^^
sqlite3.OperationalError: database is locked
2026-08-07 21:28:45,802 [ERROR] app.processor: Error processing raw event 'follow'
Traceback (most recent call last):
  File "C:\Users\pacong2\Videos\tiktobs\app\processor.py", line 45, in process_raw_event
    is_new = await database.insert_event(
             ^^^^^^^^^^^^^^^^^^^^^^^^^^^^
  File "C:\Users\pacong2\Videos\tiktobs\app\database.py", line 82, in insert_event
    async with aiosqlite.connect(DB_PATH) as db, db.execute(
                                                 ^^^^^^^^^^^
  File "C:\Users\pacong2\Videos\tiktobs\.venv\Lib\site-packages\aiosqlite\context.py", line 41, in __aenter__
    self._obj = await self._coro
                ^^^^^^^^^^^^^^^^
  File "C:\Users\pacong2\Videos\tiktobs\.venv\Lib\site-packages\aiosqlite\core.py", line 223, in execute
    cursor = await self._execute(self._conn.execute, sql, parameters)
             ^^^^^^^^^^^^^^^^^^^^^^^^^^^^^^^^^^^^^^^^^^^^^^^^^^^^^^^^
  File "C:\Users\pacong2\Videos\tiktobs\.venv\Lib\site-packages\aiosqlite\core.py", line 160, in _execute
    return await future
           ^^^^^^^^^^^^
  File "C:\Users\pacong2\Videos\tiktobs\.venv\Lib\site-packages\aiosqlite\core.py", line 63, in _connection_worker_thread
    result = function()
             ^^^^^^^^^^
sqlite3.OperationalError: database is locked
2026-08-07 21:29:39,973 [INFO] app.main: WebSocket client disconnected. Total clients: 0
2026-08-07 21:29:40,082 [INFO] app.main: Shutting down live connections and cleaning up...
2026-08-07 21:29:40,515 [ERROR] asyncio: Task exception was never retrieved
future: <Task finished name='Task-9' coro=<TikTokLiveProvider._run_connection_loop() done, defined at C:\Users\pacong2\Videos\tiktobs\app\providers\live.py:80> exception=OperationalError('database is locked')>
Traceback (most recent call last):
  File "C:\Users\pacong2\Videos\tiktobs\app\providers\live.py", line 106, in _run_connection_loop
    await self.emit_event("connection_failed", {"error": str(e)})
  File "C:\Users\pacong2\Videos\tiktobs\app\providers\base.py", line 19, in emit_event
    await self._event_callback(event_type, raw_data)
  File "C:\Users\pacong2\Videos\tiktobs\app\main.py", line 92, in handle_provider_event
    await database.close_session(processor.session_id)
  File "C:\Users\pacong2\Videos\tiktobs\app\database.py", line 61, in close_session
    await db.execute(
  File "C:\Users\pacong2\Videos\tiktobs\.venv\Lib\site-packages\aiosqlite\core.py", line 223, in execute
    cursor = await self._execute(self._conn.execute, sql, parameters)
             ^^^^^^^^^^^^^^^^^^^^^^^^^^^^^^^^^^^^^^^^^^^^^^^^^^^^^^^^
  File "C:\Users\pacong2\Videos\tiktobs\.venv\Lib\site-packages\aiosqlite\core.py", line 160, in _execute
    return await future
           ^^^^^^^^^^^^
  File "C:\Users\pacong2\Videos\tiktobs\.venv\Lib\site-packages\aiosqlite\core.py", line 63, in _connection_worker_thread
    result = function()
             ^^^^^^^^^^
sqlite3.OperationalError: database is locked
2026-08-07 21:30:21,460 [INFO] app.main: Initializing database and application components...
2026-08-07 21:32:21,180 [INFO] app.main: Initializing database and application components...
2026-08-07 21:32:21,595 [INFO] app.main: WebSocket client connected. Total clients: 1
2026-08-07 21:32:23,076 [INFO] app.main: WebSocket client disconnected. Total clients: 0
2026-08-07 21:32:23,078 [ERROR] asyncio: Exception in callback _ProactorBasePipeTransport._call_connection_lost(None)
handle: <Handle _ProactorBasePipeTransport._call_connection_lost(None)>
Traceback (most recent call last):
  File "C:\Users\pacong2\AppData\Roaming\uv\python\cpython-3.12-windows-x86_64-none\Lib\asyncio\events.py", line 88, in _run
    self._context.run(self._callback, *self._args)
  File "C:\Users\pacong2\AppData\Roaming\uv\python\cpython-3.12-windows-x86_64-none\Lib\asyncio\proactor_events.py", line 165, in _call_connection_lost
    self._sock.shutdown(socket.SHUT_RDWR)
ConnectionResetError: [WinError 10054] An existing connection was forcibly closed by the remote host
2026-08-07 21:32:25,228 [INFO] app.main: WebSocket client connected. Total clients: 1
2026-08-07 21:34:24,418 [INFO] app.processor: EventProcessor active session updated to: ef7aa248
2026-08-07 21:34:24,425 [INFO] app.providers.live: Connecting to TikTok live for username: @laurentpriskila...
2026-08-07 21:34:25,404 [INFO] httpx: HTTP Request: GET https://www.tiktok.com/api-live/user/room/?aid=1988&app_language=en&app_name=tiktok_web&browser_language=en-GB&browser_name=Mozilla&browser_online=true&browser_platform=Win32&browser_version=5.0%20%28Windows%20NT%2010.0%3B%20Win64%3B%20x64%29%20AppleWebKit%2F537.36%20%28KHTML%2C%20like%20Gecko%29%20Chrome%2F147.0.0.0%20Safari%2F537.36%20OPR%2F131.0.0.0&cookie_enabled=true&device_platform=web_pc&focus_state=true&from_page=&history_len=6&is_fullscreen=false&is_page_visible=true&screen_height=2880&screen_width=5120&tz_name=Europe/London&channel=tiktok_web&data_collection_enabled=true&os=windows&priority_region=GB&region=GB&user_is_login=false&webcast_language=en&msToken=&referer=https://www.tiktok.com/@laurentpriskila/live&root_referer=https://www.tiktok.com/@laurentpriskila/live&device_id=46268413976618182857&uniqueId=laurentpriskila&sourceType=54 "HTTP/1.1 200 OK"
2026-08-07 21:34:25,701 [INFO] httpx: HTTP Request: GET https://www.tiktok.com/@laurentpriskila/live? "HTTP/1.1 200 OK"
2026-08-07 21:34:25,901 [INFO] httpx: HTTP Request: GET https://webcast.tiktok.com/webcast/room/check_alive/?aid=1988&app_language=en&app_name=tiktok_web&browser_language=en-GB&browser_name=Mozilla&browser_online=true&browser_platform=Win32&browser_version=5.0%20%28Windows%20NT%2010.0%3B%20Win64%3B%20x64%29%20AppleWebKit%2F537.36%20%28KHTML%2C%20like%20Gecko%29%20Chrome%2F147.0.0.0%20Safari%2F537.36%20OPR%2F131.0.0.0&cookie_enabled=true&device_platform=web_pc&focus_state=true&from_page=&history_len=6&is_fullscreen=false&is_page_visible=true&screen_height=2880&screen_width=5120&tz_name=Europe/London&channel=tiktok_web&data_collection_enabled=true&os=windows&priority_region=GB&region=GB&user_is_login=false&webcast_language=en&msToken=&referer=https://www.tiktok.com/@laurentpriskila/live&root_referer=https://www.tiktok.com/@laurentpriskila/live&device_id=82837902854763490543&room_id=7671237775294860053&room_ids=7671237775294860053 "HTTP/1.1 200 OK"
2026-08-07 21:34:27,833 [INFO] httpx: HTTP Request: GET https://api.eulerstream.com/webcast/fetch?client=ttlive-python&room_id=7671237775294860053&user_agent=Mozilla%2F5.0+%28Windows+NT+10.0%3B+Win64%3B+x64%29+AppleWebKit%2F537.36+%28KHTML%2C+like+Gecko%29+Chrome%2F147.0.0.0+Safari%2F537.36+OPR%2F131.0.0.0&client_enter=true&platform=web&tt_target_idc=useast1a "HTTP/1.1 200 OK"
2026-08-07 21:34:28,712 [INFO] app.providers.live: Reconnecting to @laurentpriskila in 2.0s...
2026-08-07 21:34:30,580 [INFO] app.providers.live: Successfully connected to room 7671237775294860053
2026-08-07 21:34:31,255 [INFO] app.providers.live: Connecting to TikTok live for username: @laurentpriskila...
2026-08-07 21:34:35,684 [INFO] httpx: HTTP Request: GET https://www.tiktok.com/api-live/user/room/?aid=1988&app_language=en&app_name=tiktok_web&browser_language=en-GB&browser_name=Mozilla&browser_online=true&browser_platform=Win32&browser_version=5.0%20%28Windows%20NT%2010.0%3B%20Win64%3B%20x64%29%20AppleWebKit%2F537.36%20%28KHTML%2C%20like%20Gecko%29%20Chrome%2F147.0.0.0%20Safari%2F537.36%20OPR%2F131.0.0.0&cookie_enabled=true&device_platform=web_pc&focus_state=true&from_page=&history_len=6&is_fullscreen=false&is_page_visible=true&screen_height=2880&screen_width=5120&tz_name=Europe/London&channel=tiktok_web&data_collection_enabled=true&os=windows&priority_region=GB&region=GB&user_is_login=false&webcast_language=en&msToken=&referer=https://www.tiktok.com/@laurentpriskila/live&root_referer=https://www.tiktok.com/@laurentpriskila/live&device_id=59937551261509124893&uniqueId=laurentpriskila&sourceType=54 "HTTP/1.1 200 OK"
2026-08-07 21:34:35,920 [INFO] httpx: HTTP Request: GET https://www.tiktok.com/@laurentpriskila/live? "HTTP/1.1 200 OK"
2026-08-07 21:34:36,106 [INFO] httpx: HTTP Request: GET https://webcast.tiktok.com/webcast/room/check_alive/?aid=1988&app_language=en&app_name=tiktok_web&browser_language=en-GB&browser_name=Mozilla&browser_online=true&browser_platform=Win32&browser_version=5.0%20%28Windows%20NT%2010.0%3B%20Win64%3B%20x64%29%20AppleWebKit%2F537.36%20%28KHTML%2C%20like%20Gecko%29%20Chrome%2F147.0.0.0%20Safari%2F537.36%20OPR%2F131.0.0.0&cookie_enabled=true&device_platform=web_pc&focus_state=true&from_page=&history_len=6&is_fullscreen=false&is_page_visible=true&screen_height=2880&screen_width=5120&tz_name=Europe/London&channel=tiktok_web&data_collection_enabled=true&os=windows&priority_region=GB&region=GB&user_is_login=false&webcast_language=en&msToken=&referer=https://www.tiktok.com/@laurentpriskila/live&root_referer=https://www.tiktok.com/@laurentpriskila/live&device_id=32198791652530712615&room_id=7671237775294860053&room_ids=7671237775294860053 "HTTP/1.1 200 OK"
2026-08-07 21:34:37,477 [INFO] httpx: HTTP Request: GET https://api.eulerstream.com/webcast/fetch?client=ttlive-python&room_id=7671237775294860053&user_agent=Mozilla%2F5.0+%28Windows+NT+10.0%3B+Win64%3B+x64%29+AppleWebKit%2F537.36+%28KHTML%2C+like+Gecko%29+Chrome%2F147.0.0.0+Safari%2F537.36+OPR%2F131.0.0.0&client_enter=true&platform=web&tt_target_idc=useast1a "HTTP/1.1 200 OK"
2026-08-07 21:34:37,561 [INFO] app.providers.live: Reconnecting to @laurentpriskila in 4.0s...
2026-08-07 21:34:39,060 [INFO] app.providers.live: Successfully connected to room 7671237775294860053
2026-08-07 21:34:41,445 [INFO] app.providers.live: Connection has been stable for 10s. Reconnect delay reset to 2.0s.
2026-08-07 21:34:41,561 [INFO] app.providers.live: Connecting to TikTok live for username: @laurentpriskila...
2026-08-07 21:34:43,297 [INFO] httpx: HTTP Request: GET https://www.tiktok.com/api-live/user/room/?aid=1988&app_language=en&app_name=tiktok_web&browser_language=en-GB&browser_name=Mozilla&browser_online=true&browser_platform=Win32&browser_version=5.0%20%28Windows%20NT%2010.0%3B%20Win64%3B%20x64%29%20AppleWebKit%2F537.36%20%28KHTML%2C%20like%20Gecko%29%20Chrome%2F147.0.0.0%20Safari%2F537.36%20OPR%2F131.0.0.0&cookie_enabled=true&device_platform=web_pc&focus_state=true&from_page=&history_len=6&is_fullscreen=false&is_page_visible=true&screen_height=2880&screen_width=5120&tz_name=Europe/London&channel=tiktok_web&data_collection_enabled=true&os=windows&priority_region=GB&region=GB&user_is_login=false&webcast_language=en&msToken=&referer=https://www.tiktok.com/@laurentpriskila/live&root_referer=https://www.tiktok.com/@laurentpriskila/live&device_id=88325997456561764455&uniqueId=laurentpriskila&sourceType=54 "HTTP/1.1 200 OK"
2026-08-07 21:34:43,530 [INFO] httpx: HTTP Request: GET https://www.tiktok.com/@laurentpriskila/live? "HTTP/1.1 200 OK"
2026-08-07 21:34:43,842 [INFO] httpx: HTTP Request: GET https://webcast.tiktok.com/webcast/room/check_alive/?aid=1988&app_language=en&app_name=tiktok_web&browser_language=en-GB&browser_name=Mozilla&browser_online=true&browser_platform=Win32&browser_version=5.0%20%28Windows%20NT%2010.0%3B%20Win64%3B%20x64%29%20AppleWebKit%2F537.36%20%28KHTML%2C%20like%20Gecko%29%20Chrome%2F147.0.0.0%20Safari%2F537.36%20OPR%2F131.0.0.0&cookie_enabled=true&device_platform=web_pc&focus_state=true&from_page=&history_len=6&is_fullscreen=false&is_page_visible=true&screen_height=2880&screen_width=5120&tz_name=Europe/London&channel=tiktok_web&data_collection_enabled=true&os=windows&priority_region=GB&region=GB&user_is_login=false&webcast_language=en&msToken=&referer=https://www.tiktok.com/@laurentpriskila/live&root_referer=https://www.tiktok.com/@laurentpriskila/live&device_id=34506852889918125839&room_id=7671237775294860053&room_ids=7671237775294860053 "HTTP/1.1 200 OK"
2026-08-07 21:34:46,301 [INFO] httpx: HTTP Request: GET https://api.eulerstream.com/webcast/fetch?client=ttlive-python&room_id=7671237775294860053&user_agent=Mozilla%2F5.0+%28Windows+NT+10.0%3B+Win64%3B+x64%29+AppleWebKit%2F537.36+%28KHTML%2C+like+Gecko%29+Chrome%2F147.0.0.0+Safari%2F537.36+OPR%2F131.0.0.0&client_enter=true&platform=web&tt_target_idc=useast1a "HTTP/1.1 200 OK"
2026-08-07 21:34:46,627 [INFO] app.providers.live: Reconnecting to @laurentpriskila in 4.0s...
2026-08-07 21:34:48,267 [INFO] app.providers.live: Successfully connected to room 7671237775294860053
2026-08-07 21:34:50,542 [INFO] app.providers.live: Connection has been stable for 10s. Reconnect delay reset to 2.0s.
2026-08-07 21:34:50,608 [INFO] app.providers.live: Connecting to TikTok live for username: @laurentpriskila...
2026-08-07 21:34:51,679 [INFO] httpx: HTTP Request: GET https://www.tiktok.com/api-live/user/room/?aid=1988&app_language=en&app_name=tiktok_web&browser_language=en-GB&browser_name=Mozilla&browser_online=true&browser_platform=Win32&browser_version=5.0%20%28Windows%20NT%2010.0%3B%20Win64%3B%20x64%29%20AppleWebKit%2F537.36%20%28KHTML%2C%20like%20Gecko%29%20Chrome%2F147.0.0.0%20Safari%2F537.36%20OPR%2F131.0.0.0&cookie_enabled=true&device_platform=web_pc&focus_state=true&from_page=&history_len=6&is_fullscreen=false&is_page_visible=true&screen_height=2880&screen_width=5120&tz_name=Europe/London&channel=tiktok_web&data_collection_enabled=true&os=windows&priority_region=GB&region=GB&user_is_login=false&webcast_language=en&msToken=&referer=https://www.tiktok.com/@laurentpriskila/live&root_referer=https://www.tiktok.com/@laurentpriskila/live&device_id=47846712617306274437&uniqueId=laurentpriskila&sourceType=54 "HTTP/1.1 200 OK"
2026-08-07 21:34:53,399 [INFO] httpx: HTTP Request: GET https://www.tiktok.com/@laurentpriskila/live? "HTTP/1.1 200 OK"
2026-08-07 21:34:55,455 [INFO] httpx: HTTP Request: GET https://webcast.tiktok.com/webcast/room/check_alive/?aid=1988&app_language=en&app_name=tiktok_web&browser_language=en-GB&browser_name=Mozilla&browser_online=true&browser_platform=Win32&browser_version=5.0%20%28Windows%20NT%2010.0%3B%20Win64%3B%20x64%29%20AppleWebKit%2F537.36%20%28KHTML%2C%20like%20Gecko%29%20Chrome%2F147.0.0.0%20Safari%2F537.36%20OPR%2F131.0.0.0&cookie_enabled=true&device_platform=web_pc&focus_state=true&from_page=&history_len=6&is_fullscreen=false&is_page_visible=true&screen_height=2880&screen_width=5120&tz_name=Europe/London&channel=tiktok_web&data_collection_enabled=true&os=windows&priority_region=GB&region=GB&user_is_login=false&webcast_language=en&msToken=&referer=https://www.tiktok.com/@laurentpriskila/live&root_referer=https://www.tiktok.com/@laurentpriskila/live&device_id=96880536646784548392&room_id=7671237775294860053&room_ids=7671237775294860053 "HTTP/1.1 200 OK"
2026-08-07 21:34:58,678 [INFO] httpx: HTTP Request: GET https://api.eulerstream.com/webcast/fetch?client=ttlive-python&room_id=7671237775294860053&user_agent=Mozilla%2F5.0+%28Windows+NT+10.0%3B+Win64%3B+x64%29+AppleWebKit%2F537.36+%28KHTML%2C+like+Gecko%29+Chrome%2F147.0.0.0+Safari%2F537.36+OPR%2F131.0.0.0&client_enter=true&platform=web&tt_target_idc=useast1a "HTTP/1.1 200 OK"
2026-08-07 21:34:58,717 [INFO] app.providers.live: Reconnecting to @laurentpriskila in 4.0s...
2026-08-07 21:35:00,544 [INFO] app.providers.live: Successfully connected to room 7671237775294860053
2026-08-07 21:35:04,801 [INFO] app.providers.live: Connecting to TikTok live for username: @laurentpriskila...
2026-08-07 21:35:11,913 [ERROR] app.providers.live: Connection failed for @laurentpriskila
Traceback (most recent call last):
  File "C:\Users\pacong2\Videos\tiktobs\.venv\Lib\site-packages\httpx\_transports\default.py", line 101, in map_httpcore_exceptions
    yield
  File "C:\Users\pacong2\Videos\tiktobs\.venv\Lib\site-packages\httpx\_transports\default.py", line 394, in handle_async_request
    resp = await self._pool.handle_async_request(req)
           ^^^^^^^^^^^^^^^^^^^^^^^^^^^^^^^^^^^^^^^^^^
  File "C:\Users\pacong2\Videos\tiktobs\.venv\Lib\site-packages\httpcore\_async\connection_pool.py", line 256, in handle_async_request
    raise exc from None
  File "C:\Users\pacong2\Videos\tiktobs\.venv\Lib\site-packages\httpcore\_async\connection_pool.py", line 236, in handle_async_request
    response = await connection.handle_async_request(
               ^^^^^^^^^^^^^^^^^^^^^^^^^^^^^^^^^^^^^^
  File "C:\Users\pacong2\Videos\tiktobs\.venv\Lib\site-packages\httpcore\_async\connection.py", line 101, in handle_async_request
    raise exc
  File "C:\Users\pacong2\Videos\tiktobs\.venv\Lib\site-packages\httpcore\_async\connection.py", line 78, in handle_async_request
    stream = await self._connect(request)
             ^^^^^^^^^^^^^^^^^^^^^^^^^^^^
  File "C:\Users\pacong2\Videos\tiktobs\.venv\Lib\site-packages\httpcore\_async\connection.py", line 124, in _connect
    stream = await self._network_backend.connect_tcp(**kwargs)
             ^^^^^^^^^^^^^^^^^^^^^^^^^^^^^^^^^^^^^^^^^^^^^^^^^
  File "C:\Users\pacong2\Videos\tiktobs\.venv\Lib\site-packages\httpcore\_backends\auto.py", line 31, in connect_tcp
    return await self._backend.connect_tcp(
           ^^^^^^^^^^^^^^^^^^^^^^^^^^^^^^^^
  File "C:\Users\pacong2\Videos\tiktobs\.venv\Lib\site-packages\httpcore\_backends\anyio.py", line 113, in connect_tcp
    with map_exceptions(exc_map):
         ^^^^^^^^^^^^^^^^^^^^^^^
  File "C:\Users\pacong2\AppData\Roaming\uv\python\cpython-3.12-windows-x86_64-none\Lib\contextlib.py", line 158, in __exit__
    self.gen.throw(value)
  File "C:\Users\pacong2\Videos\tiktobs\.venv\Lib\site-packages\httpcore\_exceptions.py", line 14, in map_exceptions
    raise to_exc(exc) from exc
httpcore.ConnectTimeout

The above exception was the direct cause of the following exception:

Traceback (most recent call last):
  File "C:\Users\pacong2\Videos\tiktobs\app\providers\live.py", line 94, in _run_connection_loop
    is_live = await self.client.is_live()
              ^^^^^^^^^^^^^^^^^^^^^^^^^^^
  File "C:\Users\pacong2\Videos\tiktobs\.venv\Lib\site-packages\TikTokLive\client\client.py", line 594, in is_live
    return await self._web.fetch_is_live(unique_id=unique_id or self.unique_id)
           ^^^^^^^^^^^^^^^^^^^^^^^^^^^^^^^^^^^^^^^^^^^^^^^^^^^^^^^^^^^^^^^^^^^^
  File "C:\Users\pacong2\Videos\tiktobs\.venv\Lib\site-packages\TikTokLive\client\web\routes\fetch_is_live.py", line 67, in __call__
    return await self.fetch_is_live_unique_id(unique_id)
           ^^^^^^^^^^^^^^^^^^^^^^^^^^^^^^^^^^^^^^^^^^^^^
  File "C:\Users\pacong2\Videos\tiktobs\.venv\Lib\site-packages\TikTokLive\client\web\routes\fetch_is_live.py", line 97, in fetch_is_live_unique_id
    response_json: dict = await FetchRoomIdAPIRoute.fetch_user_room_data(
                          ^^^^^^^^^^^^^^^^^^^^^^^^^^^^^^^^^^^^^^^^^^^^^^^
  File "C:\Users\pacong2\Videos\tiktobs\.venv\Lib\site-packages\TikTokLive\client\web\routes\fetch_room_id_api.py", line 44, in fetch_user_room_data
    response: Response = await web.get(
                         ^^^^^^^^^^^^^^
  File "C:\Users\pacong2\Videos\tiktobs\.venv\Lib\site-packages\TikTokLive\client\web\web_base.py", line 319, in get
    return await self.request(
           ^^^^^^^^^^^^^^^^^^^
  File "C:\Users\pacong2\Videos\tiktobs\.venv\Lib\site-packages\TikTokLive\client\web\web_base.py", line 304, in request
    return await http_client.send(request)
           ^^^^^^^^^^^^^^^^^^^^^^^^^^^^^^^
  File "C:\Users\pacong2\Videos\tiktobs\.venv\Lib\site-packages\httpx\_client.py", line 1629, in send
    response = await self._send_handling_auth(
               ^^^^^^^^^^^^^^^^^^^^^^^^^^^^^^^
  File "C:\Users\pacong2\Videos\tiktobs\.venv\Lib\site-packages\httpx\_client.py", line 1657, in _send_handling_auth
    response = await self._send_handling_redirects(
               ^^^^^^^^^^^^^^^^^^^^^^^^^^^^^^^^^^^^
  File "C:\Users\pacong2\Videos\tiktobs\.venv\Lib\site-packages\httpx\_client.py", line 1694, in _send_handling_redirects
    response = await self._send_single_request(request)
               ^^^^^^^^^^^^^^^^^^^^^^^^^^^^^^^^^^^^^^^^
  File "C:\Users\pacong2\Videos\tiktobs\.venv\Lib\site-packages\httpx\_client.py", line 1730, in _send_single_request
    response = await transport.handle_async_request(request)
               ^^^^^^^^^^^^^^^^^^^^^^^^^^^^^^^^^^^^^^^^^^^^^
  File "C:\Users\pacong2\Videos\tiktobs\.venv\Lib\site-packages\httpx\_transports\default.py", line 393, in handle_async_request
    with map_httpcore_exceptions():
         ^^^^^^^^^^^^^^^^^^^^^^^^^
  File "C:\Users\pacong2\AppData\Roaming\uv\python\cpython-3.12-windows-x86_64-none\Lib\contextlib.py", line 158, in __exit__
    self.gen.throw(value)
  File "C:\Users\pacong2\Videos\tiktobs\.venv\Lib\site-packages\httpx\_transports\default.py", line 118, in map_httpcore_exceptions
    raise mapped_exc(message) from exc
httpx.ConnectTimeout
2026-08-07 21:35:15,624 [ERROR] app.database: Failed to insert event 71428988e1f73e0c4c64ebb10a1614e1 due to database error: database is locked
2026-08-07 21:35:15,630 [ERROR] app.database: Failed to insert event c87dfa1058cab5a364c68af715df97b0 due to database error: database is locked
2026-08-07 21:35:15,631 [ERROR] app.database: Failed to insert event 7f796669f63c8bfe62090dac222d1f16 due to database error: database is locked
2026-08-07 21:35:15,632 [ERROR] app.database: Failed to insert event 4652420eb576854637326f81fa9ae509 due to database error: database is locked
2026-08-07 21:35:15,633 [ERROR] app.database: Failed to insert event e41ba706a4567e825f03ff994ffb5694 due to database error: database is locked
2026-08-07 21:35:15,635 [ERROR] app.database: Failed to insert event 02e063bfb1f7d316c9728e901d497dd2 due to database error: database is locked
2026-08-07 21:35:15,637 [ERROR] app.database: Failed to insert event 8207704375fa6e69dfe194e46d5fc3ef due to database error: database is locked
2026-08-07 21:35:15,653 [ERROR] app.database: Failed to insert event a7d9cb5d701ca93e73d6a3f26c58f69b due to database error: database is locked
2026-08-07 21:35:17,458 [ERROR] app.database: Failed to insert event 9ec3d6be39c0186d14bb81376d93f58c due to database error: database is locked
2026-08-07 21:35:17,462 [ERROR] app.database: Failed to insert event 8583814fcb6c19bd45beeb42a458c3a5 due to database error: database is locked
2026-08-07 21:35:19,336 [ERROR] app.database: Failed to insert event 2924522471d0000a65496cc969aef27f due to database error: database is locked
2026-08-07 21:35:19,347 [ERROR] app.database: Failed to insert event 5c9c03dd404e531c3a565ce2172cfb02 due to database error: database is locked
2026-08-07 21:35:19,349 [ERROR] app.database: Failed to insert event a093e60447668bd760025af221377d99 due to database error: database is locked
2026-08-07 21:35:19,375 [ERROR] app.database: Failed to insert event e3ab947b53ab66b7e7c9d43e8e2b5e6d due to database error: database is locked
2026-08-07 21:35:19,417 [ERROR] app.database: Failed to insert event b977149473501b4ea0beab4202d83f05 due to database error: database is locked
2026-08-07 21:35:19,424 [ERROR] app.database: Failed to insert event fac631e284b62fb52802099ce358d1d0 due to database error: database is locked
2026-08-07 21:35:19,434 [ERROR] app.database: Failed to insert event 44ff6b454a5af76f47a4b41352aff5e0 due to database error: database is locked
2026-08-07 21:35:19,444 [ERROR] app.database: Failed to insert event 610c6d8e513b340d273945a035d69782 due to database error: database is locked
2026-08-07 21:35:22,173 [ERROR] app.database: Failed to insert event 43558a7e15f444f9f9848fd054d5068f due to database error: database is locked
2026-08-07 21:35:22,175 [ERROR] app.database: Failed to insert event 4f7a7f7ec7604f2c63a76c0d941f915b due to database error: database is locked
2026-08-07 21:35:22,177 [ERROR] app.database: Failed to insert event 9d5d1895408e98eb21b3608e3c14bde8 due to database error: database is locked
2026-08-07 21:35:22,180 [ERROR] app.database: Failed to insert event 0ac676a33fcdca9a956df4ab410ada32 due to database error: database is locked
2026-08-07 21:35:22,184 [ERROR] app.database: Failed to insert event b745f21f57403ce0d32ad2c9bc6e7686 due to database error: database is locked
2026-08-07 21:35:22,185 [ERROR] app.database: Failed to insert event ac4e99012423bf9e6c8d8cce4d03522a due to database error: database is locked
2026-08-07 21:35:22,187 [ERROR] app.database: Failed to insert event 06978d2d3c9be03a13609919c35bd176 due to database error: database is locked
2026-08-07 21:35:22,189 [ERROR] app.database: Failed to insert event aaffa1dd57fde0861285ce044d597dbe due to database error: database is locked
2026-08-07 21:35:22,200 [ERROR] app.database: Failed to insert event ceee1d49c7d2b1b25704d4f62d0be4ce due to database error: database is locked
2026-08-07 21:35:24,728 [ERROR] app.database: Failed to insert event 1d760fd23d0813fc9f8c5808501876cb due to database error: database is locked
2026-08-07 21:35:24,729 [ERROR] app.database: Failed to insert event d15a78f24142fc77141a8b65773ecc48 due to database error: database is locked
2026-08-07 21:35:24,729 [ERROR] app.database: Failed to insert event 09e64cc75ad78c06f1b14cbda69cebbc due to database error: database is locked
2026-08-07 21:35:25,605 [ERROR] app.database: Failed to insert event b4aeed16f4f37e4b2642efeda4ab1049 due to database error: database is locked
2026-08-07 21:35:25,609 [ERROR] app.database: Failed to insert event 3f1bde4ec065b603783f8b2b5fd53008 due to database error: database is locked
2026-08-07 21:35:28,117 [ERROR] app.database: Failed to insert event 75f70d5c917b8fed4da2640cb9401430 due to database error: database is locked
2026-08-07 21:35:28,119 [ERROR] app.database: Failed to insert event 23813a04b964a41f9f546e6193e4a997 due to database error: database is locked
2026-08-07 21:35:28,120 [WARNING] app.database: Database locked or error closing session ef7aa248 (safe to ignore during shutdown): database is locked
2026-08-07 21:35:28,121 [INFO] app.processor: EventProcessor active session updated to: None
2026-08-07 21:35:28,122 [INFO] app.providers.live: Reconnecting to @laurentpriskila in 8.0s...
2026-08-07 21:35:28,127 [ERROR] app.database: Failed to insert event f227930abcf25566de59b3cdcfdac23d due to database error: database is locked
2026-08-07 21:35:28,353 [WARNING] app.processor: No active session ID set. Ignoring incoming 'viewer' event.
2026-08-07 21:35:28,556 [WARNING] app.processor: No active session ID set. Ignoring incoming 'viewer' event.
2026-08-07 21:35:28,692 [WARNING] app.processor: No active session ID set. Ignoring incoming 'like' event.
2026-08-07 21:35:28,784 [WARNING] app.processor: No active session ID set. Ignoring incoming 'viewer' event.
2026-08-07 21:35:28,925 [WARNING] app.processor: No active session ID set. Ignoring incoming 'like' event.
2026-08-07 21:35:29,093 [ERROR] app.database: Failed to insert event 9aced8e51c02673445dbda607d265506 due to database error: database is locked
2026-08-07 21:35:29,093 [ERROR] app.database: Failed to insert event f2c74a987f24a586ddbf22b1704bbfe9 due to database error: database is locked
2026-08-07 21:35:29,094 [ERROR] app.database: Failed to insert event c7775f48b15568e9f7d0f4626872e8da due to database error: database is locked
2026-08-07 21:35:29,094 [ERROR] app.database: Failed to insert event db545aebdaa0331edb246aecb0395d20 due to database error: database is locked
2026-08-07 21:35:29,095 [ERROR] app.database: Failed to insert event 2a06dc41c85d32c4047e15b0e42b4697 due to database error: database is locked
2026-08-07 21:35:29,096 [ERROR] app.database: Failed to insert event 68ec248bbf544d9a98bca5857605a8ba due to database error: database is locked
2026-08-07 21:35:29,096 [ERROR] app.database: Failed to insert event 09903c5b56a7e4c965f0a987fb10d146 due to database error: database is locked
2026-08-07 21:35:29,097 [ERROR] app.database: Failed to insert event 4740894da29b75cfe4444e5033997370 due to database error: database is locked
2026-08-07 21:35:29,097 [ERROR] app.database: Failed to insert event b43798044e0e6444ef524f2033f977c8 due to database error: database is locked
2026-08-07 21:35:29,098 [ERROR] app.database: Failed to insert event dd02f351cd433ef77fd009f11b84b895 due to database error: database is locked
2026-08-07 21:35:29,098 [ERROR] app.database: Failed to insert event 4bb98e8b75c89257f1ebab31201b54cb due to database error: database is locked
2026-08-07 21:35:29,099 [ERROR] app.database: Failed to insert event dec557fb98b906df0f368204e634cc05 due to database error: database is locked
2026-08-07 21:35:29,279 [WARNING] app.processor: No active session ID set. Ignoring incoming 'like' event.
2026-08-07 21:35:29,386 [WARNING] app.processor: No active session ID set. Ignoring incoming 'viewer' event.
2026-08-07 21:35:29,559 [WARNING] app.processor: No active session ID set. Ignoring incoming 'like' event.
2026-08-07 21:35:29,654 [WARNING] app.processor: No active session ID set. Ignoring incoming 'viewer' event.
2026-08-07 21:35:29,658 [ERROR] app.database: Failed to insert event b21f0abd26e3f617295843432131d75d due to database error: database is locked
2026-08-07 21:35:29,659 [ERROR] app.database: Failed to insert event 7291f7a1628abc085ba67f46b87062b8 due to database error: database is locked
2026-08-07 21:35:29,660 [ERROR] app.database: Failed to insert event 5cabfdb7bd22ad63c6671fde4fae287b due to database error: database is locked
2026-08-07 21:35:29,661 [ERROR] app.database: Failed to insert event 6e1fe2535d7b9a392cd5a2f0f1a3c029 due to database error: database is locked
2026-08-07 21:35:29,661 [ERROR] app.database: Failed to insert event 6411bf3fecf84c9b701bcf17ddf6af6f due to database error: database is locked
2026-08-07 21:35:29,662 [ERROR] app.database: Failed to insert event 7c2f86cba671a241045dacb3bf9374e0 due to database error: database is locked
2026-08-07 21:35:29,662 [ERROR] app.database: Failed to insert event 4ec1e81ef0cf7fce05c016bf1ea5ec57 due to database error: database is locked
2026-08-07 21:35:29,663 [ERROR] app.database: Failed to insert event e1a653ca5480a4d934b5aac3a3635847 due to database error: database is locked
2026-08-07 21:35:29,663 [ERROR] app.database: Failed to insert event 65e542e5fc6677d4c2a5d592c3b91bd4 due to database error: database is locked
2026-08-07 21:35:29,664 [ERROR] app.database: Failed to insert event a10dcedd207fa5ee5fcbfb7633b3f91a due to database error: database is locked
2026-08-07 21:35:29,665 [ERROR] app.database: Failed to insert event 266554d4778bd16c3f0bc65346bb16fd due to database error: database is locked
2026-08-07 21:35:29,666 [ERROR] app.database: Failed to insert event 887d5a6f8f80c2fe03570a4eea5918fd due to database error: database is locked
2026-08-07 21:35:29,869 [WARNING] app.processor: No active session ID set. Ignoring incoming 'viewer' event.
2026-08-07 21:35:30,023 [WARNING] app.processor: No active session ID set. Ignoring incoming 'like' event.
2026-08-07 21:35:30,126 [WARNING] app.processor: No active session ID set. Ignoring incoming 'viewer' event.
2026-08-07 21:35:30,280 [WARNING] app.processor: No active session ID set. Ignoring incoming 'like' event.
2026-08-07 21:35:30,386 [WARNING] app.processor: No active session ID set. Ignoring incoming 'viewer' event.
2026-08-07 21:35:30,531 [WARNING] app.processor: No active session ID set. Ignoring incoming 'like' event.
2026-08-07 21:35:30,643 [WARNING] app.processor: No active session ID set. Ignoring incoming 'viewer' event.
2026-08-07 21:35:30,644 [ERROR] app.database: Failed to insert event 64728c04a9b8cbe225bb20ad34e6bee6 due to database error: database is locked
2026-08-07 21:35:30,807 [WARNING] app.processor: No active session ID set. Ignoring incoming 'like' event.
2026-08-07 21:35:30,957 [WARNING] app.processor: No active session ID set. Ignoring incoming 'viewer' event.
2026-08-07 21:35:31,061 [WARNING] app.processor: No active session ID set. Ignoring incoming 'viewer' event.
2026-08-07 21:35:31,062 [ERROR] app.database: Failed to insert event 6693ec9369d6638f93cf5436197c22ee due to database error: database is locked
2026-08-07 21:35:31,174 [WARNING] app.processor: No active session ID set. Ignoring incoming 'viewer' event.
2026-08-07 21:35:31,281 [WARNING] app.processor: No active session ID set. Ignoring incoming 'viewer' event.
2026-08-07 21:35:32,224 [WARNING] app.processor: No active session ID set. Ignoring incoming 'viewer' event.
2026-08-07 21:35:32,383 [WARNING] app.processor: No active session ID set. Ignoring incoming 'like' event.
2026-08-07 21:35:32,498 [WARNING] app.processor: No active session ID set. Ignoring incoming 'viewer' event.
2026-08-07 21:35:32,642 [WARNING] app.processor: No active session ID set. Ignoring incoming 'like' event.
2026-08-07 21:35:32,768 [WARNING] app.processor: No active session ID set. Ignoring incoming 'viewer' event.
2026-08-07 21:35:32,921 [WARNING] app.processor: No active session ID set. Ignoring incoming 'like' event.
2026-08-07 21:35:33,038 [WARNING] app.processor: No active session ID set. Ignoring incoming 'viewer' event.
2026-08-07 21:35:33,182 [WARNING] app.processor: No active session ID set. Ignoring incoming 'like' event.
2026-08-07 21:35:34,447 [WARNING] app.processor: No active session ID set. Ignoring incoming 'viewer' event.
2026-08-07 21:35:34,552 [WARNING] app.processor: No active session ID set. Ignoring incoming 'viewer' event.
2026-08-07 21:35:34,743 [WARNING] app.processor: No active session ID set. Ignoring incoming 'viewer' event.
2026-08-07 21:35:34,843 [WARNING] app.processor: No active session ID set. Ignoring incoming 'viewer' event.
2026-08-07 21:35:35,620 [WARNING] app.processor: No active session ID set. Ignoring incoming 'like' event.
2026-08-07 21:35:35,812 [WARNING] app.processor: No active session ID set. Ignoring incoming 'like' event.
2026-08-07 21:35:36,126 [INFO] app.providers.live: Connecting to TikTok live for username: @laurentpriskila...
2026-08-07 21:35:36,957 [WARNING] app.processor: No active session ID set. Ignoring incoming 'like' event.
2026-08-07 21:35:37,060 [WARNING] app.processor: No active session ID set. Ignoring incoming 'viewer' event.
2026-08-07 21:35:37,061 [INFO] httpx: HTTP Request: GET https://www.tiktok.com/api-live/user/room/?aid=1988&app_language=en&app_name=tiktok_web&browser_language=en-GB&browser_name=Mozilla&browser_online=true&browser_platform=Win32&browser_version=5.0%20%28Windows%20NT%2010.0%3B%20Win64%3B%20x64%29%20AppleWebKit%2F537.36%20%28KHTML%2C%20like%20Gecko%29%20Chrome%2F147.0.0.0%20Safari%2F537.36%20OPR%2F131.0.0.0&cookie_enabled=true&device_platform=web_pc&focus_state=true&from_page=&history_len=6&is_fullscreen=false&is_page_visible=true&screen_height=2880&screen_width=5120&tz_name=Europe/London&channel=tiktok_web&data_collection_enabled=true&os=windows&priority_region=GB&region=GB&user_is_login=false&webcast_language=en&msToken=&referer=https://www.tiktok.com/@laurentpriskila/live&root_referer=https://www.tiktok.com/@laurentpriskila/live&device_id=42814561193835753972&uniqueId=laurentpriskila&sourceType=54 "HTTP/1.1 200 OK"
2026-08-07 21:35:37,248 [WARNING] app.processor: No active session ID set. Ignoring incoming 'like' event.
2026-08-07 21:35:37,341 [WARNING] app.processor: No active session ID set. Ignoring incoming 'viewer' event.
2026-08-07 21:35:37,463 [WARNING] app.processor: No active session ID set. Ignoring incoming 'viewer' event.
2026-08-07 21:35:37,706 [WARNING] app.processor: No active session ID set. Ignoring incoming 'viewer' event.
2026-08-07 21:35:37,751 [INFO] httpx: HTTP Request: GET https://www.tiktok.com/@laurentpriskila/live? "HTTP/1.1 200 OK"
2026-08-07 21:35:38,099 [WARNING] app.processor: No active session ID set. Ignoring incoming 'viewer' event.
2026-08-07 21:35:38,101 [INFO] httpx: HTTP Request: GET https://webcast.tiktok.com/webcast/room/check_alive/?aid=1988&app_language=en&app_name=tiktok_web&browser_language=en-GB&browser_name=Mozilla&browser_online=true&browser_platform=Win32&browser_version=5.0%20%28Windows%20NT%2010.0%3B%20Win64%3B%20x64%29%20AppleWebKit%2F537.36%20%28KHTML%2C%20like%20Gecko%29%20Chrome%2F147.0.0.0%20Safari%2F537.36%20OPR%2F131.0.0.0&cookie_enabled=true&device_platform=web_pc&focus_state=true&from_page=&history_len=6&is_fullscreen=false&is_page_visible=true&screen_height=2880&screen_width=5120&tz_name=Europe/London&channel=tiktok_web&data_collection_enabled=true&os=windows&priority_region=GB&region=GB&user_is_login=false&webcast_language=en&msToken=&referer=https://www.tiktok.com/@laurentpriskila/live&root_referer=https://www.tiktok.com/@laurentpriskila/live&device_id=67453294484370319647&room_id=7671237775294860053&room_ids=7671237775294860053 "HTTP/1.1 200 OK"
2026-08-07 21:35:38,236 [WARNING] app.processor: No active session ID set. Ignoring incoming 'viewer' event.
2026-08-07 21:35:38,552 [WARNING] app.processor: No active session ID set. Ignoring incoming 'viewer' event.
2026-08-07 21:35:38,663 [WARNING] app.processor: No active session ID set. Ignoring incoming 'viewer' event.
2026-08-07 21:35:38,959 [WARNING] app.processor: No active session ID set. Ignoring incoming 'like' event.
2026-08-07 21:35:39,153 [WARNING] app.processor: No active session ID set. Ignoring incoming 'like' event.
2026-08-07 21:35:39,501 [WARNING] app.processor: No active session ID set. Ignoring incoming 'like' event.
2026-08-07 21:35:39,725 [WARNING] app.processor: No active session ID set. Ignoring incoming 'like' event.
2026-08-07 21:35:39,960 [INFO] httpx: HTTP Request: GET https://api.eulerstream.com/webcast/fetch?client=ttlive-python&room_id=7671237775294860053&user_agent=Mozilla%2F5.0+%28Windows+NT+10.0%3B+Win64%3B+x64%29+AppleWebKit%2F537.36+%28KHTML%2C+like+Gecko%29+Chrome%2F147.0.0.0+Safari%2F537.36+OPR%2F131.0.0.0&client_enter=true&platform=web&tt_target_idc=useast1a "HTTP/1.1 200 OK"
2026-08-07 21:35:40,032 [INFO] app.providers.live: Reconnecting to @laurentpriskila in 16.0s...
2026-08-07 21:35:40,432 [INFO] app.providers.live: Successfully connected to room 7671237775294860053
2026-08-07 21:35:40,498 [WARNING] app.processor: No active session ID set. Ignoring incoming 'comment' event.
2026-08-07 21:35:40,539 [WARNING] app.processor: No active session ID set. Ignoring incoming 'comment' event.
2026-08-07 21:35:40,586 [WARNING] app.processor: No active session ID set. Ignoring incoming 'comment' event.
2026-08-07 21:35:40,631 [WARNING] app.processor: No active session ID set. Ignoring incoming 'comment' event.
2026-08-07 21:35:40,674 [WARNING] app.processor: No active session ID set. Ignoring incoming 'comment' event.
2026-08-07 21:35:40,703 [WARNING] app.processor: No active session ID set. Ignoring incoming 'comment' event.
2026-08-07 21:35:40,803 [WARNING] app.processor: No active session ID set. Ignoring incoming 'viewer' event.
2026-08-07 21:35:40,945 [WARNING] app.processor: No active session ID set. Ignoring incoming 'like' event.
2026-08-07 21:35:41,101 [WARNING] app.processor: No active session ID set. Ignoring incoming 'comment' event.
2026-08-07 21:35:41,219 [WARNING] app.processor: No active session ID set. Ignoring incoming 'comment' event.
2026-08-07 21:35:41,326 [WARNING] app.processor: No active session ID set. Ignoring incoming 'comment' event.
2026-08-07 21:35:41,443 [WARNING] app.processor: No active session ID set. Ignoring incoming 'comment' event.
2026-08-07 21:35:41,587 [WARNING] app.processor: No active session ID set. Ignoring incoming 'comment' event.
2026-08-07 21:35:41,729 [WARNING] app.processor: No active session ID set. Ignoring incoming 'comment' event.
2026-08-07 21:35:42,046 [WARNING] app.processor: No active session ID set. Ignoring incoming 'viewer' event.
2026-08-07 21:35:42,357 [WARNING] app.processor: No active session ID set. Ignoring incoming 'viewer' event.
2026-08-07 21:35:42,767 [WARNING] app.processor: No active session ID set. Ignoring incoming 'viewer' event.
2026-08-07 21:35:43,121 [WARNING] app.processor: No active session ID set. Ignoring incoming 'like' event.
2026-08-07 21:35:43,344 [WARNING] app.processor: No active session ID set. Ignoring incoming 'viewer' event.
2026-08-07 21:35:43,730 [WARNING] app.processor: No active session ID set. Ignoring incoming 'like' event.
2026-08-07 21:35:43,989 [WARNING] app.processor: No active session ID set. Ignoring incoming 'viewer' event.
2026-08-07 21:35:44,376 [WARNING] app.processor: No active session ID set. Ignoring incoming 'like' event.
2026-08-07 21:35:45,022 [WARNING] app.processor: No active session ID set. Ignoring incoming 'like' event.
2026-08-07 21:35:45,297 [WARNING] app.processor: No active session ID set. Ignoring incoming 'viewer' event.
2026-08-07 21:35:45,684 [WARNING] app.processor: No active session ID set. Ignoring incoming 'like' event.
2026-08-07 21:35:45,923 [WARNING] app.processor: No active session ID set. Ignoring incoming 'viewer' event.
2026-08-07 21:35:46,160 [WARNING] app.processor: No active session ID set. Ignoring incoming 'viewer' event.
2026-08-07 21:35:46,419 [WARNING] app.processor: No active session ID set. Ignoring incoming 'viewer' event.
2026-08-07 21:35:46,633 [WARNING] app.processor: No active session ID set. Ignoring incoming 'viewer' event.
2026-08-07 21:35:47,063 [WARNING] app.processor: No active session ID set. Ignoring incoming 'like' event.
2026-08-07 21:35:47,293 [WARNING] app.processor: No active session ID set. Ignoring incoming 'viewer' event.
2026-08-07 21:35:47,971 [WARNING] app.processor: No active session ID set. Ignoring incoming 'like' event.
2026-08-07 21:35:48,217 [WARNING] app.processor: No active session ID set. Ignoring incoming 'viewer' event.
2026-08-07 21:35:48,644 [WARNING] app.processor: No active session ID set. Ignoring incoming 'like' event.
2026-08-07 21:35:48,889 [WARNING] app.processor: No active session ID set. Ignoring incoming 'viewer' event.
2026-08-07 21:35:49,280 [WARNING] app.processor: No active session ID set. Ignoring incoming 'like' event.
2026-08-07 21:35:49,566 [WARNING] app.processor: No active session ID set. Ignoring incoming 'viewer' event.
2026-08-07 21:35:49,966 [WARNING] app.processor: No active session ID set. Ignoring incoming 'like' event.
2026-08-07 21:35:50,204 [WARNING] app.processor: No active session ID set. Ignoring incoming 'viewer' event.
2026-08-07 21:35:50,555 [WARNING] app.processor: No active session ID set. Ignoring incoming 'viewer' event.
2026-08-07 21:35:50,957 [WARNING] app.processor: No active session ID set. Ignoring incoming 'like' event.
2026-08-07 21:35:51,198 [WARNING] app.processor: No active session ID set. Ignoring incoming 'viewer' event.
2026-08-07 21:35:51,776 [WARNING] app.processor: No active session ID set. Ignoring incoming 'viewer' event.
2026-08-07 21:35:52,196 [WARNING] app.processor: No active session ID set. Ignoring incoming 'like' event.
2026-08-07 21:35:52,467 [WARNING] app.processor: No active session ID set. Ignoring incoming 'viewer' event.
2026-08-07 21:35:52,720 [WARNING] app.processor: No active session ID set. Ignoring incoming 'viewer' event.
2026-08-07 21:35:53,130 [WARNING] app.processor: No active session ID set. Ignoring incoming 'like' event.
2026-08-07 21:35:53,408 [WARNING] app.processor: No active session ID set. Ignoring incoming 'viewer' event.
2026-08-07 21:35:53,690 [WARNING] app.processor: No active session ID set. Ignoring incoming 'viewer' event.
2026-08-07 21:35:54,112 [WARNING] app.processor: No active session ID set. Ignoring incoming 'like' event.
2026-08-07 21:35:54,412 [WARNING] app.processor: No active session ID set. Ignoring incoming 'viewer' event.
2026-08-07 21:35:54,709 [WARNING] app.processor: No active session ID set. Ignoring incoming 'viewer' event.
2026-08-07 21:35:55,150 [WARNING] app.processor: No active session ID set. Ignoring incoming 'like' event.
2026-08-07 21:35:55,448 [WARNING] app.processor: No active session ID set. Ignoring incoming 'viewer' event.
2026-08-07 21:35:55,453 [INFO] app.providers.live: Connection has been stable for 10s. Reconnect delay reset to 2.0s.
2026-08-07 21:35:56,307 [WARNING] app.processor: No active session ID set. Ignoring incoming 'like' event.
2026-08-07 21:35:56,577 [WARNING] app.processor: No active session ID set. Ignoring incoming 'viewer' event.
2026-08-07 21:35:56,835 [WARNING] app.processor: No active session ID set. Ignoring incoming 'viewer' event.
2026-08-07 21:35:57,205 [WARNING] app.processor: No active session ID set. Ignoring incoming 'like' event.
2026-08-07 21:35:57,614 [WARNING] app.processor: No active session ID set. Ignoring incoming 'like' event.
2026-08-07 21:35:57,823 [WARNING] app.processor: No active session ID set. Ignoring incoming 'viewer' event.
2026-08-07 21:35:58,072 [WARNING] app.processor: No active session ID set. Ignoring incoming 'viewer' event.
2026-08-07 21:35:58,431 [WARNING] app.processor: No active session ID set. Ignoring incoming 'like' event.
2026-08-07 21:35:58,786 [WARNING] app.processor: No active session ID set. Ignoring incoming 'like' event.
2026-08-07 21:35:59,028 [WARNING] app.processor: No active session ID set. Ignoring incoming 'viewer' event.
2026-08-07 21:35:59,278 [WARNING] app.processor: No active session ID set. Ignoring incoming 'viewer' event.
2026-08-07 21:35:59,698 [WARNING] app.processor: No active session ID set. Ignoring incoming 'like' event.
2026-08-07 21:36:00,261 [WARNING] app.processor: No active session ID set. Ignoring incoming 'like' event.
2026-08-07 21:36:00,537 [WARNING] app.processor: No active session ID set. Ignoring incoming 'viewer' event.
2026-08-07 21:36:00,812 [WARNING] app.processor: No active session ID set. Ignoring incoming 'viewer' event.
2026-08-07 21:36:01,242 [WARNING] app.processor: No active session ID set. Ignoring incoming 'like' event.
2026-08-07 21:36:01,490 [WARNING] app.processor: No active session ID set. Ignoring incoming 'viewer' event.
2026-08-07 21:36:01,737 [WARNING] app.processor: No active session ID set. Ignoring incoming 'viewer' event.
2026-08-07 21:36:01,743 [INFO] app.providers.live: Connecting to TikTok live for username: @laurentpriskila...
2026-08-07 21:36:02,783 [WARNING] app.processor: No active session ID set. Ignoring incoming 'like' event.
2026-08-07 21:36:03,032 [WARNING] app.processor: No active session ID set. Ignoring incoming 'viewer' event.
2026-08-07 21:36:03,279 [WARNING] app.processor: No active session ID set. Ignoring incoming 'viewer' event.
2026-08-07 21:36:03,547 [WARNING] app.processor: No active session ID set. Ignoring incoming 'viewer' event.
2026-08-07 21:36:03,942 [WARNING] app.processor: No active session ID set. Ignoring incoming 'like' event.
2026-08-07 21:36:04,368 [WARNING] app.processor: No active session ID set. Ignoring incoming 'like' event.
2026-08-07 21:36:04,615 [WARNING] app.processor: No active session ID set. Ignoring incoming 'viewer' event.
2026-08-07 21:36:05,010 [WARNING] app.processor: No active session ID set. Ignoring incoming 'like' event.
2026-08-07 21:36:05,276 [WARNING] app.processor: No active session ID set. Ignoring incoming 'viewer' event.
2026-08-07 21:36:05,716 [WARNING] app.processor: No active session ID set. Ignoring incoming 'like' event.
2026-08-07 21:36:06,117 [WARNING] app.processor: No active session ID set. Ignoring incoming 'like' event.
2026-08-07 21:36:06,382 [WARNING] app.processor: No active session ID set. Ignoring incoming 'viewer' event.
2026-08-07 21:36:06,796 [WARNING] app.processor: No active session ID set. Ignoring incoming 'like' event.
2026-08-07 21:36:07,122 [WARNING] app.processor: No active session ID set. Ignoring incoming 'viewer' event.
2026-08-07 21:36:07,548 [WARNING] app.processor: No active session ID set. Ignoring incoming 'like' event.
2026-08-07 21:36:08,270 [WARNING] app.processor: No active session ID set. Ignoring incoming 'like' event.
2026-08-07 21:36:08,564 [WARNING] app.processor: No active session ID set. Ignoring incoming 'viewer' event.
2026-08-07 21:36:08,860 [WARNING] app.processor: No active session ID set. Ignoring incoming 'viewer' event.
2026-08-07 21:36:09,152 [WARNING] app.processor: No active session ID set. Ignoring incoming 'viewer' event.
2026-08-07 21:36:09,596 [WARNING] app.processor: No active session ID set. Ignoring incoming 'like' event.
2026-08-07 21:36:10,006 [WARNING] app.processor: No active session ID set. Ignoring incoming 'like' event.
2026-08-07 21:36:10,271 [WARNING] app.processor: No active session ID set. Ignoring incoming 'viewer' event.
2026-08-07 21:36:10,562 [WARNING] app.processor: No active session ID set. Ignoring incoming 'viewer' event.
2026-08-07 21:36:10,848 [WARNING] app.processor: No active session ID set. Ignoring incoming 'viewer' event.
2026-08-07 21:36:11,295 [WARNING] app.processor: No active session ID set. Ignoring incoming 'like' event.
2026-08-07 21:36:11,962 [WARNING] app.processor: No active session ID set. Ignoring incoming 'like' event.
2026-08-07 21:36:12,259 [WARNING] app.processor: No active session ID set. Ignoring incoming 'viewer' event.
2026-08-07 21:36:12,528 [WARNING] app.processor: No active session ID set. Ignoring incoming 'viewer' event.
2026-08-07 21:36:12,928 [WARNING] app.processor: No active session ID set. Ignoring incoming 'like' event.
2026-08-07 21:36:13,198 [WARNING] app.processor: No active session ID set. Ignoring incoming 'viewer' event.
2026-08-07 21:36:14,303 [WARNING] app.processor: No active session ID set. Ignoring incoming 'like' event.
2026-08-07 21:36:14,580 [WARNING] app.processor: No active session ID set. Ignoring incoming 'viewer' event.
2026-08-07 21:36:14,903 [WARNING] app.processor: No active session ID set. Ignoring incoming 'viewer' event.
2026-08-07 21:36:15,323 [WARNING] app.processor: No active session ID set. Ignoring incoming 'like' event.
2026-08-07 21:36:15,603 [WARNING] app.processor: No active session ID set. Ignoring incoming 'viewer' event.
2026-08-07 21:36:16,021 [WARNING] app.processor: No active session ID set. Ignoring incoming 'like' event.
2026-08-07 21:36:16,429 [WARNING] app.processor: No active session ID set. Ignoring incoming 'like' event.
2026-08-07 21:36:16,711 [WARNING] app.processor: No active session ID set. Ignoring incoming 'viewer' event.
2026-08-07 21:36:16,976 [WARNING] app.processor: No active session ID set. Ignoring incoming 'viewer' event.
2026-08-07 21:36:17,403 [WARNING] app.processor: No active session ID set. Ignoring incoming 'like' event.
2026-08-07 21:36:17,677 [WARNING] app.processor: No active session ID set. Ignoring incoming 'viewer' event.
2026-08-07 21:36:18,084 [WARNING] app.processor: No active session ID set. Ignoring incoming 'like' event.
2026-08-07 21:36:18,485 [WARNING] app.processor: No active session ID set. Ignoring incoming 'like' event.
2026-08-07 21:36:18,760 [WARNING] app.processor: No active session ID set. Ignoring incoming 'viewer' event.
2026-08-07 21:36:19,040 [WARNING] app.processor: No active session ID set. Ignoring incoming 'viewer' event.
2026-08-07 21:36:19,489 [WARNING] app.processor: No active session ID set. Ignoring incoming 'like' event.
2026-08-07 21:36:19,760 [WARNING] app.processor: No active session ID set. Ignoring incoming 'viewer' event.
2026-08-07 21:36:20,153 [WARNING] app.processor: No active session ID set. Ignoring incoming 'like' event.
2026-08-07 21:36:20,564 [WARNING] app.processor: No active session ID set. Ignoring incoming 'like' event.
2026-08-07 21:36:20,866 [WARNING] app.processor: No active session ID set. Ignoring incoming 'viewer' event.
2026-08-07 21:36:21,127 [WARNING] app.processor: No active session ID set. Ignoring incoming 'viewer' event.
2026-08-07 21:36:21,534 [WARNING] app.processor: No active session ID set. Ignoring incoming 'like' event.
2026-08-07 21:36:21,791 [WARNING] app.processor: No active session ID set. Ignoring incoming 'viewer' event.
2026-08-07 21:36:21,796 [ERROR] app.providers.live: Connection failed for @laurentpriskila
Traceback (most recent call last):
  File "C:\Users\pacong2\Videos\tiktobs\.venv\Lib\site-packages\httpx\_transports\default.py", line 101, in map_httpcore_exceptions
    yield
  File "C:\Users\pacong2\Videos\tiktobs\.venv\Lib\site-packages\httpx\_transports\default.py", line 394, in handle_async_request
    resp = await self._pool.handle_async_request(req)
           ^^^^^^^^^^^^^^^^^^^^^^^^^^^^^^^^^^^^^^^^^^
  File "C:\Users\pacong2\Videos\tiktobs\.venv\Lib\site-packages\httpcore\_async\connection_pool.py", line 256, in handle_async_request
    raise exc from None
  File "C:\Users\pacong2\Videos\tiktobs\.venv\Lib\site-packages\httpcore\_async\connection_pool.py", line 236, in handle_async_request
    response = await connection.handle_async_request(
               ^^^^^^^^^^^^^^^^^^^^^^^^^^^^^^^^^^^^^^
  File "C:\Users\pacong2\Videos\tiktobs\.venv\Lib\site-packages\httpcore\_async\connection.py", line 101, in handle_async_request
    raise exc
  File "C:\Users\pacong2\Videos\tiktobs\.venv\Lib\site-packages\httpcore\_async\connection.py", line 78, in handle_async_request
    stream = await self._connect(request)
             ^^^^^^^^^^^^^^^^^^^^^^^^^^^^
  File "C:\Users\pacong2\Videos\tiktobs\.venv\Lib\site-packages\httpcore\_async\connection.py", line 124, in _connect
    stream = await self._network_backend.connect_tcp(**kwargs)
             ^^^^^^^^^^^^^^^^^^^^^^^^^^^^^^^^^^^^^^^^^^^^^^^^^
  File "C:\Users\pacong2\Videos\tiktobs\.venv\Lib\site-packages\httpcore\_backends\auto.py", line 31, in connect_tcp
    return await self._backend.connect_tcp(
           ^^^^^^^^^^^^^^^^^^^^^^^^^^^^^^^^
  File "C:\Users\pacong2\Videos\tiktobs\.venv\Lib\site-packages\httpcore\_backends\anyio.py", line 113, in connect_tcp
    with map_exceptions(exc_map):
         ^^^^^^^^^^^^^^^^^^^^^^^
  File "C:\Users\pacong2\AppData\Roaming\uv\python\cpython-3.12-windows-x86_64-none\Lib\contextlib.py", line 158, in __exit__
    self.gen.throw(value)
  File "C:\Users\pacong2\Videos\tiktobs\.venv\Lib\site-packages\httpcore\_exceptions.py", line 14, in map_exceptions
    raise to_exc(exc) from exc
httpcore.ConnectTimeout

The above exception was the direct cause of the following exception:

Traceback (most recent call last):
  File "C:\Users\pacong2\Videos\tiktobs\app\providers\live.py", line 94, in _run_connection_loop
    is_live = await self.client.is_live()
              ^^^^^^^^^^^^^^^^^^^^^^^^^^^
  File "C:\Users\pacong2\Videos\tiktobs\.venv\Lib\site-packages\TikTokLive\client\client.py", line 594, in is_live
    return await self._web.fetch_is_live(unique_id=unique_id or self.unique_id)
           ^^^^^^^^^^^^^^^^^^^^^^^^^^^^^^^^^^^^^^^^^^^^^^^^^^^^^^^^^^^^^^^^^^^^
  File "C:\Users\pacong2\Videos\tiktobs\.venv\Lib\site-packages\TikTokLive\client\web\routes\fetch_is_live.py", line 67, in __call__
    return await self.fetch_is_live_unique_id(unique_id)
           ^^^^^^^^^^^^^^^^^^^^^^^^^^^^^^^^^^^^^^^^^^^^^
  File "C:\Users\pacong2\Videos\tiktobs\.venv\Lib\site-packages\TikTokLive\client\web\routes\fetch_is_live.py", line 97, in fetch_is_live_unique_id
    response_json: dict = await FetchRoomIdAPIRoute.fetch_user_room_data(
                          ^^^^^^^^^^^^^^^^^^^^^^^^^^^^^^^^^^^^^^^^^^^^^^^
  File "C:\Users\pacong2\Videos\tiktobs\.venv\Lib\site-packages\TikTokLive\client\web\routes\fetch_room_id_api.py", line 44, in fetch_user_room_data
    response: Response = await web.get(
                         ^^^^^^^^^^^^^^
  File "C:\Users\pacong2\Videos\tiktobs\.venv\Lib\site-packages\TikTokLive\client\web\web_base.py", line 319, in get
    return await self.request(
           ^^^^^^^^^^^^^^^^^^^
  File "C:\Users\pacong2\Videos\tiktobs\.venv\Lib\site-packages\TikTokLive\client\web\web_base.py", line 304, in request
    return await http_client.send(request)
           ^^^^^^^^^^^^^^^^^^^^^^^^^^^^^^^
  File "C:\Users\pacong2\Videos\tiktobs\.venv\Lib\site-packages\httpx\_client.py", line 1629, in send
    response = await self._send_handling_auth(
               ^^^^^^^^^^^^^^^^^^^^^^^^^^^^^^^
  File "C:\Users\pacong2\Videos\tiktobs\.venv\Lib\site-packages\httpx\_client.py", line 1657, in _send_handling_auth
    response = await self._send_handling_redirects(
               ^^^^^^^^^^^^^^^^^^^^^^^^^^^^^^^^^^^^
  File "C:\Users\pacong2\Videos\tiktobs\.venv\Lib\site-packages\httpx\_client.py", line 1694, in _send_handling_redirects
    response = await self._send_single_request(request)
               ^^^^^^^^^^^^^^^^^^^^^^^^^^^^^^^^^^^^^^^^
  File "C:\Users\pacong2\Videos\tiktobs\.venv\Lib\site-packages\httpx\_client.py", line 1730, in _send_single_request
    response = await transport.handle_async_request(request)
               ^^^^^^^^^^^^^^^^^^^^^^^^^^^^^^^^^^^^^^^^^^^^^
  File "C:\Users\pacong2\Videos\tiktobs\.venv\Lib\site-packages\httpx\_transports\default.py", line 393, in handle_async_request
    with map_httpcore_exceptions():
         ^^^^^^^^^^^^^^^^^^^^^^^^^
  File "C:\Users\pacong2\AppData\Roaming\uv\python\cpython-3.12-windows-x86_64-none\Lib\contextlib.py", line 158, in __exit__
    self.gen.throw(value)
  File "C:\Users\pacong2\Videos\tiktobs\.venv\Lib\site-packages\httpx\_transports\default.py", line 118, in map_httpcore_exceptions
    raise mapped_exc(message) from exc
httpx.ConnectTimeout
2026-08-07 21:36:21,858 [INFO] app.providers.live: Reconnecting to @laurentpriskila in 4.0s...
2026-08-07 21:36:22,308 [WARNING] app.processor: No active session ID set. Ignoring incoming 'viewer' event.
2026-08-07 21:36:22,355 [WARNING] app.processor: No active session ID set. Ignoring incoming 'comment' event.
2026-08-07 21:36:22,586 [WARNING] app.processor: No active session ID set. Ignoring incoming 'like' event.
2026-08-07 21:36:22,729 [WARNING] app.processor: No active session ID set. Ignoring incoming 'viewer' event.
2026-08-07 21:36:22,779 [WARNING] app.processor: No active session ID set. Ignoring incoming 'comment' event.
2026-08-07 21:36:22,927 [WARNING] app.processor: No active session ID set. Ignoring incoming 'viewer' event.
2026-08-07 21:36:23,151 [WARNING] app.processor: No active session ID set. Ignoring incoming 'like' event.
2026-08-07 21:36:23,291 [WARNING] app.processor: No active session ID set. Ignoring incoming 'viewer' event.
2026-08-07 21:36:23,513 [WARNING] app.processor: No active session ID set. Ignoring incoming 'like' event.
2026-08-07 21:36:23,663 [WARNING] app.processor: No active session ID set. Ignoring incoming 'viewer' event.
2026-08-07 21:36:24,516 [WARNING] app.processor: No active session ID set. Ignoring incoming 'viewer' event.
2026-08-07 21:36:24,566 [WARNING] app.processor: No active session ID set. Ignoring incoming 'comment' event.
2026-08-07 21:36:24,789 [WARNING] app.processor: No active session ID set. Ignoring incoming 'like' event.
2026-08-07 21:36:24,934 [WARNING] app.processor: No active session ID set. Ignoring incoming 'viewer' event.
2026-08-07 21:36:24,980 [WARNING] app.processor: No active session ID set. Ignoring incoming 'comment' event.
2026-08-07 21:36:25,124 [WARNING] app.processor: No active session ID set. Ignoring incoming 'viewer' event.
2026-08-07 21:36:25,341 [WARNING] app.processor: No active session ID set. Ignoring incoming 'like' event.
2026-08-07 21:36:25,479 [WARNING] app.processor: No active session ID set. Ignoring incoming 'viewer' event.
2026-08-07 21:36:25,702 [WARNING] app.processor: No active session ID set. Ignoring incoming 'like' event.
2026-08-07 21:36:25,841 [WARNING] app.processor: No active session ID set. Ignoring incoming 'viewer' event.
2026-08-07 21:36:26,039 [WARNING] app.processor: No active session ID set. Ignoring incoming 'like' event.
2026-08-07 21:36:26,145 [WARNING] app.processor: No active session ID set. Ignoring incoming 'viewer' event.
2026-08-07 21:36:26,193 [WARNING] app.processor: No active session ID set. Ignoring incoming 'comment' event.
2026-08-07 21:36:26,353 [WARNING] app.processor: No active session ID set. Ignoring incoming 'like' event.
2026-08-07 21:36:26,454 [WARNING] app.processor: No active session ID set. Ignoring incoming 'viewer' event.
2026-08-07 21:36:26,495 [WARNING] app.processor: No active session ID set. Ignoring incoming 'comment' event.
2026-08-07 21:36:26,591 [WARNING] app.processor: No active session ID set. Ignoring incoming 'viewer' event.
2026-08-07 21:36:26,734 [WARNING] app.processor: No active session ID set. Ignoring incoming 'like' event.
2026-08-07 21:36:26,826 [WARNING] app.processor: No active session ID set. Ignoring incoming 'viewer' event.
2026-08-07 21:36:26,973 [WARNING] app.processor: No active session ID set. Ignoring incoming 'like' event.
2026-08-07 21:36:27,075 [WARNING] app.processor: No active session ID set. Ignoring incoming 'viewer' event.
2026-08-07 21:36:27,225 [WARNING] app.processor: No active session ID set. Ignoring incoming 'like' event.
2026-08-07 21:36:27,325 [WARNING] app.processor: No active session ID set. Ignoring incoming 'viewer' event.
2026-08-07 21:36:27,358 [WARNING] app.processor: No active session ID set. Ignoring incoming 'comment' event.
2026-08-07 21:36:27,547 [WARNING] app.processor: No active session ID set. Ignoring incoming 'like' event.
2026-08-07 21:36:27,647 [WARNING] app.processor: No active session ID set. Ignoring incoming 'viewer' event.
2026-08-07 21:36:27,689 [WARNING] app.processor: No active session ID set. Ignoring incoming 'comment' event.
2026-08-07 21:36:27,787 [WARNING] app.processor: No active session ID set. Ignoring incoming 'viewer' event.
2026-08-07 21:36:27,943 [WARNING] app.processor: No active session ID set. Ignoring incoming 'like' event.
2026-08-07 21:36:28,034 [WARNING] app.processor: No active session ID set. Ignoring incoming 'viewer' event.
2026-08-07 21:36:28,179 [WARNING] app.processor: No active session ID set. Ignoring incoming 'like' event.
2026-08-07 21:36:28,277 [WARNING] app.processor: No active session ID set. Ignoring incoming 'viewer' event.
2026-08-07 21:36:28,372 [WARNING] app.processor: No active session ID set. Ignoring incoming 'viewer' event.
2026-08-07 21:36:28,405 [WARNING] app.processor: No active session ID set. Ignoring incoming 'comment' event.
2026-08-07 21:36:28,544 [WARNING] app.processor: No active session ID set. Ignoring incoming 'like' event.
2026-08-07 21:36:28,635 [WARNING] app.processor: No active session ID set. Ignoring incoming 'viewer' event.
2026-08-07 21:36:28,667 [WARNING] app.processor: No active session ID set. Ignoring incoming 'comment' event.
2026-08-07 21:36:28,762 [WARNING] app.processor: No active session ID set. Ignoring incoming 'viewer' event.
2026-08-07 21:36:28,901 [WARNING] app.processor: No active session ID set. Ignoring incoming 'like' event.
2026-08-07 21:36:29,013 [WARNING] app.processor: No active session ID set. Ignoring incoming 'viewer' event.
2026-08-07 21:36:29,364 [WARNING] app.processor: No active session ID set. Ignoring incoming 'like' event.
2026-08-07 21:36:29,632 [WARNING] app.processor: No active session ID set. Ignoring incoming 'viewer' event.
2026-08-07 21:36:29,636 [INFO] app.providers.live: Connecting to TikTok live for username: @laurentpriskila...
2026-08-07 21:36:30,010 [WARNING] app.processor: No active session ID set. Ignoring incoming 'viewer' event.
2026-08-07 21:36:30,147 [WARNING] app.processor: No active session ID set. Ignoring incoming 'like' event.
2026-08-07 21:36:30,240 [WARNING] app.processor: No active session ID set. Ignoring incoming 'viewer' event.
2026-08-07 21:36:30,326 [WARNING] app.processor: No active session ID set. Ignoring incoming 'viewer' event.
2026-08-07 21:36:30,455 [WARNING] app.processor: No active session ID set. Ignoring incoming 'like' event.
2026-08-07 21:36:30,596 [WARNING] app.processor: No active session ID set. Ignoring incoming 'viewer' event.
2026-08-07 21:36:30,749 [WARNING] app.processor: No active session ID set. Ignoring incoming 'like' event.
2026-08-07 21:36:30,832 [WARNING] app.processor: No active session ID set. Ignoring incoming 'viewer' event.
2026-08-07 21:36:30,922 [WARNING] app.processor: No active session ID set. Ignoring incoming 'viewer' event.
2026-08-07 21:36:31,062 [WARNING] app.processor: No active session ID set. Ignoring incoming 'like' event.
2026-08-07 21:36:31,154 [WARNING] app.processor: No active session ID set. Ignoring incoming 'viewer' event.
2026-08-07 21:36:31,285 [WARNING] app.processor: No active session ID set. Ignoring incoming 'like' event.
2026-08-07 21:36:31,377 [WARNING] app.processor: No active session ID set. Ignoring incoming 'viewer' event.
2026-08-07 21:36:31,457 [WARNING] app.processor: No active session ID set. Ignoring incoming 'viewer' event.
2026-08-07 21:36:31,592 [WARNING] app.processor: No active session ID set. Ignoring incoming 'like' event.
2026-08-07 21:36:31,686 [WARNING] app.processor: No active session ID set. Ignoring incoming 'viewer' event.
2026-08-07 21:36:31,831 [WARNING] app.processor: No active session ID set. Ignoring incoming 'like' event.
2026-08-07 21:36:31,923 [WARNING] app.processor: No active session ID set. Ignoring incoming 'viewer' event.
2026-08-07 21:36:32,009 [WARNING] app.processor: No active session ID set. Ignoring incoming 'viewer' event.
2026-08-07 21:36:32,158 [WARNING] app.processor: No active session ID set. Ignoring incoming 'like' event.
2026-08-07 21:36:32,270 [WARNING] app.processor: No active session ID set. Ignoring incoming 'viewer' event.
2026-08-07 21:36:32,431 [WARNING] app.processor: No active session ID set. Ignoring incoming 'like' event.
2026-08-07 21:36:32,546 [WARNING] app.processor: No active session ID set. Ignoring incoming 'viewer' event.
2026-08-07 21:36:32,641 [WARNING] app.processor: No active session ID set. Ignoring incoming 'viewer' event.
2026-08-07 21:36:32,779 [WARNING] app.processor: No active session ID set. Ignoring incoming 'like' event.
2026-08-07 21:36:33,029 [WARNING] app.processor: No active session ID set. Ignoring incoming 'viewer' event.
2026-08-07 21:36:33,168 [WARNING] app.processor: No active session ID set. Ignoring incoming 'like' event.
2026-08-07 21:36:33,262 [WARNING] app.processor: No active session ID set. Ignoring incoming 'viewer' event.
2026-08-07 21:36:33,395 [WARNING] app.processor: No active session ID set. Ignoring incoming 'like' event.
2026-08-07 21:36:33,496 [WARNING] app.processor: No active session ID set. Ignoring incoming 'viewer' event.
2026-08-07 21:36:33,588 [WARNING] app.processor: No active session ID set. Ignoring incoming 'viewer' event.
2026-08-07 21:36:33,735 [WARNING] app.processor: No active session ID set. Ignoring incoming 'like' event.
2026-08-07 21:36:33,824 [WARNING] app.processor: No active session ID set. Ignoring incoming 'viewer' event.
2026-08-07 21:36:33,967 [WARNING] app.processor: No active session ID set. Ignoring incoming 'like' event.
2026-08-07 21:36:34,068 [WARNING] app.processor: No active session ID set. Ignoring incoming 'viewer' event.
2026-08-07 21:36:34,228 [WARNING] app.processor: No active session ID set. Ignoring incoming 'like' event.
2026-08-07 21:36:34,330 [WARNING] app.processor: No active session ID set. Ignoring incoming 'viewer' event.
2026-08-07 21:36:34,427 [WARNING] app.processor: No active session ID set. Ignoring incoming 'viewer' event.
2026-08-07 21:36:34,559 [WARNING] app.processor: No active session ID set. Ignoring incoming 'like' event.
2026-08-07 21:36:34,709 [WARNING] app.processor: No active session ID set. Ignoring incoming 'viewer' event.
2026-08-07 21:36:34,865 [WARNING] app.processor: No active session ID set. Ignoring incoming 'like' event.
2026-08-07 21:36:34,969 [WARNING] app.processor: No active session ID set. Ignoring incoming 'viewer' event.
2026-08-07 21:36:35,137 [WARNING] app.processor: No active session ID set. Ignoring incoming 'like' event.
2026-08-07 21:36:35,143 [ERROR] app.providers.live: Connection failed for @laurentpriskila
Traceback (most recent call last):
  File "C:\Users\pacong2\Videos\tiktobs\.venv\Lib\site-packages\httpx\_transports\default.py", line 101, in map_httpcore_exceptions
    yield
  File "C:\Users\pacong2\Videos\tiktobs\.venv\Lib\site-packages\httpx\_transports\default.py", line 394, in handle_async_request
    resp = await self._pool.handle_async_request(req)
           ^^^^^^^^^^^^^^^^^^^^^^^^^^^^^^^^^^^^^^^^^^
  File "C:\Users\pacong2\Videos\tiktobs\.venv\Lib\site-packages\httpcore\_async\connection_pool.py", line 256, in handle_async_request
    raise exc from None
  File "C:\Users\pacong2\Videos\tiktobs\.venv\Lib\site-packages\httpcore\_async\connection_pool.py", line 236, in handle_async_request
    response = await connection.handle_async_request(
               ^^^^^^^^^^^^^^^^^^^^^^^^^^^^^^^^^^^^^^
  File "C:\Users\pacong2\Videos\tiktobs\.venv\Lib\site-packages\httpcore\_async\connection.py", line 101, in handle_async_request
    raise exc
  File "C:\Users\pacong2\Videos\tiktobs\.venv\Lib\site-packages\httpcore\_async\connection.py", line 78, in handle_async_request
    stream = await self._connect(request)
             ^^^^^^^^^^^^^^^^^^^^^^^^^^^^
  File "C:\Users\pacong2\Videos\tiktobs\.venv\Lib\site-packages\httpcore\_async\connection.py", line 124, in _connect
    stream = await self._network_backend.connect_tcp(**kwargs)
             ^^^^^^^^^^^^^^^^^^^^^^^^^^^^^^^^^^^^^^^^^^^^^^^^^
  File "C:\Users\pacong2\Videos\tiktobs\.venv\Lib\site-packages\httpcore\_backends\auto.py", line 31, in connect_tcp
    return await self._backend.connect_tcp(
           ^^^^^^^^^^^^^^^^^^^^^^^^^^^^^^^^
  File "C:\Users\pacong2\Videos\tiktobs\.venv\Lib\site-packages\httpcore\_backends\anyio.py", line 113, in connect_tcp
    with map_exceptions(exc_map):
         ^^^^^^^^^^^^^^^^^^^^^^^
  File "C:\Users\pacong2\AppData\Roaming\uv\python\cpython-3.12-windows-x86_64-none\Lib\contextlib.py", line 158, in __exit__
    self.gen.throw(value)
  File "C:\Users\pacong2\Videos\tiktobs\.venv\Lib\site-packages\httpcore\_exceptions.py", line 14, in map_exceptions
    raise to_exc(exc) from exc
httpcore.ConnectTimeout

The above exception was the direct cause of the following exception:

Traceback (most recent call last):
  File "C:\Users\pacong2\Videos\tiktobs\app\providers\live.py", line 94, in _run_connection_loop
    is_live = await self.client.is_live()
              ^^^^^^^^^^^^^^^^^^^^^^^^^^^
  File "C:\Users\pacong2\Videos\tiktobs\.venv\Lib\site-packages\TikTokLive\client\client.py", line 594, in is_live
    return await self._web.fetch_is_live(unique_id=unique_id or self.unique_id)
           ^^^^^^^^^^^^^^^^^^^^^^^^^^^^^^^^^^^^^^^^^^^^^^^^^^^^^^^^^^^^^^^^^^^^
  File "C:\Users\pacong2\Videos\tiktobs\.venv\Lib\site-packages\TikTokLive\client\web\routes\fetch_is_live.py", line 67, in __call__
    return await self.fetch_is_live_unique_id(unique_id)
           ^^^^^^^^^^^^^^^^^^^^^^^^^^^^^^^^^^^^^^^^^^^^^
  File "C:\Users\pacong2\Videos\tiktobs\.venv\Lib\site-packages\TikTokLive\client\web\routes\fetch_is_live.py", line 97, in fetch_is_live_unique_id
    response_json: dict = await FetchRoomIdAPIRoute.fetch_user_room_data(
                          ^^^^^^^^^^^^^^^^^^^^^^^^^^^^^^^^^^^^^^^^^^^^^^^
  File "C:\Users\pacong2\Videos\tiktobs\.venv\Lib\site-packages\TikTokLive\client\web\routes\fetch_room_id_api.py", line 44, in fetch_user_room_data
    response: Response = await web.get(
                         ^^^^^^^^^^^^^^
  File "C:\Users\pacong2\Videos\tiktobs\.venv\Lib\site-packages\TikTokLive\client\web\web_base.py", line 319, in get
    return await self.request(
           ^^^^^^^^^^^^^^^^^^^
  File "C:\Users\pacong2\Videos\tiktobs\.venv\Lib\site-packages\TikTokLive\client\web\web_base.py", line 304, in request
    return await http_client.send(request)
           ^^^^^^^^^^^^^^^^^^^^^^^^^^^^^^^
  File "C:\Users\pacong2\Videos\tiktobs\.venv\Lib\site-packages\httpx\_client.py", line 1629, in send
    response = await self._send_handling_auth(
               ^^^^^^^^^^^^^^^^^^^^^^^^^^^^^^^
  File "C:\Users\pacong2\Videos\tiktobs\.venv\Lib\site-packages\httpx\_client.py", line 1657, in _send_handling_auth
    response = await self._send_handling_redirects(
               ^^^^^^^^^^^^^^^^^^^^^^^^^^^^^^^^^^^^
  File "C:\Users\pacong2\Videos\tiktobs\.venv\Lib\site-packages\httpx\_client.py", line 1694, in _send_handling_redirects
    response = await self._send_single_request(request)
               ^^^^^^^^^^^^^^^^^^^^^^^^^^^^^^^^^^^^^^^^
  File "C:\Users\pacong2\Videos\tiktobs\.venv\Lib\site-packages\httpx\_client.py", line 1730, in _send_single_request
    response = await transport.handle_async_request(request)
               ^^^^^^^^^^^^^^^^^^^^^^^^^^^^^^^^^^^^^^^^^^^^^
  File "C:\Users\pacong2\Videos\tiktobs\.venv\Lib\site-packages\httpx\_transports\default.py", line 393, in handle_async_request
    with map_httpcore_exceptions():
         ^^^^^^^^^^^^^^^^^^^^^^^^^
  File "C:\Users\pacong2\AppData\Roaming\uv\python\cpython-3.12-windows-x86_64-none\Lib\contextlib.py", line 158, in __exit__
    self.gen.throw(value)
  File "C:\Users\pacong2\Videos\tiktobs\.venv\Lib\site-packages\httpx\_transports\default.py", line 118, in map_httpcore_exceptions
    raise mapped_exc(message) from exc
httpx.ConnectTimeout
2026-08-07 21:36:35,159 [INFO] app.providers.live: Reconnecting to @laurentpriskila in 8.0s...
2026-08-07 21:36:35,603 [WARNING] app.processor: No active session ID set. Ignoring incoming 'like' event.
2026-08-07 21:36:35,702 [WARNING] app.processor: No active session ID set. Ignoring incoming 'viewer' event.
2026-08-07 21:36:35,803 [WARNING] app.processor: No active session ID set. Ignoring incoming 'viewer' event.
2026-08-07 21:36:35,953 [WARNING] app.processor: No active session ID set. Ignoring incoming 'like' event.
2026-08-07 21:36:36,054 [WARNING] app.processor: No active session ID set. Ignoring incoming 'viewer' event.
2026-08-07 21:36:36,143 [WARNING] app.processor: No active session ID set. Ignoring incoming 'viewer' event.
2026-08-07 21:36:36,241 [WARNING] app.processor: No active session ID set. Ignoring incoming 'viewer' event.
2026-08-07 21:36:36,340 [WARNING] app.processor: No active session ID set. Ignoring incoming 'viewer' event.
2026-08-07 21:36:36,440 [WARNING] app.processor: No active session ID set. Ignoring incoming 'viewer' event.
2026-08-07 21:36:36,531 [WARNING] app.processor: No active session ID set. Ignoring incoming 'viewer' event.
2026-08-07 21:36:36,623 [WARNING] app.processor: No active session ID set. Ignoring incoming 'viewer' event.
2026-08-07 21:36:36,720 [WARNING] app.processor: No active session ID set. Ignoring incoming 'viewer' event.
2026-08-07 21:36:36,895 [WARNING] app.processor: No active session ID set. Ignoring incoming 'viewer' event.
2026-08-07 21:36:36,994 [WARNING] app.processor: No active session ID set. Ignoring incoming 'viewer' event.
2026-08-07 21:36:37,134 [WARNING] app.processor: No active session ID set. Ignoring incoming 'like' event.
2026-08-07 21:36:37,225 [WARNING] app.processor: No active session ID set. Ignoring incoming 'viewer' event.
2026-08-07 21:36:37,366 [WARNING] app.processor: No active session ID set. Ignoring incoming 'like' event.
2026-08-07 21:36:37,451 [WARNING] app.processor: No active session ID set. Ignoring incoming 'viewer' event.
2026-08-07 21:36:37,603 [WARNING] app.processor: No active session ID set. Ignoring incoming 'like' event.
2026-08-07 21:36:37,701 [WARNING] app.processor: No active session ID set. Ignoring incoming 'viewer' event.
2026-08-07 21:36:37,873 [WARNING] app.processor: No active session ID set. Ignoring incoming 'like' event.
2026-08-07 21:36:38,007 [WARNING] app.processor: No active session ID set. Ignoring incoming 'like' event.
2026-08-07 21:36:39,229 [WARNING] app.processor: No active session ID set. Ignoring incoming 'viewer' event.
2026-08-07 21:36:39,377 [WARNING] app.processor: No active session ID set. Ignoring incoming 'like' event.
2026-08-07 21:36:39,514 [WARNING] app.processor: No active session ID set. Ignoring incoming 'viewer' event.
2026-08-07 21:36:39,665 [WARNING] app.processor: No active session ID set. Ignoring incoming 'like' event.
2026-08-07 21:36:39,775 [WARNING] app.processor: No active session ID set. Ignoring incoming 'viewer' event.
2026-08-07 21:36:39,979 [WARNING] app.processor: No active session ID set. Ignoring incoming 'like' event.
2026-08-07 21:36:40,075 [WARNING] app.processor: No active session ID set. Ignoring incoming 'viewer' event.
2026-08-07 21:36:40,172 [WARNING] app.processor: No active session ID set. Ignoring incoming 'viewer' event.
2026-08-07 21:36:40,722 [WARNING] app.processor: No active session ID set. Ignoring incoming 'like' event.
2026-08-07 21:36:40,886 [WARNING] app.processor: No active session ID set. Ignoring incoming 'like' event.
2026-08-07 21:36:40,988 [WARNING] app.processor: No active session ID set. Ignoring incoming 'viewer' event.
2026-08-07 21:36:41,096 [WARNING] app.processor: No active session ID set. Ignoring incoming 'viewer' event.
2026-08-07 21:36:41,189 [WARNING] app.processor: No active session ID set. Ignoring incoming 'viewer' event.
2026-08-07 21:36:41,408 [WARNING] app.processor: No active session ID set. Ignoring incoming 'viewer' event.
2026-08-07 21:36:41,517 [WARNING] app.processor: No active session ID set. Ignoring incoming 'viewer' event.
2026-08-07 21:36:42,451 [WARNING] app.processor: No active session ID set. Ignoring incoming 'viewer' event.
2026-08-07 21:36:42,574 [WARNING] app.processor: No active session ID set. Ignoring incoming 'viewer' event.
2026-08-07 21:36:42,680 [WARNING] app.processor: No active session ID set. Ignoring incoming 'viewer' event.
2026-08-07 21:36:42,958 [WARNING] app.processor: No active session ID set. Ignoring incoming 'viewer' event.
2026-08-07 21:36:43,053 [WARNING] app.processor: No active session ID set. Ignoring incoming 'viewer' event.
2026-08-07 21:36:43,149 [INFO] app.providers.live: Connecting to TikTok live for username: @laurentpriskila...
2026-08-07 21:36:43,396 [WARNING] app.processor: No active session ID set. Ignoring incoming 'like' event.
2026-08-07 21:36:43,544 [WARNING] app.processor: No active session ID set. Ignoring incoming 'like' event.
2026-08-07 21:36:43,705 [WARNING] app.processor: No active session ID set. Ignoring incoming 'like' event.
2026-08-07 21:36:43,884 [WARNING] app.processor: No active session ID set. Ignoring incoming 'like' event.
2026-08-07 21:36:44,057 [WARNING] app.processor: No active session ID set. Ignoring incoming 'like' event.
2026-08-07 21:36:44,248 [INFO] httpx: HTTP Request: GET https://www.tiktok.com/api-live/user/room/?aid=1988&app_language=en&app_name=tiktok_web&browser_language=en-GB&browser_name=Mozilla&browser_online=true&browser_platform=Win32&browser_version=5.0%20%28Windows%20NT%2010.0%3B%20Win64%3B%20x64%29%20AppleWebKit%2F537.36%20%28KHTML%2C%20like%20Gecko%29%20Chrome%2F147.0.0.0%20Safari%2F537.36%20OPR%2F131.0.0.0&cookie_enabled=true&device_platform=web_pc&focus_state=true&from_page=&history_len=6&is_fullscreen=false&is_page_visible=true&screen_height=2880&screen_width=5120&tz_name=Europe/London&channel=tiktok_web&data_collection_enabled=true&os=windows&priority_region=GB&region=GB&user_is_login=false&webcast_language=en&msToken=&referer=https://www.tiktok.com/@laurentpriskila/live&root_referer=https://www.tiktok.com/@laurentpriskila/live&device_id=30150760710442481245&uniqueId=laurentpriskila&sourceType=54 "HTTP/1.1 200 OK"
2026-08-07 21:36:44,703 [WARNING] app.processor: No active session ID set. Ignoring incoming 'viewer' event.
2026-08-07 21:36:44,858 [WARNING] app.processor: No active session ID set. Ignoring incoming 'viewer' event.
2026-08-07 21:36:44,862 [INFO] httpx: HTTP Request: GET https://www.tiktok.com/@laurentpriskila/live? "HTTP/1.1 200 OK"
2026-08-07 21:36:45,071 [INFO] httpx: HTTP Request: GET https://webcast.tiktok.com/webcast/room/check_alive/?aid=1988&app_language=en&app_name=tiktok_web&browser_language=en-GB&browser_name=Mozilla&browser_online=true&browser_platform=Win32&browser_version=5.0%20%28Windows%20NT%2010.0%3B%20Win64%3B%20x64%29%20AppleWebKit%2F537.36%20%28KHTML%2C%20like%20Gecko%29%20Chrome%2F147.0.0.0%20Safari%2F537.36%20OPR%2F131.0.0.0&cookie_enabled=true&device_platform=web_pc&focus_state=true&from_page=&history_len=6&is_fullscreen=false&is_page_visible=true&screen_height=2880&screen_width=5120&tz_name=Europe/London&channel=tiktok_web&data_collection_enabled=true&os=windows&priority_region=GB&region=GB&user_is_login=false&webcast_language=en&msToken=&referer=https://www.tiktok.com/@laurentpriskila/live&root_referer=https://www.tiktok.com/@laurentpriskila/live&device_id=46558188597602672333&room_id=7671237775294860053&room_ids=7671237775294860053 "HTTP/1.1 200 OK"
2026-08-07 21:36:45,796 [WARNING] app.processor: No active session ID set. Ignoring incoming 'like' event.
2026-08-07 21:36:46,028 [WARNING] app.processor: No active session ID set. Ignoring incoming 'like' event.
2026-08-07 21:36:46,186 [WARNING] app.processor: No active session ID set. Ignoring incoming 'like' event.
2026-08-07 21:36:46,214 [INFO] httpx: HTTP Request: GET https://api.eulerstream.com/webcast/fetch?client=ttlive-python&room_id=7671237775294860053&user_agent=Mozilla%2F5.0+%28Windows+NT+10.0%3B+Win64%3B+x64%29+AppleWebKit%2F537.36+%28KHTML%2C+like+Gecko%29+Chrome%2F147.0.0.0+Safari%2F537.36+OPR%2F131.0.0.0&client_enter=true&platform=web&tt_target_idc=useast1a "HTTP/1.1 200 OK"
2026-08-07 21:36:46,813 [INFO] app.providers.live: Reconnecting to @laurentpriskila in 16.0s...
2026-08-07 21:36:47,263 [WARNING] app.processor: No active session ID set. Ignoring incoming 'like' event.
2026-08-07 21:36:47,369 [WARNING] app.processor: No active session ID set. Ignoring incoming 'viewer' event.
2026-08-07 21:36:47,560 [WARNING] app.processor: No active session ID set. Ignoring incoming 'like' event.
2026-08-07 21:36:47,650 [WARNING] app.processor: No active session ID set. Ignoring incoming 'viewer' event.
2026-08-07 21:36:47,747 [WARNING] app.processor: No active session ID set. Ignoring incoming 'viewer' event.
2026-08-07 21:36:47,845 [WARNING] app.processor: No active session ID set. Ignoring incoming 'viewer' event.
2026-08-07 21:36:47,931 [WARNING] app.processor: No active session ID set. Ignoring incoming 'viewer' event.
2026-08-07 21:36:47,977 [INFO] app.providers.live: Successfully connected to room 7671237775294860053
2026-08-07 21:36:48,042 [WARNING] app.processor: No active session ID set. Ignoring incoming 'comment' event.
2026-08-07 21:36:48,079 [WARNING] app.processor: No active session ID set. Ignoring incoming 'comment' event.
2026-08-07 21:36:48,109 [WARNING] app.processor: No active session ID set. Ignoring incoming 'comment' event.
2026-08-07 21:36:48,144 [WARNING] app.processor: No active session ID set. Ignoring incoming 'comment' event.
2026-08-07 21:36:48,182 [WARNING] app.processor: No active session ID set. Ignoring incoming 'comment' event.
2026-08-07 21:36:48,218 [WARNING] app.processor: No active session ID set. Ignoring incoming 'comment' event.
2026-08-07 21:36:48,312 [WARNING] app.processor: No active session ID set. Ignoring incoming 'viewer' event.
2026-08-07 21:36:48,550 [WARNING] app.processor: No active session ID set. Ignoring incoming 'comment' event.
2026-08-07 21:36:48,663 [WARNING] app.processor: No active session ID set. Ignoring incoming 'comment' event.
2026-08-07 21:36:48,756 [WARNING] app.processor: No active session ID set. Ignoring incoming 'comment' event.
2026-08-07 21:36:48,857 [WARNING] app.processor: No active session ID set. Ignoring incoming 'comment' event.
2026-08-07 21:36:48,961 [WARNING] app.processor: No active session ID set. Ignoring incoming 'comment' event.
2026-08-07 21:36:49,043 [WARNING] app.processor: No active session ID set. Ignoring incoming 'comment' event.
2026-08-07 21:36:49,284 [WARNING] app.processor: No active session ID set. Ignoring incoming 'viewer' event.
2026-08-07 21:36:49,692 [WARNING] app.processor: No active session ID set. Ignoring incoming 'viewer' event.
2026-08-07 21:36:49,949 [WARNING] app.processor: No active session ID set. Ignoring incoming 'viewer' event.
2026-08-07 21:36:50,257 [WARNING] app.processor: No active session ID set. Ignoring incoming 'viewer' event.
2026-08-07 21:36:50,529 [WARNING] app.processor: No active session ID set. Ignoring incoming 'viewer' event.
2026-08-07 21:36:50,775 [WARNING] app.processor: No active session ID set. Ignoring incoming 'viewer' event.
2026-08-07 21:36:51,034 [WARNING] app.processor: No active session ID set. Ignoring incoming 'viewer' event.
2026-08-07 21:36:51,799 [WARNING] app.processor: No active session ID set. Ignoring incoming 'like' event.
2026-08-07 21:36:52,069 [WARNING] app.processor: No active session ID set. Ignoring incoming 'viewer' event.
2026-08-07 21:36:52,500 [WARNING] app.processor: No active session ID set. Ignoring incoming 'like' event.
2026-08-07 21:36:52,777 [WARNING] app.processor: No active session ID set. Ignoring incoming 'viewer' event.
2026-08-07 21:36:53,181 [WARNING] app.processor: No active session ID set. Ignoring incoming 'like' event.
2026-08-07 21:36:53,452 [WARNING] app.processor: No active session ID set. Ignoring incoming 'viewer' event.
2026-08-07 21:36:53,878 [WARNING] app.processor: No active session ID set. Ignoring incoming 'like' event.
2026-08-07 21:36:54,143 [WARNING] app.processor: No active session ID set. Ignoring incoming 'viewer' event.
2026-08-07 21:36:54,567 [WARNING] app.processor: No active session ID set. Ignoring incoming 'like' event.
2026-08-07 21:36:54,816 [WARNING] app.processor: No active session ID set. Ignoring incoming 'viewer' event.
2026-08-07 21:36:55,218 [WARNING] app.processor: No active session ID set. Ignoring incoming 'like' event.
2026-08-07 21:36:55,471 [WARNING] app.processor: No active session ID set. Ignoring incoming 'viewer' event.
2026-08-07 21:36:56,468 [WARNING] app.processor: No active session ID set. Ignoring incoming 'like' event.
2026-08-07 21:36:56,706 [WARNING] app.processor: No active session ID set. Ignoring incoming 'viewer' event.
2026-08-07 21:36:57,109 [WARNING] app.processor: No active session ID set. Ignoring incoming 'like' event.
2026-08-07 21:36:57,434 [WARNING] app.processor: No active session ID set. Ignoring incoming 'viewer' event.
2026-08-07 21:36:57,809 [WARNING] app.processor: No active session ID set. Ignoring incoming 'like' event.
2026-08-07 21:36:58,080 [WARNING] app.processor: No active session ID set. Ignoring incoming 'viewer' event.
2026-08-07 21:36:58,313 [WARNING] app.processor: No active session ID set. Ignoring incoming 'viewer' event.
2026-08-07 21:36:58,679 [WARNING] app.processor: No active session ID set. Ignoring incoming 'like' event.
2026-08-07 21:36:58,937 [WARNING] app.processor: No active session ID set. Ignoring incoming 'viewer' event.
2026-08-07 21:36:59,345 [WARNING] app.processor: No active session ID set. Ignoring incoming 'like' event.
2026-08-07 21:36:59,586 [WARNING] app.processor: No active session ID set. Ignoring incoming 'viewer' event.
2026-08-07 21:36:59,845 [WARNING] app.processor: No active session ID set. Ignoring incoming 'viewer' event.
2026-08-07 21:37:00,275 [WARNING] app.processor: No active session ID set. Ignoring incoming 'like' event.
2026-08-07 21:37:00,538 [WARNING] app.processor: No active session ID set. Ignoring incoming 'viewer' event.
2026-08-07 21:37:00,905 [WARNING] app.processor: No active session ID set. Ignoring incoming 'viewer' event.
2026-08-07 21:37:01,401 [WARNING] app.processor: No active session ID set. Ignoring incoming 'like' event.
2026-08-07 21:37:01,651 [WARNING] app.processor: No active session ID set. Ignoring incoming 'viewer' event.
2026-08-07 21:37:01,664 [INFO] app.providers.live: Connection has been stable for 10s. Reconnect delay reset to 2.0s.
2026-08-07 21:37:02,374 [WARNING] app.processor: No active session ID set. Ignoring incoming 'viewer' event.
2026-08-07 21:37:02,757 [WARNING] app.processor: No active session ID set. Ignoring incoming 'like' event.
2026-08-07 21:37:03,049 [WARNING] app.processor: No active session ID set. Ignoring incoming 'viewer' event.
2026-08-07 21:37:03,421 [WARNING] app.processor: No active session ID set. Ignoring incoming 'like' event.
2026-08-07 21:37:03,656 [WARNING] app.processor: No active session ID set. Ignoring incoming 'viewer' event.
2026-08-07 21:37:03,921 [WARNING] app.processor: No active session ID set. Ignoring incoming 'viewer' event.
2026-08-07 21:37:04,349 [WARNING] app.processor: No active session ID set. Ignoring incoming 'like' event.
2026-08-07 21:37:04,601 [WARNING] app.processor: No active session ID set. Ignoring incoming 'viewer' event.
2026-08-07 21:37:04,972 [WARNING] app.processor: No active session ID set. Ignoring incoming 'like' event.
2026-08-07 21:37:05,239 [WARNING] app.processor: No active session ID set. Ignoring incoming 'viewer' event.
2026-08-07 21:37:05,638 [WARNING] app.processor: No active session ID set. Ignoring incoming 'like' event.
2026-08-07 21:37:05,897 [WARNING] app.processor: No active session ID set. Ignoring incoming 'viewer' event.
2026-08-07 21:37:06,364 [WARNING] app.processor: No active session ID set. Ignoring incoming 'like' event.
2026-08-07 21:37:06,635 [WARNING] app.processor: No active session ID set. Ignoring incoming 'viewer' event.
2026-08-07 21:37:07,358 [WARNING] app.processor: No active session ID set. Ignoring incoming 'like' event.
2026-08-07 21:37:07,601 [WARNING] app.processor: No active session ID set. Ignoring incoming 'viewer' event.
2026-08-07 21:37:07,987 [WARNING] app.processor: No active session ID set. Ignoring incoming 'like' event.
2026-08-07 21:37:08,234 [WARNING] app.processor: No active session ID set. Ignoring incoming 'viewer' event.
2026-08-07 21:37:08,753 [WARNING] app.processor: No active session ID set. Ignoring incoming 'like' event.
2026-08-07 21:37:09,027 [WARNING] app.processor: No active session ID set. Ignoring incoming 'viewer' event.
2026-08-07 21:37:09,401 [WARNING] app.processor: No active session ID set. Ignoring incoming 'like' event.
2026-08-07 21:37:09,663 [WARNING] app.processor: No active session ID set. Ignoring incoming 'viewer' event.
2026-08-07 21:37:09,937 [WARNING] app.processor: No active session ID set. Ignoring incoming 'viewer' event.
2026-08-07 21:37:10,346 [WARNING] app.processor: No active session ID set. Ignoring incoming 'like' event.
2026-08-07 21:37:10,591 [WARNING] app.processor: No active session ID set. Ignoring incoming 'viewer' event.
2026-08-07 21:37:10,596 [INFO] app.providers.live: Connecting to TikTok live for username: @laurentpriskila...
2026-08-07 21:37:14,201 [WARNING] app.processor: No active session ID set. Ignoring incoming 'viewer' event.
2026-08-07 21:37:14,675 [WARNING] app.processor: No active session ID set. Ignoring incoming 'like' event.
2026-08-07 21:37:14,945 [WARNING] app.processor: No active session ID set. Ignoring incoming 'viewer' event.
2026-08-07 21:37:15,227 [WARNING] app.processor: No active session ID set. Ignoring incoming 'viewer' event.
2026-08-07 21:37:15,331 [WARNING] app.processor: No active session ID set. Ignoring incoming 'comment' event.
2026-08-07 21:37:15,748 [WARNING] app.processor: No active session ID set. Ignoring incoming 'like' event.
2026-08-07 21:37:16,044 [WARNING] app.processor: No active session ID set. Ignoring incoming 'viewer' event.
2026-08-07 21:37:16,138 [WARNING] app.processor: No active session ID set. Ignoring incoming 'comment' event.
2026-08-07 21:37:16,397 [WARNING] app.processor: No active session ID set. Ignoring incoming 'viewer' event.
2026-08-07 21:37:16,830 [WARNING] app.processor: No active session ID set. Ignoring incoming 'like' event.
2026-08-07 21:37:17,090 [WARNING] app.processor: No active session ID set. Ignoring incoming 'viewer' event.
2026-08-07 21:37:17,337 [WARNING] app.processor: No active session ID set. Ignoring incoming 'viewer' event.
2026-08-07 21:37:17,714 [WARNING] app.processor: No active session ID set. Ignoring incoming 'like' event.
2026-08-07 21:37:17,970 [WARNING] app.processor: No active session ID set. Ignoring incoming 'viewer' event.
2026-08-07 21:37:18,215 [WARNING] app.processor: No active session ID set. Ignoring incoming 'viewer' event.
2026-08-07 21:37:18,314 [WARNING] app.processor: No active session ID set. Ignoring incoming 'comment' event.
2026-08-07 21:37:18,690 [WARNING] app.processor: No active session ID set. Ignoring incoming 'like' event.
2026-08-07 21:37:18,922 [WARNING] app.processor: No active session ID set. Ignoring incoming 'viewer' event.
2026-08-07 21:37:19,017 [WARNING] app.processor: No active session ID set. Ignoring incoming 'comment' event.
2026-08-07 21:37:19,263 [WARNING] app.processor: No active session ID set. Ignoring incoming 'viewer' event.
2026-08-07 21:37:19,698 [WARNING] app.processor: No active session ID set. Ignoring incoming 'like' event.
2026-08-07 21:37:19,957 [WARNING] app.processor: No active session ID set. Ignoring incoming 'viewer' event.
2026-08-07 21:37:20,504 [WARNING] app.processor: No active session ID set. Ignoring incoming 'viewer' event.
2026-08-07 21:37:21,124 [WARNING] app.processor: No active session ID set. Ignoring incoming 'like' event.
2026-08-07 21:37:21,395 [WARNING] app.processor: No active session ID set. Ignoring incoming 'viewer' event.
2026-08-07 21:37:21,659 [WARNING] app.processor: No active session ID set. Ignoring incoming 'viewer' event.
2026-08-07 21:37:21,751 [WARNING] app.processor: No active session ID set. Ignoring incoming 'comment' event.
2026-08-07 21:37:22,163 [WARNING] app.processor: No active session ID set. Ignoring incoming 'like' event.
2026-08-07 21:37:22,410 [WARNING] app.processor: No active session ID set. Ignoring incoming 'viewer' event.
2026-08-07 21:37:22,672 [WARNING] app.processor: No active session ID set. Ignoring incoming 'viewer' event.
2026-08-07 21:37:23,212 [WARNING] app.processor: No active session ID set. Ignoring incoming 'like' event.
2026-08-07 21:37:23,314 [WARNING] app.processor: No active session ID set. Ignoring incoming 'comment' event.
2026-08-07 21:37:23,650 [WARNING] app.processor: No active session ID set. Ignoring incoming 'viewer' event.
2026-08-07 21:37:23,915 [WARNING] app.processor: No active session ID set. Ignoring incoming 'viewer' event.
2026-08-07 21:37:24,740 [WARNING] app.processor: No active session ID set. Ignoring incoming 'like' event.
2026-08-07 21:37:24,994 [WARNING] app.processor: No active session ID set. Ignoring incoming 'viewer' event.
2026-08-07 21:37:25,159 [WARNING] app.processor: No active session ID set. Ignoring incoming 'viewer' event.
2026-08-07 21:37:25,232 [WARNING] app.processor: No active session ID set. Ignoring incoming 'comment' event.
2026-08-07 21:37:25,420 [WARNING] app.processor: No active session ID set. Ignoring incoming 'like' event.
2026-08-07 21:37:25,531 [WARNING] app.processor: No active session ID set. Ignoring incoming 'viewer' event.
2026-08-07 21:37:25,633 [WARNING] app.processor: No active session ID set. Ignoring incoming 'viewer' event.
2026-08-07 21:37:25,802 [WARNING] app.processor: No active session ID set. Ignoring incoming 'like' event.
2026-08-07 21:37:25,827 [WARNING] app.processor: No active session ID set. Ignoring incoming 'comment' event.
2026-08-07 21:37:25,943 [WARNING] app.processor: No active session ID set. Ignoring incoming 'viewer' event.
2026-08-07 21:37:26,048 [WARNING] app.processor: No active session ID set. Ignoring incoming 'viewer' event.
2026-08-07 21:37:26,227 [WARNING] app.processor: No active session ID set. Ignoring incoming 'like' event.
2026-08-07 21:37:26,320 [WARNING] app.processor: No active session ID set. Ignoring incoming 'viewer' event.
2026-08-07 21:37:26,425 [WARNING] app.processor: No active session ID set. Ignoring incoming 'viewer' event.
2026-08-07 21:37:26,461 [WARNING] app.processor: No active session ID set. Ignoring incoming 'comment' event.
2026-08-07 21:37:26,619 [WARNING] app.processor: No active session ID set. Ignoring incoming 'like' event.
2026-08-07 21:37:26,715 [WARNING] app.processor: No active session ID set. Ignoring incoming 'viewer' event.
2026-08-07 21:37:26,824 [WARNING] app.processor: No active session ID set. Ignoring incoming 'viewer' event.
2026-08-07 21:37:26,984 [WARNING] app.processor: No active session ID set. Ignoring incoming 'like' event.
2026-08-07 21:37:27,024 [WARNING] app.processor: No active session ID set. Ignoring incoming 'comment' event.
2026-08-07 21:37:27,125 [WARNING] app.processor: No active session ID set. Ignoring incoming 'viewer' event.
2026-08-07 21:37:27,274 [WARNING] app.processor: No active session ID set. Ignoring incoming 'viewer' event.
2026-08-07 21:37:27,444 [WARNING] app.processor: No active session ID set. Ignoring incoming 'like' event.
2026-08-07 21:37:27,561 [WARNING] app.processor: No active session ID set. Ignoring incoming 'viewer' event.
2026-08-07 21:37:27,646 [WARNING] app.processor: No active session ID set. Ignoring incoming 'viewer' event.
2026-08-07 21:37:27,681 [WARNING] app.processor: No active session ID set. Ignoring incoming 'comment' event.
2026-08-07 21:37:28,101 [WARNING] app.processor: No active session ID set. Ignoring incoming 'like' event.
2026-08-07 21:37:28,456 [WARNING] app.processor: No active session ID set. Ignoring incoming 'viewer' event.
2026-08-07 21:37:28,564 [WARNING] app.processor: No active session ID set. Ignoring incoming 'comment' event.
2026-08-07 21:37:28,818 [WARNING] app.processor: No active session ID set. Ignoring incoming 'viewer' event.
2026-08-07 21:37:29,361 [WARNING] app.processor: No active session ID set. Ignoring incoming 'like' event.
2026-08-07 21:37:29,711 [WARNING] app.processor: No active session ID set. Ignoring incoming 'viewer' event.
2026-08-07 21:37:31,987 [WARNING] app.processor: No active session ID set. Ignoring incoming 'like' event.
2026-08-07 21:37:32,089 [WARNING] app.processor: No active session ID set. Ignoring incoming 'viewer' event.
2026-08-07 21:37:32,256 [WARNING] app.processor: No active session ID set. Ignoring incoming 'like' event.
2026-08-07 21:37:32,363 [WARNING] app.processor: No active session ID set. Ignoring incoming 'viewer' event.
2026-08-07 21:37:32,450 [WARNING] app.processor: No active session ID set. Ignoring incoming 'viewer' event.
2026-08-07 21:37:32,613 [WARNING] app.processor: No active session ID set. Ignoring incoming 'like' event.
2026-08-07 21:37:32,713 [WARNING] app.processor: No active session ID set. Ignoring incoming 'viewer' event.
2026-08-07 21:37:32,856 [WARNING] app.processor: No active session ID set. Ignoring incoming 'like' event.
2026-08-07 21:37:32,956 [WARNING] app.processor: No active session ID set. Ignoring incoming 'viewer' event.
2026-08-07 21:37:33,066 [WARNING] app.processor: No active session ID set. Ignoring incoming 'viewer' event.
2026-08-07 21:37:33,210 [WARNING] app.processor: No active session ID set. Ignoring incoming 'like' event.
2026-08-07 21:37:33,334 [WARNING] app.processor: No active session ID set. Ignoring incoming 'viewer' event.
2026-08-07 21:37:33,486 [WARNING] app.processor: No active session ID set. Ignoring incoming 'like' event.
2026-08-07 21:37:33,583 [WARNING] app.processor: No active session ID set. Ignoring incoming 'viewer' event.
2026-08-07 21:37:33,750 [WARNING] app.processor: No active session ID set. Ignoring incoming 'like' event.
2026-08-07 21:37:33,885 [WARNING] app.processor: No active session ID set. Ignoring incoming 'viewer' event.
2026-08-07 21:37:34,088 [WARNING] app.processor: No active session ID set. Ignoring incoming 'like' event.
2026-08-07 21:37:34,190 [WARNING] app.processor: No active session ID set. Ignoring incoming 'viewer' event.
2026-08-07 21:37:34,307 [WARNING] app.processor: No active session ID set. Ignoring incoming 'viewer' event.
2026-08-07 21:37:34,469 [WARNING] app.processor: No active session ID set. Ignoring incoming 'like' event.
2026-08-07 21:37:34,550 [WARNING] app.processor: No active session ID set. Ignoring incoming 'viewer' event.
2026-08-07 21:37:34,692 [WARNING] app.processor: No active session ID set. Ignoring incoming 'like' event.
2026-08-07 21:37:34,786 [WARNING] app.processor: No active session ID set. Ignoring incoming 'viewer' event.
2026-08-07 21:37:34,889 [WARNING] app.processor: No active session ID set. Ignoring incoming 'viewer' event.
2026-08-07 21:37:35,064 [WARNING] app.processor: No active session ID set. Ignoring incoming 'like' event.
2026-08-07 21:37:35,168 [WARNING] app.processor: No active session ID set. Ignoring incoming 'viewer' event.
2026-08-07 21:37:35,351 [WARNING] app.processor: No active session ID set. Ignoring incoming 'like' event.
2026-08-07 21:37:35,453 [WARNING] app.processor: No active session ID set. Ignoring incoming 'viewer' event.
2026-08-07 21:37:35,597 [WARNING] app.processor: No active session ID set. Ignoring incoming 'like' event.
2026-08-07 21:37:35,703 [WARNING] app.processor: No active session ID set. Ignoring incoming 'viewer' event.
2026-08-07 21:37:35,874 [WARNING] app.processor: No active session ID set. Ignoring incoming 'like' event.
2026-08-07 21:37:35,992 [WARNING] app.processor: No active session ID set. Ignoring incoming 'viewer' event.
2026-08-07 21:37:36,110 [WARNING] app.processor: No active session ID set. Ignoring incoming 'viewer' event.
2026-08-07 21:37:36,466 [WARNING] app.processor: No active session ID set. Ignoring incoming 'like' event.
2026-08-07 21:37:36,835 [WARNING] app.processor: No active session ID set. Ignoring incoming 'viewer' event.
2026-08-07 21:37:37,412 [WARNING] app.processor: No active session ID set. Ignoring incoming 'like' event.
2026-08-07 21:37:37,687 [WARNING] app.processor: No active session ID set. Ignoring incoming 'viewer' event.
2026-08-07 21:37:38,150 [WARNING] app.processor: No active session ID set. Ignoring incoming 'viewer' event.
2026-08-07 21:37:38,358 [WARNING] app.processor: No active session ID set. Ignoring incoming 'like' event.
2026-08-07 21:37:38,449 [WARNING] app.processor: No active session ID set. Ignoring incoming 'viewer' event.
2026-08-07 21:37:38,633 [WARNING] app.processor: No active session ID set. Ignoring incoming 'like' event.
2026-08-07 21:37:38,731 [WARNING] app.processor: No active session ID set. Ignoring incoming 'viewer' event.
2026-08-07 21:37:38,868 [WARNING] app.processor: No active session ID set. Ignoring incoming 'like' event.
2026-08-07 21:37:38,975 [WARNING] app.processor: No active session ID set. Ignoring incoming 'viewer' event.
2026-08-07 21:37:39,074 [WARNING] app.processor: No active session ID set. Ignoring incoming 'viewer' event.
2026-08-07 21:37:39,227 [WARNING] app.processor: No active session ID set. Ignoring incoming 'like' event.
2026-08-07 21:37:39,416 [WARNING] app.processor: No active session ID set. Ignoring incoming 'viewer' event.
2026-08-07 21:37:39,890 [WARNING] app.processor: No active session ID set. Ignoring incoming 'like' event.
2026-08-07 21:37:40,027 [WARNING] app.processor: No active session ID set. Ignoring incoming 'viewer' event.
2026-08-07 21:37:40,210 [WARNING] app.processor: No active session ID set. Ignoring incoming 'like' event.
2026-08-07 21:37:40,321 [WARNING] app.processor: No active session ID set. Ignoring incoming 'viewer' event.
2026-08-07 21:37:40,444 [WARNING] app.processor: No active session ID set. Ignoring incoming 'viewer' event.
2026-08-07 21:37:40,605 [WARNING] app.processor: No active session ID set. Ignoring incoming 'like' event.
2026-08-07 21:37:40,730 [WARNING] app.processor: No active session ID set. Ignoring incoming 'viewer' event.
2026-08-07 21:37:40,869 [WARNING] app.processor: No active session ID set. Ignoring incoming 'viewer' event.
2026-08-07 21:37:41,018 [WARNING] app.processor: No active session ID set. Ignoring incoming 'like' event.
2026-08-07 21:37:41,176 [WARNING] app.processor: No active session ID set. Ignoring incoming 'like' event.
2026-08-07 21:37:41,278 [WARNING] app.processor: No active session ID set. Ignoring incoming 'viewer' event.
2026-08-07 21:37:41,385 [WARNING] app.processor: No active session ID set. Ignoring incoming 'viewer' event.
2026-08-07 21:37:41,553 [WARNING] app.processor: No active session ID set. Ignoring incoming 'like' event.
2026-08-07 21:37:41,665 [WARNING] app.processor: No active session ID set. Ignoring incoming 'viewer' event.
2026-08-07 21:37:41,826 [WARNING] app.processor: No active session ID set. Ignoring incoming 'like' event.
2026-08-07 21:37:41,915 [WARNING] app.processor: No active session ID set. Ignoring incoming 'viewer' event.
2026-08-07 21:37:42,052 [WARNING] app.processor: No active session ID set. Ignoring incoming 'like' event.
2026-08-07 21:37:42,154 [WARNING] app.processor: No active session ID set. Ignoring incoming 'viewer' event.
2026-08-07 21:37:42,267 [WARNING] app.processor: No active session ID set. Ignoring incoming 'viewer' event.
2026-08-07 21:37:42,423 [WARNING] app.processor: No active session ID set. Ignoring incoming 'like' event.
2026-08-07 21:37:42,556 [WARNING] app.processor: No active session ID set. Ignoring incoming 'viewer' event.
2026-08-07 21:37:42,699 [WARNING] app.processor: No active session ID set. Ignoring incoming 'viewer' event.
2026-08-07 21:37:42,886 [WARNING] app.processor: No active session ID set. Ignoring incoming 'like' event.
2026-08-07 21:37:43,044 [WARNING] app.processor: No active session ID set. Ignoring incoming 'like' event.
2026-08-07 21:37:43,153 [WARNING] app.processor: No active session ID set. Ignoring incoming 'viewer' event.
2026-08-07 21:37:43,260 [WARNING] app.processor: No active session ID set. Ignoring incoming 'viewer' event.
2026-08-07 21:37:43,446 [WARNING] app.processor: No active session ID set. Ignoring incoming 'like' event.
2026-08-07 21:37:43,545 [WARNING] app.processor: No active session ID set. Ignoring incoming 'viewer' event.
2026-08-07 21:37:43,712 [WARNING] app.processor: No active session ID set. Ignoring incoming 'like' event.
2026-08-07 21:37:43,815 [WARNING] app.processor: No active session ID set. Ignoring incoming 'viewer' event.
2026-08-07 21:37:44,030 [WARNING] app.processor: No active session ID set. Ignoring incoming 'like' event.
2026-08-07 21:37:44,189 [WARNING] app.processor: No active session ID set. Ignoring incoming 'viewer' event.
2026-08-07 21:37:44,409 [WARNING] app.processor: No active session ID set. Ignoring incoming 'viewer' event.
2026-08-07 21:37:44,675 [WARNING] app.processor: No active session ID set. Ignoring incoming 'like' event.
2026-08-07 21:37:44,802 [WARNING] app.processor: No active session ID set. Ignoring incoming 'viewer' event.
2026-08-07 21:37:44,932 [WARNING] app.processor: No active session ID set. Ignoring incoming 'viewer' event.
2026-08-07 21:37:45,112 [WARNING] app.processor: No active session ID set. Ignoring incoming 'like' event.
2026-08-07 21:37:45,114 [INFO] app.providers.live: Requesting disconnect...
2026-08-07 21:37:45,126 [ERROR] app.providers.live: Connection failed for @laurentpriskila
Traceback (most recent call last):
  File "C:\Users\pacong2\Videos\tiktobs\.venv\Lib\site-packages\httpx\_transports\default.py", line 101, in map_httpcore_exceptions
    yield
  File "C:\Users\pacong2\Videos\tiktobs\.venv\Lib\site-packages\httpx\_transports\default.py", line 394, in handle_async_request
    resp = await self._pool.handle_async_request(req)
           ^^^^^^^^^^^^^^^^^^^^^^^^^^^^^^^^^^^^^^^^^^
  File "C:\Users\pacong2\Videos\tiktobs\.venv\Lib\site-packages\httpcore\_async\connection_pool.py", line 256, in handle_async_request
    raise exc from None
  File "C:\Users\pacong2\Videos\tiktobs\.venv\Lib\site-packages\httpcore\_async\connection_pool.py", line 236, in handle_async_request
    response = await connection.handle_async_request(
               ^^^^^^^^^^^^^^^^^^^^^^^^^^^^^^^^^^^^^^
  File "C:\Users\pacong2\Videos\tiktobs\.venv\Lib\site-packages\httpcore\_async\connection.py", line 101, in handle_async_request
    raise exc
  File "C:\Users\pacong2\Videos\tiktobs\.venv\Lib\site-packages\httpcore\_async\connection.py", line 78, in handle_async_request
    stream = await self._connect(request)
             ^^^^^^^^^^^^^^^^^^^^^^^^^^^^
  File "C:\Users\pacong2\Videos\tiktobs\.venv\Lib\site-packages\httpcore\_async\connection.py", line 124, in _connect
    stream = await self._network_backend.connect_tcp(**kwargs)
             ^^^^^^^^^^^^^^^^^^^^^^^^^^^^^^^^^^^^^^^^^^^^^^^^^
  File "C:\Users\pacong2\Videos\tiktobs\.venv\Lib\site-packages\httpcore\_backends\auto.py", line 31, in connect_tcp
    return await self._backend.connect_tcp(
           ^^^^^^^^^^^^^^^^^^^^^^^^^^^^^^^^
  File "C:\Users\pacong2\Videos\tiktobs\.venv\Lib\site-packages\httpcore\_backends\anyio.py", line 113, in connect_tcp
    with map_exceptions(exc_map):
         ^^^^^^^^^^^^^^^^^^^^^^^
  File "C:\Users\pacong2\AppData\Roaming\uv\python\cpython-3.12-windows-x86_64-none\Lib\contextlib.py", line 158, in __exit__
    self.gen.throw(value)
  File "C:\Users\pacong2\Videos\tiktobs\.venv\Lib\site-packages\httpcore\_exceptions.py", line 14, in map_exceptions
    raise to_exc(exc) from exc
httpcore.ConnectTimeout

The above exception was the direct cause of the following exception:

Traceback (most recent call last):
  File "C:\Users\pacong2\Videos\tiktobs\app\providers\live.py", line 94, in _run_connection_loop
    is_live = await self.client.is_live()
              ^^^^^^^^^^^^^^^^^^^^^^^^^^^
  File "C:\Users\pacong2\Videos\tiktobs\.venv\Lib\site-packages\TikTokLive\client\client.py", line 594, in is_live
    return await self._web.fetch_is_live(unique_id=unique_id or self.unique_id)
           ^^^^^^^^^^^^^^^^^^^^^^^^^^^^^^^^^^^^^^^^^^^^^^^^^^^^^^^^^^^^^^^^^^^^
  File "C:\Users\pacong2\Videos\tiktobs\.venv\Lib\site-packages\TikTokLive\client\web\routes\fetch_is_live.py", line 67, in __call__
    return await self.fetch_is_live_unique_id(unique_id)
           ^^^^^^^^^^^^^^^^^^^^^^^^^^^^^^^^^^^^^^^^^^^^^
  File "C:\Users\pacong2\Videos\tiktobs\.venv\Lib\site-packages\TikTokLive\client\web\routes\fetch_is_live.py", line 97, in fetch_is_live_unique_id
    response_json: dict = await FetchRoomIdAPIRoute.fetch_user_room_data(
                          ^^^^^^^^^^^^^^^^^^^^^^^^^^^^^^^^^^^^^^^^^^^^^^^
  File "C:\Users\pacong2\Videos\tiktobs\.venv\Lib\site-packages\TikTokLive\client\web\routes\fetch_room_id_api.py", line 44, in fetch_user_room_data
    response: Response = await web.get(
                         ^^^^^^^^^^^^^^
  File "C:\Users\pacong2\Videos\tiktobs\.venv\Lib\site-packages\TikTokLive\client\web\web_base.py", line 319, in get
    return await self.request(
           ^^^^^^^^^^^^^^^^^^^
  File "C:\Users\pacong2\Videos\tiktobs\.venv\Lib\site-packages\TikTokLive\client\web\web_base.py", line 304, in request
    return await http_client.send(request)
           ^^^^^^^^^^^^^^^^^^^^^^^^^^^^^^^
  File "C:\Users\pacong2\Videos\tiktobs\.venv\Lib\site-packages\httpx\_client.py", line 1629, in send
    response = await self._send_handling_auth(
               ^^^^^^^^^^^^^^^^^^^^^^^^^^^^^^^
  File "C:\Users\pacong2\Videos\tiktobs\.venv\Lib\site-packages\httpx\_client.py", line 1657, in _send_handling_auth
    response = await self._send_handling_redirects(
               ^^^^^^^^^^^^^^^^^^^^^^^^^^^^^^^^^^^^
  File "C:\Users\pacong2\Videos\tiktobs\.venv\Lib\site-packages\httpx\_client.py", line 1694, in _send_handling_redirects
    response = await self._send_single_request(request)
               ^^^^^^^^^^^^^^^^^^^^^^^^^^^^^^^^^^^^^^^^
  File "C:\Users\pacong2\Videos\tiktobs\.venv\Lib\site-packages\httpx\_client.py", line 1730, in _send_single_request
    response = await transport.handle_async_request(request)
               ^^^^^^^^^^^^^^^^^^^^^^^^^^^^^^^^^^^^^^^^^^^^^
  File "C:\Users\pacong2\Videos\tiktobs\.venv\Lib\site-packages\httpx\_transports\default.py", line 393, in handle_async_request
    with map_httpcore_exceptions():
         ^^^^^^^^^^^^^^^^^^^^^^^^^
  File "C:\Users\pacong2\AppData\Roaming\uv\python\cpython-3.12-windows-x86_64-none\Lib\contextlib.py", line 158, in __exit__
    self.gen.throw(value)
  File "C:\Users\pacong2\Videos\tiktobs\.venv\Lib\site-packages\httpx\_transports\default.py", line 118, in map_httpcore_exceptions
    raise mapped_exc(message) from exc
httpx.ConnectTimeout
2026-08-07 21:37:45,146 [INFO] app.main: WebSocket client disconnected. Total clients: 0
2026-08-07 21:37:45,153 [INFO] app.providers.live: Disconnected successfully.
2026-08-07 21:37:46,462 [WARNING] app.processor: No active session ID set. Ignoring incoming 'like' event.
2026-08-07 21:37:46,557 [WARNING] app.processor: No active session ID set. Ignoring incoming 'viewer' event.
2026-08-07 21:37:46,708 [WARNING] app.processor: No active session ID set. Ignoring incoming 'like' event.
2026-08-07 21:37:46,809 [WARNING] app.processor: No active session ID set. Ignoring incoming 'viewer' event.
2026-08-07 21:37:46,920 [WARNING] app.processor: No active session ID set. Ignoring incoming 'viewer' event.
2026-08-07 21:37:47,112 [WARNING] app.processor: No active session ID set. Ignoring incoming 'like' event.
2026-08-07 21:37:47,234 [WARNING] app.processor: No active session ID set. Ignoring incoming 'viewer' event.
2026-08-07 21:37:47,467 [WARNING] app.processor: No active session ID set. Ignoring incoming 'like' event.
2026-08-07 21:37:47,725 [WARNING] app.processor: No active session ID set. Ignoring incoming 'viewer' event.
2026-08-07 21:37:48,167 [WARNING] app.processor: No active session ID set. Ignoring incoming 'viewer' event.
2026-08-07 21:37:48,664 [WARNING] app.processor: No active session ID set. Ignoring incoming 'like' event.
2026-08-07 21:37:48,954 [WARNING] app.processor: No active session ID set. Ignoring incoming 'viewer' event.
2026-08-07 21:37:49,193 [WARNING] app.processor: No active session ID set. Ignoring incoming 'like' event.
2026-08-07 21:37:49,361 [WARNING] app.processor: No active session ID set. Ignoring incoming 'viewer' event.
2026-08-07 21:38:00,260 [INFO] app.main: Initializing database and application components...
2026-08-07 21:38:05,587 [INFO] app.main: WebSocket client connected. Total clients: 1
2026-08-07 21:38:13,541 [INFO] app.processor: EventProcessor active session updated to: c566a356
2026-08-07 21:38:13,582 [INFO] app.providers.live: Connecting to TikTok live for username: @aditgol_...
2026-08-07 21:38:14,716 [INFO] httpx: HTTP Request: GET https://www.tiktok.com/api-live/user/room/?aid=1988&app_language=en&app_name=tiktok_web&browser_language=en-BZ&browser_name=Mozilla&browser_online=true&browser_platform=MacIntel&browser_version=5.0%20%28Macintosh%3B%20Intel%20Mac%20OS%20X%2010_15_7%29%20AppleWebKit%2F537.36%20%28KHTML%2C%20like%20Gecko%29%20Chrome%2F129.0.0.0%20Safari%2F537.36%20Edg%2F147.0.3912.86&cookie_enabled=true&device_platform=web_pc&focus_state=true&from_page=&history_len=10&is_fullscreen=false&is_page_visible=true&screen_height=2880&screen_width=5120&tz_name=America/Belize&channel=tiktok_web&data_collection_enabled=true&os=mac&priority_region=BZ&region=BZ&user_is_login=false&webcast_language=en&msToken=&referer=https://www.tiktok.com/@aditgol_/live&root_referer=https://www.tiktok.com/@aditgol_/live&device_id=71536767520368035013&uniqueId=aditgol_&sourceType=54 "HTTP/1.1 200 OK"
2026-08-07 21:38:14,979 [INFO] httpx: HTTP Request: GET https://www.tiktok.com/@aditgol_/live? "HTTP/1.1 200 OK"
2026-08-07 21:38:15,335 [INFO] httpx: HTTP Request: GET https://webcast.tiktok.com/webcast/room/check_alive/?aid=1988&app_language=en&app_name=tiktok_web&browser_language=en-BZ&browser_name=Mozilla&browser_online=true&browser_platform=MacIntel&browser_version=5.0%20%28Macintosh%3B%20Intel%20Mac%20OS%20X%2010_15_7%29%20AppleWebKit%2F537.36%20%28KHTML%2C%20like%20Gecko%29%20Chrome%2F129.0.0.0%20Safari%2F537.36%20Edg%2F147.0.3912.86&cookie_enabled=true&device_platform=web_pc&focus_state=true&from_page=&history_len=10&is_fullscreen=false&is_page_visible=true&screen_height=2880&screen_width=5120&tz_name=America/Belize&channel=tiktok_web&data_collection_enabled=true&os=mac&priority_region=BZ&region=BZ&user_is_login=false&webcast_language=en&msToken=&referer=https://www.tiktok.com/@aditgol_/live&root_referer=https://www.tiktok.com/@aditgol_/live&device_id=92773621409281288940&room_id=7671251601508518676&room_ids=7671251601508518676 "HTTP/1.1 200 OK"
2026-08-07 21:38:17,774 [INFO] httpx: HTTP Request: GET https://api.eulerstream.com/webcast/fetch?client=ttlive-python&room_id=7671251601508518676&user_agent=Mozilla%2F5.0+%28Macintosh%3B+Intel+Mac+OS+X+10_15_7%29+AppleWebKit%2F537.36+%28KHTML%2C+like+Gecko%29+Chrome%2F129.0.0.0+Safari%2F537.36+Edg%2F147.0.3912.86&client_enter=true&platform=web&tt_target_idc=useast1a "HTTP/1.1 200 OK"
2026-08-07 21:38:18,128 [INFO] app.providers.live: Reconnecting to @aditgol_ in 2.0s...
2026-08-07 21:38:24,461 [INFO] app.providers.live: Successfully connected to room 7671251601508518676
2026-08-07 21:38:26,636 [INFO] app.providers.live: Connecting to TikTok live for username: @aditgol_...
2026-08-07 21:38:43,568 [ERROR] app.providers.live: Connection failed for @aditgol_
Traceback (most recent call last):
  File "C:\Users\pacong2\Videos\tiktobs\.venv\Lib\site-packages\httpx\_transports\default.py", line 101, in map_httpcore_exceptions
    yield
  File "C:\Users\pacong2\Videos\tiktobs\.venv\Lib\site-packages\httpx\_transports\default.py", line 394, in handle_async_request
    resp = await self._pool.handle_async_request(req)
           ^^^^^^^^^^^^^^^^^^^^^^^^^^^^^^^^^^^^^^^^^^
  File "C:\Users\pacong2\Videos\tiktobs\.venv\Lib\site-packages\httpcore\_async\connection_pool.py", line 256, in handle_async_request
    raise exc from None
  File "C:\Users\pacong2\Videos\tiktobs\.venv\Lib\site-packages\httpcore\_async\connection_pool.py", line 236, in handle_async_request
    response = await connection.handle_async_request(
               ^^^^^^^^^^^^^^^^^^^^^^^^^^^^^^^^^^^^^^
  File "C:\Users\pacong2\Videos\tiktobs\.venv\Lib\site-packages\httpcore\_async\connection.py", line 101, in handle_async_request
    raise exc
  File "C:\Users\pacong2\Videos\tiktobs\.venv\Lib\site-packages\httpcore\_async\connection.py", line 78, in handle_async_request
    stream = await self._connect(request)
             ^^^^^^^^^^^^^^^^^^^^^^^^^^^^
  File "C:\Users\pacong2\Videos\tiktobs\.venv\Lib\site-packages\httpcore\_async\connection.py", line 124, in _connect
    stream = await self._network_backend.connect_tcp(**kwargs)
             ^^^^^^^^^^^^^^^^^^^^^^^^^^^^^^^^^^^^^^^^^^^^^^^^^
  File "C:\Users\pacong2\Videos\tiktobs\.venv\Lib\site-packages\httpcore\_backends\auto.py", line 31, in connect_tcp
    return await self._backend.connect_tcp(
           ^^^^^^^^^^^^^^^^^^^^^^^^^^^^^^^^
  File "C:\Users\pacong2\Videos\tiktobs\.venv\Lib\site-packages\httpcore\_backends\anyio.py", line 113, in connect_tcp
    with map_exceptions(exc_map):
         ^^^^^^^^^^^^^^^^^^^^^^^
  File "C:\Users\pacong2\AppData\Roaming\uv\python\cpython-3.12-windows-x86_64-none\Lib\contextlib.py", line 158, in __exit__
    self.gen.throw(value)
  File "C:\Users\pacong2\Videos\tiktobs\.venv\Lib\site-packages\httpcore\_exceptions.py", line 14, in map_exceptions
    raise to_exc(exc) from exc
httpcore.ConnectTimeout

The above exception was the direct cause of the following exception:

Traceback (most recent call last):
  File "C:\Users\pacong2\Videos\tiktobs\app\providers\live.py", line 94, in _run_connection_loop
    is_live = await self.client.is_live()
              ^^^^^^^^^^^^^^^^^^^^^^^^^^^
  File "C:\Users\pacong2\Videos\tiktobs\.venv\Lib\site-packages\TikTokLive\client\client.py", line 594, in is_live
    return await self._web.fetch_is_live(unique_id=unique_id or self.unique_id)
           ^^^^^^^^^^^^^^^^^^^^^^^^^^^^^^^^^^^^^^^^^^^^^^^^^^^^^^^^^^^^^^^^^^^^
  File "C:\Users\pacong2\Videos\tiktobs\.venv\Lib\site-packages\TikTokLive\client\web\routes\fetch_is_live.py", line 67, in __call__
    return await self.fetch_is_live_unique_id(unique_id)
           ^^^^^^^^^^^^^^^^^^^^^^^^^^^^^^^^^^^^^^^^^^^^^
  File "C:\Users\pacong2\Videos\tiktobs\.venv\Lib\site-packages\TikTokLive\client\web\routes\fetch_is_live.py", line 97, in fetch_is_live_unique_id
    response_json: dict = await FetchRoomIdAPIRoute.fetch_user_room_data(
                          ^^^^^^^^^^^^^^^^^^^^^^^^^^^^^^^^^^^^^^^^^^^^^^^
  File "C:\Users\pacong2\Videos\tiktobs\.venv\Lib\site-packages\TikTokLive\client\web\routes\fetch_room_id_api.py", line 44, in fetch_user_room_data
    response: Response = await web.get(
                         ^^^^^^^^^^^^^^
  File "C:\Users\pacong2\Videos\tiktobs\.venv\Lib\site-packages\TikTokLive\client\web\web_base.py", line 319, in get
    return await self.request(
           ^^^^^^^^^^^^^^^^^^^
  File "C:\Users\pacong2\Videos\tiktobs\.venv\Lib\site-packages\TikTokLive\client\web\web_base.py", line 304, in request
    return await http_client.send(request)
           ^^^^^^^^^^^^^^^^^^^^^^^^^^^^^^^
  File "C:\Users\pacong2\Videos\tiktobs\.venv\Lib\site-packages\httpx\_client.py", line 1629, in send
    response = await self._send_handling_auth(
               ^^^^^^^^^^^^^^^^^^^^^^^^^^^^^^^
  File "C:\Users\pacong2\Videos\tiktobs\.venv\Lib\site-packages\httpx\_client.py", line 1657, in _send_handling_auth
    response = await self._send_handling_redirects(
               ^^^^^^^^^^^^^^^^^^^^^^^^^^^^^^^^^^^^
  File "C:\Users\pacong2\Videos\tiktobs\.venv\Lib\site-packages\httpx\_client.py", line 1694, in _send_handling_redirects
    response = await self._send_single_request(request)
               ^^^^^^^^^^^^^^^^^^^^^^^^^^^^^^^^^^^^^^^^
  File "C:\Users\pacong2\Videos\tiktobs\.venv\Lib\site-packages\httpx\_client.py", line 1730, in _send_single_request
    response = await transport.handle_async_request(request)
               ^^^^^^^^^^^^^^^^^^^^^^^^^^^^^^^^^^^^^^^^^^^^^
  File "C:\Users\pacong2\Videos\tiktobs\.venv\Lib\site-packages\httpx\_transports\default.py", line 393, in handle_async_request
    with map_httpcore_exceptions():
         ^^^^^^^^^^^^^^^^^^^^^^^^^
  File "C:\Users\pacong2\AppData\Roaming\uv\python\cpython-3.12-windows-x86_64-none\Lib\contextlib.py", line 158, in __exit__
    self.gen.throw(value)
  File "C:\Users\pacong2\Videos\tiktobs\.venv\Lib\site-packages\httpx\_transports\default.py", line 118, in map_httpcore_exceptions
    raise mapped_exc(message) from exc
httpx.ConnectTimeout
2026-08-07 21:38:49,263 [ERROR] app.database: Failed to insert event 87c5264231218a72142c349cedfa392c due to database error: database is locked
2026-08-07 21:38:49,265 [ERROR] app.database: Failed to insert event 6c9f72c22d88bd4b3de0dd78ad17077f due to database error: database is locked
2026-08-07 21:38:49,265 [ERROR] app.database: Failed to insert event 7fc00731e2c362a27cdce7c86e373929 due to database error: database is locked
2026-08-07 21:38:49,266 [ERROR] app.database: Failed to insert event 81c3140cbd89d48232a61e0d44e8f5e4 due to database error: database is locked
2026-08-07 21:38:49,268 [ERROR] app.database: Failed to insert event a99e9c7aa0234be28d86177505191eee due to database error: database is locked
2026-08-07 21:38:49,269 [ERROR] app.database: Failed to insert event ea58e805dbb8f35bdf6f82c847961dbb due to database error: database is locked
2026-08-07 21:38:49,440 [INFO] app.processor: EventProcessor active session updated to: None
2026-08-07 21:38:49,441 [INFO] app.providers.live: Reconnecting to @aditgol_ in 4.0s...
2026-08-07 21:38:50,463 [WARNING] app.processor: No active session ID set. Ignoring incoming 'viewer' event.
2026-08-07 21:38:50,574 [WARNING] app.processor: No active session ID set. Ignoring incoming 'like' event.
2026-08-07 21:38:51,992 [WARNING] app.processor: No active session ID set. Ignoring incoming 'gift' event.
2026-08-07 21:38:52,309 [WARNING] app.processor: No active session ID set. Ignoring incoming 'viewer' event.
2026-08-07 21:38:53,529 [WARNING] app.processor: No active session ID set. Ignoring incoming 'gift' event.
2026-08-07 21:38:53,530 [INFO] app.providers.live: Connecting to TikTok live for username: @aditgol_...
2026-08-07 21:38:53,753 [WARNING] app.processor: No active session ID set. Ignoring incoming 'comment' event.
2026-08-07 21:38:54,049 [INFO] httpx: HTTP Request: GET https://www.tiktok.com/api-live/user/room/?aid=1988&app_language=en&app_name=tiktok_web&browser_language=en-BZ&browser_name=Mozilla&browser_online=true&browser_platform=MacIntel&browser_version=5.0%20%28Macintosh%3B%20Intel%20Mac%20OS%20X%2010_15_7%29%20AppleWebKit%2F537.36%20%28KHTML%2C%20like%20Gecko%29%20Chrome%2F129.0.0.0%20Safari%2F537.36%20Edg%2F147.0.3912.86&cookie_enabled=true&device_platform=web_pc&focus_state=true&from_page=&history_len=10&is_fullscreen=false&is_page_visible=true&screen_height=2880&screen_width=5120&tz_name=America/Belize&channel=tiktok_web&data_collection_enabled=true&os=mac&priority_region=BZ&region=BZ&user_is_login=false&webcast_language=en&msToken=&referer=https://www.tiktok.com/@aditgol_/live&root_referer=https://www.tiktok.com/@aditgol_/live&device_id=84161932630160962862&uniqueId=aditgol_&sourceType=54 "HTTP/1.1 200 OK"
2026-08-07 21:38:54,282 [INFO] httpx: HTTP Request: GET https://www.tiktok.com/@aditgol_/live? "HTTP/1.1 200 OK"
2026-08-07 21:38:54,507 [INFO] httpx: HTTP Request: GET https://webcast.tiktok.com/webcast/room/check_alive/?aid=1988&app_language=en&app_name=tiktok_web&browser_language=en-BZ&browser_name=Mozilla&browser_online=true&browser_platform=MacIntel&browser_version=5.0%20%28Macintosh%3B%20Intel%20Mac%20OS%20X%2010_15_7%29%20AppleWebKit%2F537.36%20%28KHTML%2C%20like%20Gecko%29%20Chrome%2F129.0.0.0%20Safari%2F537.36%20Edg%2F147.0.3912.86&cookie_enabled=true&device_platform=web_pc&focus_state=true&from_page=&history_len=10&is_fullscreen=false&is_page_visible=true&screen_height=2880&screen_width=5120&tz_name=America/Belize&channel=tiktok_web&data_collection_enabled=true&os=mac&priority_region=BZ&region=BZ&user_is_login=false&webcast_language=en&msToken=&referer=https://www.tiktok.com/@aditgol_/live&root_referer=https://www.tiktok.com/@aditgol_/live&device_id=39176118975882458849&room_id=7671251601508518676&room_ids=7671251601508518676 "HTTP/1.1 200 OK"
2026-08-07 21:38:54,668 [WARNING] app.processor: No active session ID set. Ignoring incoming 'viewer' event.
2026-08-07 21:38:56,134 [INFO] app.processor: EventProcessor active session updated to: 827edd5c
2026-08-07 21:38:56,134 [INFO] app.providers.live: Already running or connecting. Stopping previous session first.
2026-08-07 21:38:56,135 [INFO] app.providers.live: Requesting disconnect...
2026-08-07 21:38:56,142 [INFO] app.providers.live: Disconnected successfully.
2026-08-07 21:38:56,200 [INFO] app.processor: EventProcessor active session updated to: None
2026-08-07 21:38:56,237 [INFO] app.providers.live: Connecting to TikTok live for username: @aditgol_...
2026-08-07 21:38:56,806 [WARNING] app.processor: No active session ID set. Ignoring incoming 'viewer' event.
2026-08-07 21:38:57,866 [WARNING] app.processor: No active session ID set. Ignoring incoming 'gift' event.
2026-08-07 21:38:59,332 [WARNING] app.processor: No active session ID set. Ignoring incoming 'gift' event.
2026-08-07 21:38:59,759 [WARNING] app.processor: No active session ID set. Ignoring incoming 'viewer' event.
2026-08-07 21:39:00,295 [INFO] httpx: HTTP Request: GET https://www.tiktok.com/api-live/user/room/?aid=1988&app_language=en&app_name=tiktok_web&browser_language=en-BZ&browser_name=Mozilla&browser_online=true&browser_platform=MacIntel&browser_version=5.0%20%28Macintosh%3B%20Intel%20Mac%20OS%20X%2010_15_7%29%20AppleWebKit%2F537.36%20%28KHTML%2C%20like%20Gecko%29%20Chrome%2F129.0.0.0%20Safari%2F537.36%20Edg%2F147.0.3912.86&cookie_enabled=true&device_platform=web_pc&focus_state=true&from_page=&history_len=10&is_fullscreen=false&is_page_visible=true&screen_height=2880&screen_width=5120&tz_name=America/Belize&channel=tiktok_web&data_collection_enabled=true&os=mac&priority_region=BZ&region=BZ&user_is_login=false&webcast_language=en&msToken=&referer=https://www.tiktok.com/@aditgol_/live&root_referer=https://www.tiktok.com/@aditgol_/live&device_id=38175297253368901839&uniqueId=aditgol_&sourceType=54 "HTTP/1.1 200 OK"
2026-08-07 21:39:00,806 [WARNING] app.processor: No active session ID set. Ignoring incoming 'viewer' event.
2026-08-07 21:39:01,620 [WARNING] app.processor: No active session ID set. Ignoring incoming 'gift' event.
2026-08-07 21:39:01,862 [WARNING] app.processor: No active session ID set. Ignoring incoming 'comment' event.
2026-08-07 21:39:01,867 [INFO] httpx: HTTP Request: GET https://www.tiktok.com/@aditgol_/live? "HTTP/1.1 200 OK"
2026-08-07 21:39:02,208 [WARNING] app.processor: No active session ID set. Ignoring incoming 'gift' event.
2026-08-07 21:39:02,410 [WARNING] app.processor: No active session ID set. Ignoring incoming 'viewer' event.
2026-08-07 21:39:02,567 [INFO] httpx: HTTP Request: GET https://webcast.tiktok.com/webcast/room/check_alive/?aid=1988&app_language=en&app_name=tiktok_web&browser_language=en-BZ&browser_name=Mozilla&browser_online=true&browser_platform=MacIntel&browser_version=5.0%20%28Macintosh%3B%20Intel%20Mac%20OS%20X%2010_15_7%29%20AppleWebKit%2F537.36%20%28KHTML%2C%20like%20Gecko%29%20Chrome%2F129.0.0.0%20Safari%2F537.36%20Edg%2F147.0.3912.86&cookie_enabled=true&device_platform=web_pc&focus_state=true&from_page=&history_len=10&is_fullscreen=false&is_page_visible=true&screen_height=2880&screen_width=5120&tz_name=America/Belize&channel=tiktok_web&data_collection_enabled=true&os=mac&priority_region=BZ&region=BZ&user_is_login=false&webcast_language=en&msToken=&referer=https://www.tiktok.com/@aditgol_/live&root_referer=https://www.tiktok.com/@aditgol_/live&device_id=94476509065184889035&room_id=7671251601508518676&room_ids=7671251601508518676 "HTTP/1.1 200 OK"
2026-08-07 21:39:03,808 [INFO] httpx: HTTP Request: GET https://api.eulerstream.com/webcast/fetch?client=ttlive-python&room_id=7671251601508518676&user_agent=Mozilla%2F5.0+%28Macintosh%3B+Intel+Mac+OS+X+10_15_7%29+AppleWebKit%2F537.36+%28KHTML%2C+like+Gecko%29+Chrome%2F129.0.0.0+Safari%2F537.36+Edg%2F147.0.3912.86&client_enter=true&platform=web&tt_target_idc=useast1a "HTTP/1.1 200 OK"
2026-08-07 21:39:04,542 [WARNING] app.processor: No active session ID set. Ignoring incoming 'viewer' event.
2026-08-07 21:39:04,647 [INFO] app.providers.live: Reconnecting to @aditgol_ in 2.0s...
2026-08-07 21:39:07,443 [WARNING] app.processor: No active session ID set. Ignoring incoming 'gift' event.
2026-08-07 21:39:07,648 [INFO] app.providers.live: Successfully connected to room 7671251601508518676
2026-08-07 21:39:07,800 [WARNING] app.processor: No active session ID set. Ignoring incoming 'comment' event.
2026-08-07 21:39:07,920 [WARNING] app.processor: No active session ID set. Ignoring incoming 'comment' event.
2026-08-07 21:39:08,049 [WARNING] app.processor: No active session ID set. Ignoring incoming 'comment' event.
2026-08-07 21:39:08,180 [WARNING] app.processor: No active session ID set. Ignoring incoming 'comment' event.
2026-08-07 21:39:08,283 [WARNING] app.processor: No active session ID set. Ignoring incoming 'comment' event.
2026-08-07 21:39:08,475 [WARNING] app.processor: No active session ID set. Ignoring incoming 'comment' event.
2026-08-07 21:39:08,836 [WARNING] app.processor: No active session ID set. Ignoring incoming 'viewer' event.
2026-08-07 21:39:08,866 [INFO] app.providers.live: Connecting to TikTok live for username: @aditgol_...
2026-08-07 21:39:11,184 [WARNING] app.processor: No active session ID set. Ignoring incoming 'viewer' event.
2026-08-07 21:39:12,673 [WARNING] app.processor: No active session ID set. Ignoring incoming 'gift' event.
2026-08-07 21:39:13,615 [WARNING] app.processor: No active session ID set. Ignoring incoming 'follow' event.
2026-08-07 21:39:14,218 [WARNING] app.processor: No active session ID set. Ignoring incoming 'comment' event.
2026-08-07 21:39:14,297 [WARNING] app.processor: No active session ID set. Ignoring incoming 'comment' event.
2026-08-07 21:39:14,403 [WARNING] app.processor: No active session ID set. Ignoring incoming 'comment' event.
2026-08-07 21:39:14,465 [WARNING] app.processor: No active session ID set. Ignoring incoming 'comment' event.
2026-08-07 21:39:14,547 [WARNING] app.processor: No active session ID set. Ignoring incoming 'comment' event.
2026-08-07 21:39:14,657 [WARNING] app.processor: No active session ID set. Ignoring incoming 'comment' event.
2026-08-07 21:39:14,907 [WARNING] app.processor: No active session ID set. Ignoring incoming 'viewer' event.
2026-08-07 21:39:15,699 [WARNING] app.processor: No active session ID set. Ignoring incoming 'gift' event.
2026-08-07 21:39:16,056 [WARNING] app.processor: No active session ID set. Ignoring incoming 'follow' event.
2026-08-07 21:39:16,611 [WARNING] app.processor: No active session ID set. Ignoring incoming 'gift' event.
2026-08-07 21:39:16,792 [WARNING] app.processor: No active session ID set. Ignoring incoming 'viewer' event.
2026-08-07 21:39:17,300 [WARNING] app.processor: No active session ID set. Ignoring incoming 'gift' event.
2026-08-07 21:39:17,362 [WARNING] app.processor: No active session ID set. Ignoring incoming 'comment' event.
2026-08-07 21:39:17,512 [WARNING] app.processor: No active session ID set. Ignoring incoming 'follow' event.
2026-08-07 21:39:17,684 [WARNING] app.processor: No active session ID set. Ignoring incoming 'viewer' event.
2026-08-07 21:39:18,479 [WARNING] app.processor: No active session ID set. Ignoring incoming 'gift' event.
2026-08-07 21:39:18,663 [WARNING] app.processor: No active session ID set. Ignoring incoming 'viewer' event.
2026-08-07 21:39:19,088 [WARNING] app.processor: No active session ID set. Ignoring incoming 'gift' event.
2026-08-07 21:39:19,230 [WARNING] app.processor: No active session ID set. Ignoring incoming 'follow' event.
2026-08-07 21:39:19,288 [WARNING] app.processor: No active session ID set. Ignoring incoming 'comment' event.
2026-08-07 21:39:19,464 [WARNING] app.processor: No active session ID set. Ignoring incoming 'viewer' event.
2026-08-07 21:39:19,813 [ERROR] app.providers.live: Connection failed for @aditgol_
Traceback (most recent call last):
  File "C:\Users\pacong2\Videos\tiktobs\.venv\Lib\site-packages\httpx\_transports\default.py", line 101, in map_httpcore_exceptions
    yield
  File "C:\Users\pacong2\Videos\tiktobs\.venv\Lib\site-packages\httpx\_transports\default.py", line 394, in handle_async_request
    resp = await self._pool.handle_async_request(req)
           ^^^^^^^^^^^^^^^^^^^^^^^^^^^^^^^^^^^^^^^^^^
  File "C:\Users\pacong2\Videos\tiktobs\.venv\Lib\site-packages\httpcore\_async\connection_pool.py", line 256, in handle_async_request
    raise exc from None
  File "C:\Users\pacong2\Videos\tiktobs\.venv\Lib\site-packages\httpcore\_async\connection_pool.py", line 236, in handle_async_request
    response = await connection.handle_async_request(
               ^^^^^^^^^^^^^^^^^^^^^^^^^^^^^^^^^^^^^^
  File "C:\Users\pacong2\Videos\tiktobs\.venv\Lib\site-packages\httpcore\_async\connection.py", line 101, in handle_async_request
    raise exc
  File "C:\Users\pacong2\Videos\tiktobs\.venv\Lib\site-packages\httpcore\_async\connection.py", line 78, in handle_async_request
    stream = await self._connect(request)
             ^^^^^^^^^^^^^^^^^^^^^^^^^^^^
  File "C:\Users\pacong2\Videos\tiktobs\.venv\Lib\site-packages\httpcore\_async\connection.py", line 124, in _connect
    stream = await self._network_backend.connect_tcp(**kwargs)
             ^^^^^^^^^^^^^^^^^^^^^^^^^^^^^^^^^^^^^^^^^^^^^^^^^
  File "C:\Users\pacong2\Videos\tiktobs\.venv\Lib\site-packages\httpcore\_backends\auto.py", line 31, in connect_tcp
    return await self._backend.connect_tcp(
           ^^^^^^^^^^^^^^^^^^^^^^^^^^^^^^^^
  File "C:\Users\pacong2\Videos\tiktobs\.venv\Lib\site-packages\httpcore\_backends\anyio.py", line 113, in connect_tcp
    with map_exceptions(exc_map):
         ^^^^^^^^^^^^^^^^^^^^^^^
  File "C:\Users\pacong2\AppData\Roaming\uv\python\cpython-3.12-windows-x86_64-none\Lib\contextlib.py", line 158, in __exit__
    self.gen.throw(value)
  File "C:\Users\pacong2\Videos\tiktobs\.venv\Lib\site-packages\httpcore\_exceptions.py", line 14, in map_exceptions
    raise to_exc(exc) from exc
httpcore.ConnectTimeout

The above exception was the direct cause of the following exception:

Traceback (most recent call last):
  File "C:\Users\pacong2\Videos\tiktobs\app\providers\live.py", line 94, in _run_connection_loop
    is_live = await self.client.is_live()
              ^^^^^^^^^^^^^^^^^^^^^^^^^^^
  File "C:\Users\pacong2\Videos\tiktobs\.venv\Lib\site-packages\TikTokLive\client\client.py", line 594, in is_live
    return await self._web.fetch_is_live(unique_id=unique_id or self.unique_id)
           ^^^^^^^^^^^^^^^^^^^^^^^^^^^^^^^^^^^^^^^^^^^^^^^^^^^^^^^^^^^^^^^^^^^^
  File "C:\Users\pacong2\Videos\tiktobs\.venv\Lib\site-packages\TikTokLive\client\web\routes\fetch_is_live.py", line 67, in __call__
    return await self.fetch_is_live_unique_id(unique_id)
           ^^^^^^^^^^^^^^^^^^^^^^^^^^^^^^^^^^^^^^^^^^^^^
  File "C:\Users\pacong2\Videos\tiktobs\.venv\Lib\site-packages\TikTokLive\client\web\routes\fetch_is_live.py", line 97, in fetch_is_live_unique_id
    response_json: dict = await FetchRoomIdAPIRoute.fetch_user_room_data(
                          ^^^^^^^^^^^^^^^^^^^^^^^^^^^^^^^^^^^^^^^^^^^^^^^
  File "C:\Users\pacong2\Videos\tiktobs\.venv\Lib\site-packages\TikTokLive\client\web\routes\fetch_room_id_api.py", line 44, in fetch_user_room_data
    response: Response = await web.get(
                         ^^^^^^^^^^^^^^
  File "C:\Users\pacong2\Videos\tiktobs\.venv\Lib\site-packages\TikTokLive\client\web\web_base.py", line 319, in get
    return await self.request(
           ^^^^^^^^^^^^^^^^^^^
  File "C:\Users\pacong2\Videos\tiktobs\.venv\Lib\site-packages\TikTokLive\client\web\web_base.py", line 304, in request
    return await http_client.send(request)
           ^^^^^^^^^^^^^^^^^^^^^^^^^^^^^^^
  File "C:\Users\pacong2\Videos\tiktobs\.venv\Lib\site-packages\httpx\_client.py", line 1629, in send
    response = await self._send_handling_auth(
               ^^^^^^^^^^^^^^^^^^^^^^^^^^^^^^^
  File "C:\Users\pacong2\Videos\tiktobs\.venv\Lib\site-packages\httpx\_client.py", line 1657, in _send_handling_auth
    response = await self._send_handling_redirects(
               ^^^^^^^^^^^^^^^^^^^^^^^^^^^^^^^^^^^^
  File "C:\Users\pacong2\Videos\tiktobs\.venv\Lib\site-packages\httpx\_client.py", line 1694, in _send_handling_redirects
    response = await self._send_single_request(request)
               ^^^^^^^^^^^^^^^^^^^^^^^^^^^^^^^^^^^^^^^^
  File "C:\Users\pacong2\Videos\tiktobs\.venv\Lib\site-packages\httpx\_client.py", line 1730, in _send_single_request
    response = await transport.handle_async_request(request)
               ^^^^^^^^^^^^^^^^^^^^^^^^^^^^^^^^^^^^^^^^^^^^^
  File "C:\Users\pacong2\Videos\tiktobs\.venv\Lib\site-packages\httpx\_transports\default.py", line 393, in handle_async_request
    with map_httpcore_exceptions():
         ^^^^^^^^^^^^^^^^^^^^^^^^^
  File "C:\Users\pacong2\AppData\Roaming\uv\python\cpython-3.12-windows-x86_64-none\Lib\contextlib.py", line 158, in __exit__
    self.gen.throw(value)
  File "C:\Users\pacong2\Videos\tiktobs\.venv\Lib\site-packages\httpx\_transports\default.py", line 118, in map_httpcore_exceptions
    raise mapped_exc(message) from exc
httpx.ConnectTimeout
2026-08-07 21:39:19,832 [INFO] app.providers.live: Reconnecting to @aditgol_ in 4.0s...
2026-08-07 21:39:20,013 [WARNING] app.processor: No active session ID set. Ignoring incoming 'viewer' event.
2026-08-07 21:39:20,703 [WARNING] app.processor: No active session ID set. Ignoring incoming 'gift' event.
2026-08-07 21:39:21,248 [WARNING] app.processor: No active session ID set. Ignoring incoming 'gift' event.
2026-08-07 21:39:21,458 [WARNING] app.processor: No active session ID set. Ignoring incoming 'viewer' event.
2026-08-07 21:39:21,523 [WARNING] app.processor: No active session ID set. Ignoring incoming 'comment' event.
2026-08-07 21:39:21,733 [WARNING] app.processor: No active session ID set. Ignoring incoming 'viewer' event.
2026-08-07 21:39:22,305 [WARNING] app.processor: No active session ID set. Ignoring incoming 'gift' event.
2026-08-07 21:39:22,708 [WARNING] app.processor: No active session ID set. Ignoring incoming 'viewer' event.
2026-08-07 21:39:23,340 [WARNING] app.processor: No active session ID set. Ignoring incoming 'gift' event.
2026-08-07 21:39:23,762 [WARNING] app.processor: No active session ID set. Ignoring incoming 'gift' event.
2026-08-07 21:39:23,968 [WARNING] app.processor: No active session ID set. Ignoring incoming 'viewer' event.
2026-08-07 21:39:24,046 [WARNING] app.processor: No active session ID set. Ignoring incoming 'comment' event.
2026-08-07 21:39:24,260 [WARNING] app.processor: No active session ID set. Ignoring incoming 'viewer' event.
2026-08-07 21:39:24,807 [WARNING] app.processor: No active session ID set. Ignoring incoming 'gift' event.
2026-08-07 21:39:25,038 [INFO] app.providers.live: Connecting to TikTok live for username: @aditgol_...
2026-08-07 21:39:25,554 [WARNING] app.processor: No active session ID set. Ignoring incoming 'gift' event.
2026-08-07 21:39:25,702 [WARNING] app.processor: No active session ID set. Ignoring incoming 'viewer' event.
2026-08-07 21:39:25,928 [WARNING] app.processor: No active session ID set. Ignoring incoming 'viewer' event.
2026-08-07 21:39:26,566 [WARNING] app.processor: No active session ID set. Ignoring incoming 'gift' event.
2026-08-07 21:39:26,731 [WARNING] app.processor: No active session ID set. Ignoring incoming 'viewer' event.
2026-08-07 21:39:26,991 [WARNING] app.processor: No active session ID set. Ignoring incoming 'gift' event.
2026-08-07 21:39:27,409 [WARNING] app.processor: No active session ID set. Ignoring incoming 'gift' event.
2026-08-07 21:39:27,536 [WARNING] app.processor: No active session ID set. Ignoring incoming 'viewer' event.
2026-08-07 21:39:27,655 [WARNING] app.processor: No active session ID set. Ignoring incoming 'viewer' event.
2026-08-07 21:39:27,948 [WARNING] app.processor: No active session ID set. Ignoring incoming 'gift' event.
2026-08-07 21:39:28,062 [WARNING] app.processor: No active session ID set. Ignoring incoming 'viewer' event.
2026-08-07 21:39:28,384 [WARNING] app.processor: No active session ID set. Ignoring incoming 'gift' event.
2026-08-07 21:39:28,479 [WARNING] app.processor: No active session ID set. Ignoring incoming 'viewer' event.
2026-08-07 21:39:28,566 [WARNING] app.processor: No active session ID set. Ignoring incoming 'viewer' event.
2026-08-07 21:39:28,766 [WARNING] app.processor: No active session ID set. Ignoring incoming 'viewer' event.
2026-08-07 21:39:29,189 [WARNING] app.processor: No active session ID set. Ignoring incoming 'gift' event.
2026-08-07 21:39:29,512 [WARNING] app.processor: No active session ID set. Ignoring incoming 'gift' event.
2026-08-07 21:39:29,643 [WARNING] app.processor: No active session ID set. Ignoring incoming 'viewer' event.
2026-08-07 21:39:29,981 [WARNING] app.processor: No active session ID set. Ignoring incoming 'gift' event.
2026-08-07 21:39:30,504 [WARNING] app.processor: No active session ID set. Ignoring incoming 'gift' event.
2026-08-07 21:39:30,654 [WARNING] app.processor: No active session ID set. Ignoring incoming 'viewer' event.
2026-08-07 21:39:30,767 [WARNING] app.processor: No active session ID set. Ignoring incoming 'viewer' event.
2026-08-07 21:39:30,849 [WARNING] app.processor: No active session ID set. Ignoring incoming 'comment' event.
2026-08-07 21:39:31,018 [INFO] httpx: HTTP Request: GET https://www.tiktok.com/api-live/user/room/?aid=1988&app_language=en&app_name=tiktok_web&browser_language=en-BZ&browser_name=Mozilla&browser_online=true&browser_platform=MacIntel&browser_version=5.0%20%28Macintosh%3B%20Intel%20Mac%20OS%20X%2010_15_7%29%20AppleWebKit%2F537.36%20%28KHTML%2C%20like%20Gecko%29%20Chrome%2F129.0.0.0%20Safari%2F537.36%20Edg%2F147.0.3912.86&cookie_enabled=true&device_platform=web_pc&focus_state=true&from_page=&history_len=10&is_fullscreen=false&is_page_visible=true&screen_height=2880&screen_width=5120&tz_name=America/Belize&channel=tiktok_web&data_collection_enabled=true&os=mac&priority_region=BZ&region=BZ&user_is_login=false&webcast_language=en&msToken=&referer=https://www.tiktok.com/@aditgol_/live&root_referer=https://www.tiktok.com/@aditgol_/live&device_id=53894396523309439723&uniqueId=aditgol_&sourceType=54 "HTTP/1.1 200 OK"
2026-08-07 21:39:31,259 [INFO] httpx: HTTP Request: GET https://www.tiktok.com/@aditgol_/live? "HTTP/1.1 200 OK"
2026-08-07 21:39:31,491 [INFO] httpx: HTTP Request: GET https://webcast.tiktok.com/webcast/room/check_alive/?aid=1988&app_language=en&app_name=tiktok_web&browser_language=en-BZ&browser_name=Mozilla&browser_online=true&browser_platform=MacIntel&browser_version=5.0%20%28Macintosh%3B%20Intel%20Mac%20OS%20X%2010_15_7%29%20AppleWebKit%2F537.36%20%28KHTML%2C%20like%20Gecko%29%20Chrome%2F129.0.0.0%20Safari%2F537.36%20Edg%2F147.0.3912.86&cookie_enabled=true&device_platform=web_pc&focus_state=true&from_page=&history_len=10&is_fullscreen=false&is_page_visible=true&screen_height=2880&screen_width=5120&tz_name=America/Belize&channel=tiktok_web&data_collection_enabled=true&os=mac&priority_region=BZ&region=BZ&user_is_login=false&webcast_language=en&msToken=&referer=https://www.tiktok.com/@aditgol_/live&root_referer=https://www.tiktok.com/@aditgol_/live&device_id=67001981779712465502&room_id=7671251601508518676&room_ids=7671251601508518676 "HTTP/1.1 200 OK"
2026-08-07 21:39:31,834 [WARNING] app.processor: No active session ID set. Ignoring incoming 'comment' event.
2026-08-07 21:39:32,822 [WARNING] app.processor: No active session ID set. Ignoring incoming 'viewer' event.
2026-08-07 21:39:33,236 [WARNING] app.processor: No active session ID set. Ignoring incoming 'gift' event.
2026-08-07 21:39:33,351 [WARNING] app.processor: No active session ID set. Ignoring incoming 'viewer' event.
2026-08-07 21:39:33,428 [WARNING] app.processor: No active session ID set. Ignoring incoming 'comment' event.
2026-08-07 21:39:33,836 [WARNING] app.processor: No active session ID set. Ignoring incoming 'gift' event.
2026-08-07 21:39:33,973 [INFO] httpx: HTTP Request: GET https://api.eulerstream.com/webcast/fetch?client=ttlive-python&room_id=7671251601508518676&user_agent=Mozilla%2F5.0+%28Macintosh%3B+Intel+Mac+OS+X+10_15_7%29+AppleWebKit%2F537.36+%28KHTML%2C+like+Gecko%29+Chrome%2F129.0.0.0+Safari%2F537.36+Edg%2F147.0.3912.86&client_enter=true&platform=web&tt_target_idc=useast1a "HTTP/1.1 200 OK"
2026-08-07 21:39:34,025 [INFO] app.providers.live: Reconnecting to @aditgol_ in 8.0s...
2026-08-07 21:39:34,401 [WARNING] app.processor: No active session ID set. Ignoring incoming 'gift' event.
2026-08-07 21:39:34,491 [WARNING] app.processor: No active session ID set. Ignoring incoming 'viewer' event.
2026-08-07 21:39:34,567 [INFO] app.providers.live: Successfully connected to room 7671251601508518676
2026-08-07 21:39:34,611 [WARNING] app.processor: No active session ID set. Ignoring incoming 'comment' event.
2026-08-07 21:39:34,692 [WARNING] app.processor: No active session ID set. Ignoring incoming 'comment' event.
2026-08-07 21:39:34,741 [WARNING] app.processor: No active session ID set. Ignoring incoming 'comment' event.
2026-08-07 21:39:34,775 [WARNING] app.processor: No active session ID set. Ignoring incoming 'comment' event.
2026-08-07 21:39:34,821 [WARNING] app.processor: No active session ID set. Ignoring incoming 'comment' event.
2026-08-07 21:39:34,899 [WARNING] app.processor: No active session ID set. Ignoring incoming 'comment' event.
2026-08-07 21:39:35,162 [WARNING] app.processor: No active session ID set. Ignoring incoming 'viewer' event.
2026-08-07 21:39:36,456 [WARNING] app.processor: No active session ID set. Ignoring incoming 'gift' event.
2026-08-07 21:39:36,879 [WARNING] app.processor: No active session ID set. Ignoring incoming 'comment' event.
2026-08-07 21:39:37,638 [WARNING] app.processor: No active session ID set. Ignoring incoming 'gift' event.
2026-08-07 21:39:38,137 [WARNING] app.processor: No active session ID set. Ignoring incoming 'viewer' event.
2026-08-07 21:39:39,939 [WARNING] app.processor: No active session ID set. Ignoring incoming 'viewer' event.
2026-08-07 21:39:41,738 [WARNING] app.processor: No active session ID set. Ignoring incoming 'gift' event.
2026-08-07 21:39:42,189 [WARNING] app.processor: No active session ID set. Ignoring incoming 'follow' event.
2026-08-07 21:39:42,519 [WARNING] app.processor: No active session ID set. Ignoring incoming 'comment' event.
2026-08-07 21:39:42,778 [WARNING] app.processor: No active session ID set. Ignoring incoming 'comment' event.
2026-08-07 21:39:42,984 [WARNING] app.processor: No active session ID set. Ignoring incoming 'comment' event.
2026-08-07 21:39:43,197 [WARNING] app.processor: No active session ID set. Ignoring incoming 'comment' event.
2026-08-07 21:39:43,726 [WARNING] app.processor: No active session ID set. Ignoring incoming 'comment' event.
2026-08-07 21:39:43,895 [WARNING] app.processor: No active session ID set. Ignoring incoming 'comment' event.
2026-08-07 21:39:44,422 [WARNING] app.processor: No active session ID set. Ignoring incoming 'gift' event.
2026-08-07 21:39:44,659 [WARNING] app.processor: No active session ID set. Ignoring incoming 'viewer' event.
2026-08-07 21:39:44,913 [WARNING] app.processor: No active session ID set. Ignoring incoming 'viewer' event.
2026-08-07 21:39:45,558 [WARNING] app.processor: No active session ID set. Ignoring incoming 'gift' event.
2026-08-07 21:39:45,733 [WARNING] app.processor: No active session ID set. Ignoring incoming 'follow' event.
2026-08-07 21:39:45,928 [WARNING] app.processor: No active session ID set. Ignoring incoming 'viewer' event.
2026-08-07 21:39:46,632 [WARNING] app.processor: No active session ID set. Ignoring incoming 'gift' event.
2026-08-07 21:39:46,639 [INFO] app.providers.live: Connecting to TikTok live for username: @aditgol_...
2026-08-07 21:39:48,544 [WARNING] app.processor: No active session ID set. Ignoring incoming 'viewer' event.
2026-08-07 21:39:49,129 [WARNING] app.processor: No active session ID set. Ignoring incoming 'gift' event.
2026-08-07 21:39:49,371 [WARNING] app.processor: No active session ID set. Ignoring incoming 'viewer' event.
2026-08-07 21:39:49,502 [WARNING] app.processor: No active session ID set. Ignoring incoming 'comment' event.
2026-08-07 21:39:50,260 [WARNING] app.processor: No active session ID set. Ignoring incoming 'gift' event.
2026-08-07 21:39:50,421 [WARNING] app.processor: No active session ID set. Ignoring incoming 'viewer' event.
2026-08-07 21:39:50,818 [WARNING] app.processor: No active session ID set. Ignoring incoming 'gift' event.
2026-08-07 21:39:53,336 [WARNING] app.processor: No active session ID set. Ignoring incoming 'like' event.
2026-08-07 21:39:53,525 [WARNING] app.processor: No active session ID set. Ignoring incoming 'viewer' event.
2026-08-07 21:39:53,732 [WARNING] app.processor: No active session ID set. Ignoring incoming 'viewer' event.
2026-08-07 21:39:54,377 [WARNING] app.processor: No active session ID set. Ignoring incoming 'gift' event.
2026-08-07 21:39:54,545 [WARNING] app.processor: No active session ID set. Ignoring incoming 'viewer' event.
2026-08-07 21:39:54,921 [WARNING] app.processor: No active session ID set. Ignoring incoming 'gift' event.
2026-08-07 21:39:55,082 [WARNING] app.processor: No active session ID set. Ignoring incoming 'viewer' event.
2026-08-07 21:39:55,178 [WARNING] app.processor: No active session ID set. Ignoring incoming 'comment' event.
2026-08-07 21:39:55,983 [WARNING] app.processor: No active session ID set. Ignoring incoming 'gift' event.
2026-08-07 21:39:56,203 [WARNING] app.processor: No active session ID set. Ignoring incoming 'viewer' event.
2026-08-07 21:39:56,613 [WARNING] app.processor: No active session ID set. Ignoring incoming 'gift' event.
2026-08-07 21:39:56,829 [WARNING] app.processor: No active session ID set. Ignoring incoming 'like' event.
2026-08-07 21:39:56,967 [WARNING] app.processor: No active session ID set. Ignoring incoming 'viewer' event.
2026-08-07 21:39:57,111 [WARNING] app.processor: No active session ID set. Ignoring incoming 'viewer' event.
2026-08-07 21:39:57,531 [WARNING] app.processor: No active session ID set. Ignoring incoming 'gift' event.
2026-08-07 21:39:57,654 [WARNING] app.processor: No active session ID set. Ignoring incoming 'follow' event.
2026-08-07 21:39:57,802 [WARNING] app.processor: No active session ID set. Ignoring incoming 'viewer' event.
2026-08-07 21:39:58,128 [WARNING] app.processor: No active session ID set. Ignoring incoming 'gift' event.
2026-08-07 21:39:58,235 [WARNING] app.processor: No active session ID set. Ignoring incoming 'viewer' event.
2026-08-07 21:39:58,306 [WARNING] app.processor: No active session ID set. Ignoring incoming 'comment' event.
2026-08-07 21:39:58,680 [WARNING] app.processor: No active session ID set. Ignoring incoming 'gift' event.
2026-08-07 21:39:58,789 [WARNING] app.processor: No active session ID set. Ignoring incoming 'viewer' event.
2026-08-07 21:39:59,003 [WARNING] app.processor: No active session ID set. Ignoring incoming 'gift' event.
2026-08-07 21:39:59,114 [WARNING] app.processor: No active session ID set. Ignoring incoming 'like' event.
2026-08-07 21:39:59,223 [WARNING] app.processor: No active session ID set. Ignoring incoming 'viewer' event.
2026-08-07 21:39:59,826 [WARNING] app.processor: No active session ID set. Ignoring incoming 'viewer' event.
2026-08-07 21:40:00,752 [WARNING] app.processor: No active session ID set. Ignoring incoming 'gift' event.
2026-08-07 21:40:01,165 [WARNING] app.processor: No active session ID set. Ignoring incoming 'gift' event.
2026-08-07 21:40:01,276 [WARNING] app.processor: No active session ID set. Ignoring incoming 'viewer' event.
2026-08-07 21:40:01,308 [WARNING] app.processor: No active session ID set. Ignoring incoming 'comment' event.
2026-08-07 21:40:01,379 [WARNING] app.processor: No active session ID set. Ignoring incoming 'comment' event.
2026-08-07 21:40:01,458 [WARNING] app.processor: No active session ID set. Ignoring incoming 'follow' event.
2026-08-07 21:40:01,564 [WARNING] app.processor: No active session ID set. Ignoring incoming 'viewer' event.
2026-08-07 21:40:01,952 [WARNING] app.processor: No active session ID set. Ignoring incoming 'gift' event.
2026-08-07 21:40:02,038 [WARNING] app.processor: No active session ID set. Ignoring incoming 'comment' event.
2026-08-07 21:40:02,168 [WARNING] app.processor: No active session ID set. Ignoring incoming 'viewer' event.
2026-08-07 21:40:02,378 [WARNING] app.processor: No active session ID set. Ignoring incoming 'gift' event.
2026-08-07 21:40:02,473 [WARNING] app.processor: No active session ID set. Ignoring incoming 'viewer' event.
2026-08-07 21:40:02,568 [WARNING] app.processor: No active session ID set. Ignoring incoming 'like' event.
2026-08-07 21:40:02,879 [WARNING] app.processor: No active session ID set. Ignoring incoming 'gift' event.
2026-08-07 21:40:02,988 [WARNING] app.processor: No active session ID set. Ignoring incoming 'viewer' event.
2026-08-07 21:40:03,688 [WARNING] app.processor: No active session ID set. Ignoring incoming 'gift' event.
2026-08-07 21:40:03,798 [WARNING] app.processor: No active session ID set. Ignoring incoming 'viewer' event.
2026-08-07 21:40:03,830 [WARNING] app.processor: No active session ID set. Ignoring incoming 'comment' event.
2026-08-07 21:40:03,901 [WARNING] app.processor: No active session ID set. Ignoring incoming 'comment' event.
2026-08-07 21:40:03,988 [WARNING] app.processor: No active session ID set. Ignoring incoming 'follow' event.
2026-08-07 21:40:04,103 [WARNING] app.processor: No active session ID set. Ignoring incoming 'viewer' event.
2026-08-07 21:40:04,446 [WARNING] app.processor: No active session ID set. Ignoring incoming 'gift' event.
2026-08-07 21:40:04,523 [WARNING] app.processor: No active session ID set. Ignoring incoming 'comment' event.
2026-08-07 21:40:04,622 [WARNING] app.processor: No active session ID set. Ignoring incoming 'viewer' event.
2026-08-07 21:40:04,838 [WARNING] app.processor: No active session ID set. Ignoring incoming 'gift' event.
2026-08-07 21:40:04,946 [WARNING] app.processor: No active session ID set. Ignoring incoming 'viewer' event.
2026-08-07 21:40:05,040 [WARNING] app.processor: No active session ID set. Ignoring incoming 'like' event.
2026-08-07 21:40:07,002 [WARNING] app.processor: No active session ID set. Ignoring incoming 'gift' event.
2026-08-07 21:40:07,472 [WARNING] app.processor: No active session ID set. Ignoring incoming 'viewer' event.
2026-08-07 21:40:08,416 [WARNING] app.processor: No active session ID set. Ignoring incoming 'gift' event.
2026-08-07 21:40:09,047 [WARNING] app.processor: No active session ID set. Ignoring incoming 'viewer' event.
2026-08-07 21:40:09,217 [WARNING] app.processor: No active session ID set. Ignoring incoming 'comment' event.
2026-08-07 21:40:09,499 [WARNING] app.processor: No active session ID set. Ignoring incoming 'comment' event.
2026-08-07 21:40:09,882 [WARNING] app.processor: No active session ID set. Ignoring incoming 'follow' event.
2026-08-07 21:40:10,420 [WARNING] app.processor: No active session ID set. Ignoring incoming 'viewer' event.
2026-08-07 21:40:11,102 [WARNING] app.processor: No active session ID set. Ignoring incoming 'gift' event.
2026-08-07 21:40:11,175 [WARNING] app.processor: No active session ID set. Ignoring incoming 'comment' event.
2026-08-07 21:40:11,313 [WARNING] app.processor: No active session ID set. Ignoring incoming 'viewer' event.
2026-08-07 21:40:11,522 [WARNING] app.processor: No active session ID set. Ignoring incoming 'gift' event.
2026-08-07 21:40:11,621 [WARNING] app.processor: No active session ID set. Ignoring incoming 'viewer' event.
2026-08-07 21:40:11,730 [WARNING] app.processor: No active session ID set. Ignoring incoming 'like' event.
2026-08-07 21:40:12,022 [WARNING] app.processor: No active session ID set. Ignoring incoming 'gift' event.
2026-08-07 21:40:12,121 [WARNING] app.processor: No active session ID set. Ignoring incoming 'viewer' event.
2026-08-07 21:40:12,126 [ERROR] app.providers.live: Connection failed for @aditgol_
Traceback (most recent call last):
  File "C:\Users\pacong2\Videos\tiktobs\.venv\Lib\site-packages\httpx\_transports\default.py", line 101, in map_httpcore_exceptions
    yield
  File "C:\Users\pacong2\Videos\tiktobs\.venv\Lib\site-packages\httpx\_transports\default.py", line 394, in handle_async_request
    resp = await self._pool.handle_async_request(req)
           ^^^^^^^^^^^^^^^^^^^^^^^^^^^^^^^^^^^^^^^^^^
  File "C:\Users\pacong2\Videos\tiktobs\.venv\Lib\site-packages\httpcore\_async\connection_pool.py", line 256, in handle_async_request
    raise exc from None
  File "C:\Users\pacong2\Videos\tiktobs\.venv\Lib\site-packages\httpcore\_async\connection_pool.py", line 236, in handle_async_request
    response = await connection.handle_async_request(
               ^^^^^^^^^^^^^^^^^^^^^^^^^^^^^^^^^^^^^^
  File "C:\Users\pacong2\Videos\tiktobs\.venv\Lib\site-packages\httpcore\_async\connection.py", line 101, in handle_async_request
    raise exc
  File "C:\Users\pacong2\Videos\tiktobs\.venv\Lib\site-packages\httpcore\_async\connection.py", line 78, in handle_async_request
    stream = await self._connect(request)
             ^^^^^^^^^^^^^^^^^^^^^^^^^^^^
  File "C:\Users\pacong2\Videos\tiktobs\.venv\Lib\site-packages\httpcore\_async\connection.py", line 124, in _connect
    stream = await self._network_backend.connect_tcp(**kwargs)
             ^^^^^^^^^^^^^^^^^^^^^^^^^^^^^^^^^^^^^^^^^^^^^^^^^
  File "C:\Users\pacong2\Videos\tiktobs\.venv\Lib\site-packages\httpcore\_backends\auto.py", line 31, in connect_tcp
    return await self._backend.connect_tcp(
           ^^^^^^^^^^^^^^^^^^^^^^^^^^^^^^^^
  File "C:\Users\pacong2\Videos\tiktobs\.venv\Lib\site-packages\httpcore\_backends\anyio.py", line 113, in connect_tcp
    with map_exceptions(exc_map):
         ^^^^^^^^^^^^^^^^^^^^^^^
  File "C:\Users\pacong2\AppData\Roaming\uv\python\cpython-3.12-windows-x86_64-none\Lib\contextlib.py", line 158, in __exit__
    self.gen.throw(value)
  File "C:\Users\pacong2\Videos\tiktobs\.venv\Lib\site-packages\httpcore\_exceptions.py", line 14, in map_exceptions
    raise to_exc(exc) from exc
httpcore.ConnectTimeout

The above exception was the direct cause of the following exception:

Traceback (most recent call last):
  File "C:\Users\pacong2\Videos\tiktobs\app\providers\live.py", line 94, in _run_connection_loop
    is_live = await self.client.is_live()
              ^^^^^^^^^^^^^^^^^^^^^^^^^^^
  File "C:\Users\pacong2\Videos\tiktobs\.venv\Lib\site-packages\TikTokLive\client\client.py", line 594, in is_live
    return await self._web.fetch_is_live(unique_id=unique_id or self.unique_id)
           ^^^^^^^^^^^^^^^^^^^^^^^^^^^^^^^^^^^^^^^^^^^^^^^^^^^^^^^^^^^^^^^^^^^^
  File "C:\Users\pacong2\Videos\tiktobs\.venv\Lib\site-packages\TikTokLive\client\web\routes\fetch_is_live.py", line 67, in __call__
    return await self.fetch_is_live_unique_id(unique_id)
           ^^^^^^^^^^^^^^^^^^^^^^^^^^^^^^^^^^^^^^^^^^^^^
  File "C:\Users\pacong2\Videos\tiktobs\.venv\Lib\site-packages\TikTokLive\client\web\routes\fetch_is_live.py", line 97, in fetch_is_live_unique_id
    response_json: dict = await FetchRoomIdAPIRoute.fetch_user_room_data(
                          ^^^^^^^^^^^^^^^^^^^^^^^^^^^^^^^^^^^^^^^^^^^^^^^
  File "C:\Users\pacong2\Videos\tiktobs\.venv\Lib\site-packages\TikTokLive\client\web\routes\fetch_room_id_api.py", line 44, in fetch_user_room_data
    response: Response = await web.get(
                         ^^^^^^^^^^^^^^
  File "C:\Users\pacong2\Videos\tiktobs\.venv\Lib\site-packages\TikTokLive\client\web\web_base.py", line 319, in get
    return await self.request(
           ^^^^^^^^^^^^^^^^^^^
  File "C:\Users\pacong2\Videos\tiktobs\.venv\Lib\site-packages\TikTokLive\client\web\web_base.py", line 304, in request
    return await http_client.send(request)
           ^^^^^^^^^^^^^^^^^^^^^^^^^^^^^^^
  File "C:\Users\pacong2\Videos\tiktobs\.venv\Lib\site-packages\httpx\_client.py", line 1629, in send
    response = await self._send_handling_auth(
               ^^^^^^^^^^^^^^^^^^^^^^^^^^^^^^^
  File "C:\Users\pacong2\Videos\tiktobs\.venv\Lib\site-packages\httpx\_client.py", line 1657, in _send_handling_auth
    response = await self._send_handling_redirects(
               ^^^^^^^^^^^^^^^^^^^^^^^^^^^^^^^^^^^^
  File "C:\Users\pacong2\Videos\tiktobs\.venv\Lib\site-packages\httpx\_client.py", line 1694, in _send_handling_redirects
    response = await self._send_single_request(request)
               ^^^^^^^^^^^^^^^^^^^^^^^^^^^^^^^^^^^^^^^^
  File "C:\Users\pacong2\Videos\tiktobs\.venv\Lib\site-packages\httpx\_client.py", line 1730, in _send_single_request
    response = await transport.handle_async_request(request)
               ^^^^^^^^^^^^^^^^^^^^^^^^^^^^^^^^^^^^^^^^^^^^^
  File "C:\Users\pacong2\Videos\tiktobs\.venv\Lib\site-packages\httpx\_transports\default.py", line 393, in handle_async_request
    with map_httpcore_exceptions():
         ^^^^^^^^^^^^^^^^^^^^^^^^^
  File "C:\Users\pacong2\AppData\Roaming\uv\python\cpython-3.12-windows-x86_64-none\Lib\contextlib.py", line 158, in __exit__
    self.gen.throw(value)
  File "C:\Users\pacong2\Videos\tiktobs\.venv\Lib\site-packages\httpx\_transports\default.py", line 118, in map_httpcore_exceptions
    raise mapped_exc(message) from exc
httpx.ConnectTimeout
2026-08-07 21:40:12,144 [INFO] app.providers.live: Reconnecting to @aditgol_ in 16.0s...
2026-08-07 21:40:12,148 [INFO] app.main: WebSocket client disconnected. Total clients: 0
2026-08-07 21:40:13,307 [WARNING] app.processor: No active session ID set. Ignoring incoming 'gift' event.
2026-08-07 21:40:13,412 [WARNING] app.processor: No active session ID set. Ignoring incoming 'viewer' event.
2026-08-07 21:40:13,550 [WARNING] app.processor: No active session ID set. Ignoring incoming 'follow' event.
2026-08-07 21:40:13,658 [WARNING] app.processor: No active session ID set. Ignoring incoming 'viewer' event.
2026-08-07 21:40:13,963 [WARNING] app.processor: No active session ID set. Ignoring incoming 'gift' event.
2026-08-07 21:40:14,213 [WARNING] app.processor: No active session ID set. Ignoring incoming 'gift' event.
2026-08-07 21:40:14,334 [WARNING] app.processor: No active session ID set. Ignoring incoming 'viewer' event.
2026-08-07 21:40:14,404 [WARNING] app.processor: No active session ID set. Ignoring incoming 'comment' event.
2026-08-07 21:40:14,530 [WARNING] app.processor: No active session ID set. Ignoring incoming 'viewer' event.
2026-08-07 21:40:14,655 [WARNING] app.processor: No active session ID set. Ignoring incoming 'comment' event.
2026-08-07 21:40:15,128 [WARNING] app.processor: No active session ID set. Ignoring incoming 'gift' event.
2026-08-07 21:40:15,405 [WARNING] app.processor: No active session ID set. Ignoring incoming 'gift' event.
2026-08-07 21:40:15,505 [WARNING] app.processor: No active session ID set. Ignoring incoming 'like' event.
2026-08-07 21:40:15,603 [WARNING] app.processor: No active session ID set. Ignoring incoming 'viewer' event.
2026-08-07 21:40:16,005 [WARNING] app.processor: No active session ID set. Ignoring incoming 'gift' event.
2026-08-07 21:40:16,327 [WARNING] app.processor: No active session ID set. Ignoring incoming 'gift' event.
2026-08-07 21:40:16,473 [WARNING] app.processor: No active session ID set. Ignoring incoming 'viewer' event.
2026-08-07 21:40:16,686 [WARNING] app.processor: No active session ID set. Ignoring incoming 'follow' event.
2026-08-07 21:40:17,083 [WARNING] app.processor: No active session ID set. Ignoring incoming 'viewer' event.
2026-08-07 21:40:17,931 [WARNING] app.processor: No active session ID set. Ignoring incoming 'gift' event.
2026-08-07 21:40:18,255 [WARNING] app.processor: No active session ID set. Ignoring incoming 'gift' event.
2026-08-07 21:40:18,401 [WARNING] app.processor: No active session ID set. Ignoring incoming 'viewer' event.
2026-08-07 21:40:18,482 [WARNING] app.processor: No active session ID set. Ignoring incoming 'comment' event.
2026-08-07 21:40:18,621 [WARNING] app.processor: No active session ID set. Ignoring incoming 'viewer' event.
2026-08-07 21:40:18,738 [WARNING] app.processor: No active session ID set. Ignoring incoming 'comment' event.
2026-08-07 21:40:19,204 [WARNING] app.processor: No active session ID set. Ignoring incoming 'gift' event.
2026-08-07 21:40:19,543 [WARNING] app.processor: No active session ID set. Ignoring incoming 'gift' event.
2026-08-07 21:40:19,692 [WARNING] app.processor: No active session ID set. Ignoring incoming 'like' event.
2026-08-07 21:40:19,855 [WARNING] app.processor: No active session ID set. Ignoring incoming 'viewer' event.
2026-08-07 21:40:20,327 [WARNING] app.processor: No active session ID set. Ignoring incoming 'gift' event.
2026-08-07 21:40:20,644 [WARNING] app.processor: No active session ID set. Ignoring incoming 'gift' event.
2026-08-07 21:40:20,828 [WARNING] app.processor: No active session ID set. Ignoring incoming 'viewer' event.
2026-08-07 21:40:21,028 [WARNING] app.processor: No active session ID set. Ignoring incoming 'viewer' event.
2026-08-07 21:40:21,297 [WARNING] app.processor: No active session ID set. Ignoring incoming 'follow' event.
2026-08-07 21:40:21,986 [WARNING] app.processor: No active session ID set. Ignoring incoming 'gift' event.
2026-08-07 21:40:22,473 [WARNING] app.processor: No active session ID set. Ignoring incoming 'gift' event.
2026-08-07 21:40:22,808 [WARNING] app.processor: No active session ID set. Ignoring incoming 'viewer' event.
2026-08-07 21:40:22,985 [WARNING] app.processor: No active session ID set. Ignoring incoming 'comment' event.
2026-08-07 21:40:23,195 [WARNING] app.processor: No active session ID set. Ignoring incoming 'viewer' event.
2026-08-07 21:40:23,881 [WARNING] app.processor: No active session ID set. Ignoring incoming 'gift' event.
2026-08-07 21:40:24,011 [WARNING] app.processor: No active session ID set. Ignoring incoming 'comment' event.
2026-08-07 21:40:24,174 [WARNING] app.processor: No active session ID set. Ignoring incoming 'viewer' event.
2026-08-07 21:40:24,476 [WARNING] app.processor: No active session ID set. Ignoring incoming 'gift' event.
2026-08-07 21:40:24,600 [WARNING] app.processor: No active session ID set. Ignoring incoming 'like' event.
2026-08-07 21:40:24,748 [WARNING] app.processor: No active session ID set. Ignoring incoming 'viewer' event.
2026-08-07 21:40:41,471 [INFO] app.main: Initializing database and application components...
2026-08-07 21:40:43,550 [INFO] app.main: WebSocket client connected. Total clients: 1
2026-08-07 21:40:51,963 [INFO] app.main: WebSocket client disconnected. Total clients: 0
2026-08-07 21:40:53,938 [INFO] app.main: WebSocket client connected. Total clients: 1
2026-08-07 21:41:05,081 [INFO] app.processor: EventProcessor active session updated to: 39e30d7f
2026-08-07 21:41:05,110 [INFO] app.providers.live: Connecting to TikTok live for username: @aditgol_...
2026-08-07 21:41:06,173 [INFO] httpx: HTTP Request: GET https://www.tiktok.com/api-live/user/room/?aid=1988&app_language=en&app_name=tiktok_web&browser_language=en-NZ&browser_name=Mozilla&browser_online=true&browser_platform=MacIntel&browser_version=5.0%20%28Macintosh%3B%20Intel%20Mac%20OS%20X%2015_7_5%29%20AppleWebKit%2F605.1.15%20%28KHTML%2C%20like%20Gecko%29%20Version%2F26.0%20Safari%2F605.1.15&cookie_enabled=true&device_platform=web_pc&focus_state=true&from_page=&history_len=14&is_fullscreen=false&is_page_visible=true&screen_height=1440&screen_width=2560&tz_name=Pacific/Auckland&channel=tiktok_web&data_collection_enabled=true&os=mac&priority_region=NZ&region=NZ&user_is_login=false&webcast_language=en&msToken=&referer=https://www.tiktok.com/@aditgol_/live&root_referer=https://www.tiktok.com/@aditgol_/live&device_id=78056586291774056078&uniqueId=aditgol_&sourceType=54 "HTTP/1.1 200 OK"
2026-08-07 21:41:06,401 [INFO] httpx: HTTP Request: GET https://www.tiktok.com/@aditgol_/live? "HTTP/1.1 200 OK"
2026-08-07 21:41:06,610 [INFO] httpx: HTTP Request: GET https://webcast.tiktok.com/webcast/room/check_alive/?aid=1988&app_language=en&app_name=tiktok_web&browser_language=en-NZ&browser_name=Mozilla&browser_online=true&browser_platform=MacIntel&browser_version=5.0%20%28Macintosh%3B%20Intel%20Mac%20OS%20X%2015_7_5%29%20AppleWebKit%2F605.1.15%20%28KHTML%2C%20like%20Gecko%29%20Version%2F26.0%20Safari%2F605.1.15&cookie_enabled=true&device_platform=web_pc&focus_state=true&from_page=&history_len=14&is_fullscreen=false&is_page_visible=true&screen_height=1440&screen_width=2560&tz_name=Pacific/Auckland&channel=tiktok_web&data_collection_enabled=true&os=mac&priority_region=NZ&region=NZ&user_is_login=false&webcast_language=en&msToken=&referer=https://www.tiktok.com/@aditgol_/live&root_referer=https://www.tiktok.com/@aditgol_/live&device_id=73119317301050937994&room_id=7671251601508518676&room_ids=7671251601508518676 "HTTP/1.1 200 OK"
2026-08-07 21:41:09,017 [INFO] httpx: HTTP Request: GET https://api.eulerstream.com/webcast/fetch?client=ttlive-python&room_id=7671251601508518676&user_agent=Mozilla%2F5.0+%28Macintosh%3B+Intel+Mac+OS+X+15_7_5%29+AppleWebKit%2F605.1.15+%28KHTML%2C+like+Gecko%29+Version%2F26.0+Safari%2F605.1.15&client_enter=true&platform=web&tt_target_idc=useast1a "HTTP/1.1 200 OK"
2026-08-07 21:41:09,160 [INFO] app.providers.live: Reconnecting to @aditgol_ in 2.0s...
2026-08-07 21:41:17,295 [INFO] app.providers.live: Successfully connected to room 7671251601508518676
2026-08-07 21:41:20,184 [INFO] app.providers.live: Connecting to TikTok live for username: @aditgol_...
2026-08-07 21:41:37,520 [ERROR] app.providers.live: Connection failed for @aditgol_
Traceback (most recent call last):
  File "C:\Users\pacong2\Videos\tiktobs\.venv\Lib\site-packages\httpx\_transports\default.py", line 101, in map_httpcore_exceptions
    yield
  File "C:\Users\pacong2\Videos\tiktobs\.venv\Lib\site-packages\httpx\_transports\default.py", line 394, in handle_async_request
    resp = await self._pool.handle_async_request(req)
           ^^^^^^^^^^^^^^^^^^^^^^^^^^^^^^^^^^^^^^^^^^
  File "C:\Users\pacong2\Videos\tiktobs\.venv\Lib\site-packages\httpcore\_async\connection_pool.py", line 256, in handle_async_request
    raise exc from None
  File "C:\Users\pacong2\Videos\tiktobs\.venv\Lib\site-packages\httpcore\_async\connection_pool.py", line 236, in handle_async_request
    response = await connection.handle_async_request(
               ^^^^^^^^^^^^^^^^^^^^^^^^^^^^^^^^^^^^^^
  File "C:\Users\pacong2\Videos\tiktobs\.venv\Lib\site-packages\httpcore\_async\connection.py", line 101, in handle_async_request
    raise exc
  File "C:\Users\pacong2\Videos\tiktobs\.venv\Lib\site-packages\httpcore\_async\connection.py", line 78, in handle_async_request
    stream = await self._connect(request)
             ^^^^^^^^^^^^^^^^^^^^^^^^^^^^
  File "C:\Users\pacong2\Videos\tiktobs\.venv\Lib\site-packages\httpcore\_async\connection.py", line 124, in _connect
    stream = await self._network_backend.connect_tcp(**kwargs)
             ^^^^^^^^^^^^^^^^^^^^^^^^^^^^^^^^^^^^^^^^^^^^^^^^^
  File "C:\Users\pacong2\Videos\tiktobs\.venv\Lib\site-packages\httpcore\_backends\auto.py", line 31, in connect_tcp
    return await self._backend.connect_tcp(
           ^^^^^^^^^^^^^^^^^^^^^^^^^^^^^^^^
  File "C:\Users\pacong2\Videos\tiktobs\.venv\Lib\site-packages\httpcore\_backends\anyio.py", line 113, in connect_tcp
    with map_exceptions(exc_map):
         ^^^^^^^^^^^^^^^^^^^^^^^
  File "C:\Users\pacong2\AppData\Roaming\uv\python\cpython-3.12-windows-x86_64-none\Lib\contextlib.py", line 158, in __exit__
    self.gen.throw(value)
  File "C:\Users\pacong2\Videos\tiktobs\.venv\Lib\site-packages\httpcore\_exceptions.py", line 14, in map_exceptions
    raise to_exc(exc) from exc
httpcore.ConnectTimeout

The above exception was the direct cause of the following exception:

Traceback (most recent call last):
  File "C:\Users\pacong2\Videos\tiktobs\app\providers\live.py", line 94, in _run_connection_loop
    is_live = await self.client.is_live()
              ^^^^^^^^^^^^^^^^^^^^^^^^^^^
  File "C:\Users\pacong2\Videos\tiktobs\.venv\Lib\site-packages\TikTokLive\client\client.py", line 594, in is_live
    return await self._web.fetch_is_live(unique_id=unique_id or self.unique_id)
           ^^^^^^^^^^^^^^^^^^^^^^^^^^^^^^^^^^^^^^^^^^^^^^^^^^^^^^^^^^^^^^^^^^^^
  File "C:\Users\pacong2\Videos\tiktobs\.venv\Lib\site-packages\TikTokLive\client\web\routes\fetch_is_live.py", line 67, in __call__
    return await self.fetch_is_live_unique_id(unique_id)
           ^^^^^^^^^^^^^^^^^^^^^^^^^^^^^^^^^^^^^^^^^^^^^
  File "C:\Users\pacong2\Videos\tiktobs\.venv\Lib\site-packages\TikTokLive\client\web\routes\fetch_is_live.py", line 97, in fetch_is_live_unique_id
    response_json: dict = await FetchRoomIdAPIRoute.fetch_user_room_data(
                          ^^^^^^^^^^^^^^^^^^^^^^^^^^^^^^^^^^^^^^^^^^^^^^^
  File "C:\Users\pacong2\Videos\tiktobs\.venv\Lib\site-packages\TikTokLive\client\web\routes\fetch_room_id_api.py", line 44, in fetch_user_room_data
    response: Response = await web.get(
                         ^^^^^^^^^^^^^^
  File "C:\Users\pacong2\Videos\tiktobs\.venv\Lib\site-packages\TikTokLive\client\web\web_base.py", line 319, in get
    return await self.request(
           ^^^^^^^^^^^^^^^^^^^
  File "C:\Users\pacong2\Videos\tiktobs\.venv\Lib\site-packages\TikTokLive\client\web\web_base.py", line 304, in request
    return await http_client.send(request)
           ^^^^^^^^^^^^^^^^^^^^^^^^^^^^^^^
  File "C:\Users\pacong2\Videos\tiktobs\.venv\Lib\site-packages\httpx\_client.py", line 1629, in send
    response = await self._send_handling_auth(
               ^^^^^^^^^^^^^^^^^^^^^^^^^^^^^^^
  File "C:\Users\pacong2\Videos\tiktobs\.venv\Lib\site-packages\httpx\_client.py", line 1657, in _send_handling_auth
    response = await self._send_handling_redirects(
               ^^^^^^^^^^^^^^^^^^^^^^^^^^^^^^^^^^^^
  File "C:\Users\pacong2\Videos\tiktobs\.venv\Lib\site-packages\httpx\_client.py", line 1694, in _send_handling_redirects
    response = await self._send_single_request(request)
               ^^^^^^^^^^^^^^^^^^^^^^^^^^^^^^^^^^^^^^^^
  File "C:\Users\pacong2\Videos\tiktobs\.venv\Lib\site-packages\httpx\_client.py", line 1730, in _send_single_request
    response = await transport.handle_async_request(request)
               ^^^^^^^^^^^^^^^^^^^^^^^^^^^^^^^^^^^^^^^^^^^^^
  File "C:\Users\pacong2\Videos\tiktobs\.venv\Lib\site-packages\httpx\_transports\default.py", line 393, in handle_async_request
    with map_httpcore_exceptions():
         ^^^^^^^^^^^^^^^^^^^^^^^^^
  File "C:\Users\pacong2\AppData\Roaming\uv\python\cpython-3.12-windows-x86_64-none\Lib\contextlib.py", line 158, in __exit__
    self.gen.throw(value)
  File "C:\Users\pacong2\Videos\tiktobs\.venv\Lib\site-packages\httpx\_transports\default.py", line 118, in map_httpcore_exceptions
    raise mapped_exc(message) from exc
httpx.ConnectTimeout
2026-08-07 21:41:39,575 [INFO] app.processor: EventProcessor active session updated to: None
2026-08-07 21:41:39,576 [INFO] app.providers.live: Reconnecting to @aditgol_ in 4.0s...
2026-08-07 21:41:40,688 [WARNING] app.processor: No active session ID set. Ignoring incoming 'gift' event.
2026-08-07 21:41:40,982 [WARNING] app.processor: No active session ID set. Ignoring incoming 'viewer' event.
2026-08-07 21:41:41,357 [WARNING] app.processor: No active session ID set. Ignoring incoming 'gift' event.
2026-08-07 21:41:42,824 [WARNING] app.processor: No active session ID set. Ignoring incoming 'viewer' event.
2026-08-07 21:41:43,282 [WARNING] app.processor: No active session ID set. Ignoring incoming 'comment' event.
2026-08-07 21:41:43,624 [INFO] app.providers.live: Connecting to TikTok live for username: @aditgol_...
2026-08-07 21:41:44,594 [WARNING] app.processor: No active session ID set. Ignoring incoming 'gift' event.
2026-08-07 21:41:45,196 [WARNING] app.processor: No active session ID set. Ignoring incoming 'viewer' event.
2026-08-07 21:41:45,348 [WARNING] app.processor: No active session ID set. Ignoring incoming 'comment' event.
2026-08-07 21:41:45,370 [INFO] httpx: HTTP Request: GET https://www.tiktok.com/api-live/user/room/?aid=1988&app_language=en&app_name=tiktok_web&browser_language=en-NZ&browser_name=Mozilla&browser_online=true&browser_platform=MacIntel&browser_version=5.0%20%28Macintosh%3B%20Intel%20Mac%20OS%20X%2015_7_5%29%20AppleWebKit%2F605.1.15%20%28KHTML%2C%20like%20Gecko%29%20Version%2F26.0%20Safari%2F605.1.15&cookie_enabled=true&device_platform=web_pc&focus_state=true&from_page=&history_len=14&is_fullscreen=false&is_page_visible=true&screen_height=1440&screen_width=2560&tz_name=Pacific/Auckland&channel=tiktok_web&data_collection_enabled=true&os=mac&priority_region=NZ&region=NZ&user_is_login=false&webcast_language=en&msToken=&referer=https://www.tiktok.com/@aditgol_/live&root_referer=https://www.tiktok.com/@aditgol_/live&device_id=74873386293765910180&uniqueId=aditgol_&sourceType=54 "HTTP/1.1 200 OK"
2026-08-07 21:41:46,405 [WARNING] app.processor: No active session ID set. Ignoring incoming 'gift' event.
2026-08-07 21:41:46,583 [WARNING] app.processor: No active session ID set. Ignoring incoming 'comment' event.
2026-08-07 21:41:46,705 [INFO] httpx: HTTP Request: GET https://www.tiktok.com/@aditgol_/live? "HTTP/1.1 200 OK"
2026-08-07 21:41:47,386 [WARNING] app.processor: No active session ID set. Ignoring incoming 'viewer' event.
2026-08-07 21:41:47,588 [WARNING] app.processor: No active session ID set. Ignoring incoming 'comment' event.
2026-08-07 21:41:47,604 [INFO] app.processor: EventProcessor active session updated to: 344d16b3
2026-08-07 21:41:47,615 [INFO] app.providers.live: Already running or connecting. Stopping previous session first.
2026-08-07 21:41:47,618 [INFO] app.providers.live: Requesting disconnect...
2026-08-07 21:41:47,621 [ERROR] app.providers.live: Connection failed for @aditgol_
Traceback (most recent call last):
  File "C:\Users\pacong2\Videos\tiktobs\.venv\Lib\site-packages\TikTokLive\client\web\routes\fetch_is_live.py", line 58, in __call__
    return (await self.fetch_is_live_room_ids(room_id))[0]
            ^^^^^^^^^^^^^^^^^^^^^^^^^^^^^^^^^^^^^^^^^^
  File "C:\Users\pacong2\Videos\tiktobs\.venv\Lib\site-packages\TikTokLive\client\web\routes\fetch_is_live.py", line 78, in fetch_is_live_room_ids
    response: Response = await self._web.get(
                         ^^^^^^^^^^^^^^^^^^^^
  File "C:\Users\pacong2\Videos\tiktobs\.venv\Lib\site-packages\TikTokLive\client\web\web_base.py", line 319, in get
    return await self.request(
           ^^^^^^^^^^^^^^^^^^^
  File "C:\Users\pacong2\Videos\tiktobs\.venv\Lib\site-packages\TikTokLive\client\web\web_base.py", line 304, in request
    return await http_client.send(request)
           ^^^^^^^^^^^^^^^^^^^^^^^^^^^^^^^
  File "C:\Users\pacong2\Videos\tiktobs\.venv\Lib\site-packages\httpx\_client.py", line 1629, in send
    response = await self._send_handling_auth(
               ^^^^^^^^^^^^^^^^^^^^^^^^^^^^^^^
  File "C:\Users\pacong2\Videos\tiktobs\.venv\Lib\site-packages\httpx\_client.py", line 1657, in _send_handling_auth
    response = await self._send_handling_redirects(
               ^^^^^^^^^^^^^^^^^^^^^^^^^^^^^^^^^^^^
  File "C:\Users\pacong2\Videos\tiktobs\.venv\Lib\site-packages\httpx\_client.py", line 1694, in _send_handling_redirects
    response = await self._send_single_request(request)
               ^^^^^^^^^^^^^^^^^^^^^^^^^^^^^^^^^^^^^^^^
  File "C:\Users\pacong2\Videos\tiktobs\.venv\Lib\site-packages\httpx\_client.py", line 1730, in _send_single_request
    response = await transport.handle_async_request(request)
               ^^^^^^^^^^^^^^^^^^^^^^^^^^^^^^^^^^^^^^^^^^^^^
  File "C:\Users\pacong2\Videos\tiktobs\.venv\Lib\site-packages\httpx\_transports\default.py", line 394, in handle_async_request
    resp = await self._pool.handle_async_request(req)
           ^^^^^^^^^^^^^^^^^^^^^^^^^^^^^^^^^^^^^^^^^^
  File "C:\Users\pacong2\Videos\tiktobs\.venv\Lib\site-packages\httpcore\_async\connection_pool.py", line 256, in handle_async_request
    raise exc from None
  File "C:\Users\pacong2\Videos\tiktobs\.venv\Lib\site-packages\httpcore\_async\connection_pool.py", line 236, in handle_async_request
    response = await connection.handle_async_request(
               ^^^^^^^^^^^^^^^^^^^^^^^^^^^^^^^^^^^^^^
  File "C:\Users\pacong2\Videos\tiktobs\.venv\Lib\site-packages\httpcore\_async\connection.py", line 101, in handle_async_request
    raise exc
  File "C:\Users\pacong2\Videos\tiktobs\.venv\Lib\site-packages\httpcore\_async\connection.py", line 78, in handle_async_request
    stream = await self._connect(request)
             ^^^^^^^^^^^^^^^^^^^^^^^^^^^^
  File "C:\Users\pacong2\Videos\tiktobs\.venv\Lib\site-packages\httpcore\_async\connection.py", line 156, in _connect
    stream = await stream.start_tls(**kwargs)
             ^^^^^^^^^^^^^^^^^^^^^^^^^^^^^^^^
  File "C:\Users\pacong2\Videos\tiktobs\.venv\Lib\site-packages\httpcore\_backends\anyio.py", line 70, in start_tls
    ssl_stream = await anyio.streams.tls.TLSStream.wrap(
                 ^^^^^^^^^^^^^^^^^^^^^^^^^^^^^^^^^^^^^^^
  File "C:\Users\pacong2\Videos\tiktobs\.venv\Lib\site-packages\anyio\streams\tls.py", line 179, in wrap
    await wrapper._call_sslobject_method(ssl_object.do_handshake)
  File "C:\Users\pacong2\Videos\tiktobs\.venv\Lib\site-packages\anyio\streams\tls.py", line 194, in _call_sslobject_method
    data = await self.transport_stream.receive()
           ^^^^^^^^^^^^^^^^^^^^^^^^^^^^^^^^^^^^^
  File "C:\Users\pacong2\Videos\tiktobs\.venv\Lib\site-packages\anyio\_backends\_asyncio.py", line 1337, in receive
    await self._protocol.read_event.wait()
  File "C:\Users\pacong2\AppData\Roaming\uv\python\cpython-3.12-windows-x86_64-none\Lib\asyncio\locks.py", line 212, in wait
    await fut
asyncio.exceptions.CancelledError

During handling of the above exception, another exception occurred:

Traceback (most recent call last):
  File "C:\Users\pacong2\Videos\tiktobs\app\providers\live.py", line 101, in _run_connection_loop
    await self.client.start()
  File "C:\Users\pacong2\Videos\tiktobs\.venv\Lib\site-packages\TikTokLive\client\client.py", line 195, in start
    if fetch_live_check and not await self._web.fetch_is_live(room_id=self._room_id):
                                ^^^^^^^^^^^^^^^^^^^^^^^^^^^^^^^^^^^^^^^^^^^^^^^^^^^^
  File "C:\Users\pacong2\Videos\tiktobs\.venv\Lib\site-packages\TikTokLive\client\web\routes\fetch_is_live.py", line 60, in __call__
    raise MissingRoomIdInResponse(
TikTokLive.client.web.routes.fetch_is_live.MissingRoomIdInResponse: TikTokLive v6.6.6 -> Room ID 7671251601508518676 did not return any entries. This may be due to a nonexistent Room ID or being detected by TikTok.
2026-08-07 21:41:47,778 [INFO] app.processor: EventProcessor active session updated to: None
2026-08-07 21:41:47,804 [INFO] app.providers.live: Disconnected successfully.
2026-08-07 21:41:47,818 [INFO] app.providers.live: Connecting to TikTok live for username: @aditgol_...
2026-08-07 21:41:48,259 [INFO] httpx: HTTP Request: GET https://www.tiktok.com/api-live/user/room/?aid=1988&app_language=en&app_name=tiktok_web&browser_language=en-NZ&browser_name=Mozilla&browser_online=true&browser_platform=MacIntel&browser_version=5.0%20%28Macintosh%3B%20Intel%20Mac%20OS%20X%2015_7_5%29%20AppleWebKit%2F605.1.15%20%28KHTML%2C%20like%20Gecko%29%20Version%2F26.0%20Safari%2F605.1.15&cookie_enabled=true&device_platform=web_pc&focus_state=true&from_page=&history_len=14&is_fullscreen=false&is_page_visible=true&screen_height=1440&screen_width=2560&tz_name=Pacific/Auckland&channel=tiktok_web&data_collection_enabled=true&os=mac&priority_region=NZ&region=NZ&user_is_login=false&webcast_language=en&msToken=&referer=https://www.tiktok.com/@aditgol_/live&root_referer=https://www.tiktok.com/@aditgol_/live&device_id=24430381791296720546&uniqueId=aditgol_&sourceType=54 "HTTP/1.1 200 OK"
2026-08-07 21:41:48,559 [INFO] httpx: HTTP Request: GET https://www.tiktok.com/@aditgol_/live? "HTTP/1.1 200 OK"
2026-08-07 21:41:48,790 [INFO] httpx: HTTP Request: GET https://webcast.tiktok.com/webcast/room/check_alive/?aid=1988&app_language=en&app_name=tiktok_web&browser_language=en-NZ&browser_name=Mozilla&browser_online=true&browser_platform=MacIntel&browser_version=5.0%20%28Macintosh%3B%20Intel%20Mac%20OS%20X%2015_7_5%29%20AppleWebKit%2F605.1.15%20%28KHTML%2C%20like%20Gecko%29%20Version%2F26.0%20Safari%2F605.1.15&cookie_enabled=true&device_platform=web_pc&focus_state=true&from_page=&history_len=14&is_fullscreen=false&is_page_visible=true&screen_height=1440&screen_width=2560&tz_name=Pacific/Auckland&channel=tiktok_web&data_collection_enabled=true&os=mac&priority_region=NZ&region=NZ&user_is_login=false&webcast_language=en&msToken=&referer=https://www.tiktok.com/@aditgol_/live&root_referer=https://www.tiktok.com/@aditgol_/live&device_id=46727802883373442259&room_id=7671251601508518676&room_ids=7671251601508518676 "HTTP/1.1 200 OK"
2026-08-07 21:41:49,471 [WARNING] app.processor: No active session ID set. Ignoring incoming 'viewer' event.
2026-08-07 21:41:50,195 [WARNING] app.processor: No active session ID set. Ignoring incoming 'gift' event.
2026-08-07 21:41:50,635 [WARNING] app.processor: No active session ID set. Ignoring incoming 'gift' event.
2026-08-07 21:41:52,306 [WARNING] app.processor: No active session ID set. Ignoring incoming 'comment' event.
2026-08-07 21:41:52,714 [WARNING] app.processor: No active session ID set. Ignoring incoming 'viewer' event.
2026-08-07 21:41:54,339 [WARNING] app.processor: No active session ID set. Ignoring incoming 'gift' event.
2026-08-07 21:41:54,344 [INFO] httpx: HTTP Request: GET https://api.eulerstream.com/webcast/fetch?client=ttlive-python&room_id=7671251601508518676&user_agent=Mozilla%2F5.0+%28Macintosh%3B+Intel+Mac+OS+X+15_7_5%29+AppleWebKit%2F605.1.15+%28KHTML%2C+like+Gecko%29+Version%2F26.0+Safari%2F605.1.15&client_enter=true&platform=web&tt_target_idc=useast1a "HTTP/1.1 200 OK"
2026-08-07 21:41:54,461 [INFO] app.providers.live: Reconnecting to @aditgol_ in 2.0s...
2026-08-07 21:41:55,571 [WARNING] app.processor: No active session ID set. Ignoring incoming 'viewer' event.
2026-08-07 21:41:56,505 [WARNING] app.processor: No active session ID set. Ignoring incoming 'gift' event.
2026-08-07 21:41:56,550 [INFO] app.providers.live: Connecting to TikTok live for username: @aditgol_...
2026-08-07 21:41:58,387 [WARNING] app.processor: No active session ID set. Ignoring incoming 'viewer' event.
2026-08-07 21:41:59,049 [WARNING] app.processor: No active session ID set. Ignoring incoming 'like' event.
2026-08-07 21:41:59,258 [INFO] app.providers.live: Successfully connected to room 7671251601508518676
2026-08-07 21:41:59,415 [WARNING] app.processor: No active session ID set. Ignoring incoming 'comment' event.
2026-08-07 21:41:59,572 [WARNING] app.processor: No active session ID set. Ignoring incoming 'comment' event.
2026-08-07 21:41:59,679 [WARNING] app.processor: No active session ID set. Ignoring incoming 'comment' event.
2026-08-07 21:41:59,740 [WARNING] app.processor: No active session ID set. Ignoring incoming 'comment' event.
2026-08-07 21:41:59,805 [WARNING] app.processor: No active session ID set. Ignoring incoming 'comment' event.
2026-08-07 21:41:59,868 [WARNING] app.processor: No active session ID set. Ignoring incoming 'comment' event.
2026-08-07 21:42:00,119 [WARNING] app.processor: No active session ID set. Ignoring incoming 'viewer' event.
2026-08-07 21:42:00,998 [WARNING] app.processor: No active session ID set. Ignoring incoming 'follow' event.
2026-08-07 21:42:04,503 [WARNING] app.processor: No active session ID set. Ignoring incoming 'gift' event.
2026-08-07 21:42:04,883 [WARNING] app.processor: No active session ID set. Ignoring incoming 'viewer' event.
2026-08-07 21:42:05,681 [WARNING] app.processor: No active session ID set. Ignoring incoming 'gift' event.
2026-08-07 21:42:06,024 [WARNING] app.processor: No active session ID set. Ignoring incoming 'viewer' event.
2026-08-07 21:42:06,150 [WARNING] app.processor: No active session ID set. Ignoring incoming 'comment' event.
2026-08-07 21:42:06,270 [WARNING] app.processor: No active session ID set. Ignoring incoming 'comment' event.
2026-08-07 21:42:06,442 [WARNING] app.processor: No active session ID set. Ignoring incoming 'comment' event.
2026-08-07 21:42:06,647 [WARNING] app.processor: No active session ID set. Ignoring incoming 'comment' event.
2026-08-07 21:42:06,799 [WARNING] app.processor: No active session ID set. Ignoring incoming 'comment' event.
2026-08-07 21:42:06,940 [WARNING] app.processor: No active session ID set. Ignoring incoming 'comment' event.
2026-08-07 21:42:08,094 [WARNING] app.processor: No active session ID set. Ignoring incoming 'gift' event.
2026-08-07 21:42:08,942 [WARNING] app.processor: No active session ID set. Ignoring incoming 'viewer' event.
2026-08-07 21:42:09,715 [WARNING] app.processor: No active session ID set. Ignoring incoming 'gift' event.
2026-08-07 21:42:10,525 [WARNING] app.processor: No active session ID set. Ignoring incoming 'viewer' event.
2026-08-07 21:42:10,596 [ERROR] app.providers.live: Connection failed for @aditgol_
Traceback (most recent call last):
  File "C:\Users\pacong2\Videos\tiktobs\.venv\Lib\site-packages\httpx\_transports\default.py", line 101, in map_httpcore_exceptions
    yield
  File "C:\Users\pacong2\Videos\tiktobs\.venv\Lib\site-packages\httpx\_transports\default.py", line 394, in handle_async_request
    resp = await self._pool.handle_async_request(req)
           ^^^^^^^^^^^^^^^^^^^^^^^^^^^^^^^^^^^^^^^^^^
  File "C:\Users\pacong2\Videos\tiktobs\.venv\Lib\site-packages\httpcore\_async\connection_pool.py", line 256, in handle_async_request
    raise exc from None
  File "C:\Users\pacong2\Videos\tiktobs\.venv\Lib\site-packages\httpcore\_async\connection_pool.py", line 236, in handle_async_request
    response = await connection.handle_async_request(
               ^^^^^^^^^^^^^^^^^^^^^^^^^^^^^^^^^^^^^^
  File "C:\Users\pacong2\Videos\tiktobs\.venv\Lib\site-packages\httpcore\_async\connection.py", line 101, in handle_async_request
    raise exc
  File "C:\Users\pacong2\Videos\tiktobs\.venv\Lib\site-packages\httpcore\_async\connection.py", line 78, in handle_async_request
    stream = await self._connect(request)
             ^^^^^^^^^^^^^^^^^^^^^^^^^^^^
  File "C:\Users\pacong2\Videos\tiktobs\.venv\Lib\site-packages\httpcore\_async\connection.py", line 124, in _connect
    stream = await self._network_backend.connect_tcp(**kwargs)
             ^^^^^^^^^^^^^^^^^^^^^^^^^^^^^^^^^^^^^^^^^^^^^^^^^
  File "C:\Users\pacong2\Videos\tiktobs\.venv\Lib\site-packages\httpcore\_backends\auto.py", line 31, in connect_tcp
    return await self._backend.connect_tcp(
           ^^^^^^^^^^^^^^^^^^^^^^^^^^^^^^^^
  File "C:\Users\pacong2\Videos\tiktobs\.venv\Lib\site-packages\httpcore\_backends\anyio.py", line 113, in connect_tcp
    with map_exceptions(exc_map):
         ^^^^^^^^^^^^^^^^^^^^^^^
  File "C:\Users\pacong2\AppData\Roaming\uv\python\cpython-3.12-windows-x86_64-none\Lib\contextlib.py", line 158, in __exit__
    self.gen.throw(value)
  File "C:\Users\pacong2\Videos\tiktobs\.venv\Lib\site-packages\httpcore\_exceptions.py", line 14, in map_exceptions
    raise to_exc(exc) from exc
httpcore.ConnectTimeout

The above exception was the direct cause of the following exception:

Traceback (most recent call last):
  File "C:\Users\pacong2\Videos\tiktobs\app\providers\live.py", line 94, in _run_connection_loop
    is_live = await self.client.is_live()
              ^^^^^^^^^^^^^^^^^^^^^^^^^^^
  File "C:\Users\pacong2\Videos\tiktobs\.venv\Lib\site-packages\TikTokLive\client\client.py", line 594, in is_live
    return await self._web.fetch_is_live(unique_id=unique_id or self.unique_id)
           ^^^^^^^^^^^^^^^^^^^^^^^^^^^^^^^^^^^^^^^^^^^^^^^^^^^^^^^^^^^^^^^^^^^^
  File "C:\Users\pacong2\Videos\tiktobs\.venv\Lib\site-packages\TikTokLive\client\web\routes\fetch_is_live.py", line 67, in __call__
    return await self.fetch_is_live_unique_id(unique_id)
           ^^^^^^^^^^^^^^^^^^^^^^^^^^^^^^^^^^^^^^^^^^^^^
  File "C:\Users\pacong2\Videos\tiktobs\.venv\Lib\site-packages\TikTokLive\client\web\routes\fetch_is_live.py", line 97, in fetch_is_live_unique_id
    response_json: dict = await FetchRoomIdAPIRoute.fetch_user_room_data(
                          ^^^^^^^^^^^^^^^^^^^^^^^^^^^^^^^^^^^^^^^^^^^^^^^
  File "C:\Users\pacong2\Videos\tiktobs\.venv\Lib\site-packages\TikTokLive\client\web\routes\fetch_room_id_api.py", line 44, in fetch_user_room_data
    response: Response = await web.get(
                         ^^^^^^^^^^^^^^
  File "C:\Users\pacong2\Videos\tiktobs\.venv\Lib\site-packages\TikTokLive\client\web\web_base.py", line 319, in get
    return await self.request(
           ^^^^^^^^^^^^^^^^^^^
  File "C:\Users\pacong2\Videos\tiktobs\.venv\Lib\site-packages\TikTokLive\client\web\web_base.py", line 304, in request
    return await http_client.send(request)
           ^^^^^^^^^^^^^^^^^^^^^^^^^^^^^^^
  File "C:\Users\pacong2\Videos\tiktobs\.venv\Lib\site-packages\httpx\_client.py", line 1629, in send
    response = await self._send_handling_auth(
               ^^^^^^^^^^^^^^^^^^^^^^^^^^^^^^^
  File "C:\Users\pacong2\Videos\tiktobs\.venv\Lib\site-packages\httpx\_client.py", line 1657, in _send_handling_auth
    response = await self._send_handling_redirects(
               ^^^^^^^^^^^^^^^^^^^^^^^^^^^^^^^^^^^^
  File "C:\Users\pacong2\Videos\tiktobs\.venv\Lib\site-packages\httpx\_client.py", line 1694, in _send_handling_redirects
    response = await self._send_single_request(request)
               ^^^^^^^^^^^^^^^^^^^^^^^^^^^^^^^^^^^^^^^^
  File "C:\Users\pacong2\Videos\tiktobs\.venv\Lib\site-packages\httpx\_client.py", line 1730, in _send_single_request
    response = await transport.handle_async_request(request)
               ^^^^^^^^^^^^^^^^^^^^^^^^^^^^^^^^^^^^^^^^^^^^^
  File "C:\Users\pacong2\Videos\tiktobs\.venv\Lib\site-packages\httpx\_transports\default.py", line 393, in handle_async_request
    with map_httpcore_exceptions():
         ^^^^^^^^^^^^^^^^^^^^^^^^^
  File "C:\Users\pacong2\AppData\Roaming\uv\python\cpython-3.12-windows-x86_64-none\Lib\contextlib.py", line 158, in __exit__
    self.gen.throw(value)
  File "C:\Users\pacong2\Videos\tiktobs\.venv\Lib\site-packages\httpx\_transports\default.py", line 118, in map_httpcore_exceptions
    raise mapped_exc(message) from exc
httpx.ConnectTimeout
2026-08-07 21:42:10,732 [INFO] app.providers.live: Reconnecting to @aditgol_ in 4.0s...
2026-08-07 21:42:11,698 [WARNING] app.processor: No active session ID set. Ignoring incoming 'comment' event.
2026-08-07 21:42:11,823 [WARNING] app.processor: No active session ID set. Ignoring incoming 'viewer' event.
2026-08-07 21:42:12,181 [WARNING] app.processor: No active session ID set. Ignoring incoming 'gift' event.
2026-08-07 21:42:12,536 [WARNING] app.processor: No active session ID set. Ignoring incoming 'gift' event.
2026-08-07 21:42:12,662 [WARNING] app.processor: No active session ID set. Ignoring incoming 'comment' event.
2026-08-07 21:42:12,872 [WARNING] app.processor: No active session ID set. Ignoring incoming 'comment' event.
2026-08-07 21:42:13,001 [WARNING] app.processor: No active session ID set. Ignoring incoming 'viewer' event.
2026-08-07 21:42:13,228 [WARNING] app.processor: No active session ID set. Ignoring incoming 'viewer' event.
2026-08-07 21:42:13,788 [WARNING] app.processor: No active session ID set. Ignoring incoming 'gift' event.
2026-08-07 21:42:13,825 [WARNING] app.processor: No active session ID set. Ignoring incoming 'comment' event.
2026-08-07 21:42:14,075 [WARNING] app.processor: No active session ID set. Ignoring incoming 'gift' event.
2026-08-07 21:42:14,198 [WARNING] app.processor: No active session ID set. Ignoring incoming 'viewer' event.
2026-08-07 21:42:14,386 [WARNING] app.processor: No active session ID set. Ignoring incoming 'comment' event.
2026-08-07 21:42:14,464 [WARNING] app.processor: No active session ID set. Ignoring incoming 'comment' event.
2026-08-07 21:42:14,581 [WARNING] app.processor: No active session ID set. Ignoring incoming 'viewer' event.
2026-08-07 21:42:14,998 [WARNING] app.processor: No active session ID set. Ignoring incoming 'gift' event.
2026-08-07 21:42:15,477 [WARNING] app.processor: No active session ID set. Ignoring incoming 'gift' event.
2026-08-07 21:42:15,535 [WARNING] app.processor: No active session ID set. Ignoring incoming 'comment' event.
2026-08-07 21:42:15,628 [WARNING] app.processor: No active session ID set. Ignoring incoming 'comment' event.
2026-08-07 21:42:15,745 [WARNING] app.processor: No active session ID set. Ignoring incoming 'viewer' event.
2026-08-07 21:42:15,882 [WARNING] app.processor: No active session ID set. Ignoring incoming 'viewer' event.
2026-08-07 21:42:16,462 [WARNING] app.processor: No active session ID set. Ignoring incoming 'gift' event.
2026-08-07 21:42:16,559 [WARNING] app.processor: No active session ID set. Ignoring incoming 'comment' event.
2026-08-07 21:42:17,047 [WARNING] app.processor: No active session ID set. Ignoring incoming 'gift' event.
2026-08-07 21:42:17,246 [WARNING] app.processor: No active session ID set. Ignoring incoming 'viewer' event.
2026-08-07 21:42:17,362 [WARNING] app.processor: No active session ID set. Ignoring incoming 'comment' event.
2026-08-07 21:42:17,550 [WARNING] app.processor: No active session ID set. Ignoring incoming 'viewer' event.
2026-08-07 21:42:18,377 [INFO] app.providers.live: Connecting to TikTok live for username: @aditgol_...
2026-08-07 21:42:19,695 [WARNING] app.processor: No active session ID set. Ignoring incoming 'gift' event.
2026-08-07 21:42:19,883 [WARNING] app.processor: No active session ID set. Ignoring incoming 'viewer' event.
2026-08-07 21:42:20,311 [WARNING] app.processor: No active session ID set. Ignoring incoming 'gift' event.
2026-08-07 21:42:20,508 [WARNING] app.processor: No active session ID set. Ignoring incoming 'viewer' event.
2026-08-07 21:42:20,616 [WARNING] app.processor: No active session ID set. Ignoring incoming 'comment' event.
2026-08-07 21:42:20,830 [WARNING] app.processor: No active session ID set. Ignoring incoming 'viewer' event.
2026-08-07 21:42:21,545 [WARNING] app.processor: No active session ID set. Ignoring incoming 'gift' event.
2026-08-07 21:42:21,764 [WARNING] app.processor: No active session ID set. Ignoring incoming 'viewer' event.
2026-08-07 21:42:22,658 [WARNING] app.processor: No active session ID set. Ignoring incoming 'gift' event.
2026-08-07 21:42:23,332 [WARNING] app.processor: No active session ID set. Ignoring incoming 'viewer' event.
2026-08-07 21:42:25,135 [WARNING] app.processor: No active session ID set. Ignoring incoming 'gift' event.
2026-08-07 21:42:25,810 [WARNING] app.processor: No active session ID set. Ignoring incoming 'viewer' event.
2026-08-07 21:42:26,281 [WARNING] app.processor: No active session ID set. Ignoring incoming 'comment' event.
2026-08-07 21:42:26,850 [WARNING] app.processor: No active session ID set. Ignoring incoming 'viewer' event.
2026-08-07 21:42:28,104 [WARNING] app.processor: No active session ID set. Ignoring incoming 'gift' event.
2026-08-07 21:42:32,181 [WARNING] app.processor: No active session ID set. Ignoring incoming 'gift' event.
2026-08-07 21:42:33,922 [WARNING] app.processor: No active session ID set. Ignoring incoming 'viewer' event.
2026-08-07 21:42:37,035 [WARNING] app.processor: No active session ID set. Ignoring incoming 'gift' event.
2026-08-07 21:42:37,502 [WARNING] app.processor: No active session ID set. Ignoring incoming 'gift' event.
2026-08-07 21:42:37,671 [WARNING] app.processor: No active session ID set. Ignoring incoming 'viewer' event.
2026-08-07 21:42:37,775 [WARNING] app.processor: No active session ID set. Ignoring incoming 'comment' event.
2026-08-07 21:42:37,939 [WARNING] app.processor: No active session ID set. Ignoring incoming 'viewer' event.
2026-08-07 21:42:38,846 [WARNING] app.processor: No active session ID set. Ignoring incoming 'gift' event.
2026-08-07 21:42:39,152 [WARNING] app.processor: No active session ID set. Ignoring incoming 'viewer' event.
2026-08-07 21:42:39,756 [WARNING] app.processor: No active session ID set. Ignoring incoming 'gift' event.
2026-08-07 21:42:40,274 [WARNING] app.processor: No active session ID set. Ignoring incoming 'gift' event.
2026-08-07 21:42:40,438 [WARNING] app.processor: No active session ID set. Ignoring incoming 'viewer' event.
2026-08-07 21:42:40,995 [WARNING] app.processor: No active session ID set. Ignoring incoming 'gift' event.
2026-08-07 21:42:41,375 [WARNING] app.processor: No active session ID set. Ignoring incoming 'gift' event.
2026-08-07 21:42:41,632 [WARNING] app.processor: No active session ID set. Ignoring incoming 'viewer' event.
2026-08-07 21:42:41,778 [WARNING] app.processor: No active session ID set. Ignoring incoming 'comment' event.
2026-08-07 21:42:42,015 [WARNING] app.processor: No active session ID set. Ignoring incoming 'viewer' event.
2026-08-07 21:42:42,722 [WARNING] app.processor: No active session ID set. Ignoring incoming 'gift' event.
2026-08-07 21:42:42,966 [WARNING] app.processor: No active session ID set. Ignoring incoming 'viewer' event.
2026-08-07 21:42:43,337 [WARNING] app.processor: No active session ID set. Ignoring incoming 'gift' event.
2026-08-07 21:42:50,022 [WARNING] app.processor: No active session ID set. Ignoring incoming 'viewer' event.
2026-08-07 21:42:50,179 [WARNING] app.processor: No active session ID set. Ignoring incoming 'comment' event.
2026-08-07 21:42:50,258 [WARNING] app.processor: No active session ID set. Ignoring incoming 'comment' event.
2026-08-07 21:42:50,880 [WARNING] app.processor: No active session ID set. Ignoring incoming 'gift' event.
2026-08-07 21:42:51,041 [WARNING] app.processor: No active session ID set. Ignoring incoming 'viewer' event.
2026-08-07 21:42:51,409 [WARNING] app.processor: No active session ID set. Ignoring incoming 'gift' event.
2026-08-07 21:42:51,571 [WARNING] app.processor: No active session ID set. Ignoring incoming 'like' event.
2026-08-07 21:42:51,732 [WARNING] app.processor: No active session ID set. Ignoring incoming 'viewer' event.
2026-08-07 21:42:51,894 [WARNING] app.processor: No active session ID set. Ignoring incoming 'viewer' event.
2026-08-07 21:42:52,514 [WARNING] app.processor: No active session ID set. Ignoring incoming 'gift' event.
2026-08-07 21:42:52,873 [WARNING] app.processor: No active session ID set. Ignoring incoming 'gift' event.
2026-08-07 21:42:53,047 [WARNING] app.processor: No active session ID set. Ignoring incoming 'viewer' event.
2026-08-07 21:42:53,198 [WARNING] app.processor: No active session ID set. Ignoring incoming 'viewer' event.
2026-08-07 21:42:53,886 [WARNING] app.processor: No active session ID set. Ignoring incoming 'gift' event.
2026-08-07 21:42:53,967 [WARNING] app.processor: No active session ID set. Ignoring incoming 'comment' event.
2026-08-07 21:42:54,493 [WARNING] app.processor: No active session ID set. Ignoring incoming 'gift' event.
2026-08-07 21:42:54,706 [WARNING] app.processor: No active session ID set. Ignoring incoming 'viewer' event.
2026-08-07 21:42:54,823 [WARNING] app.processor: No active session ID set. Ignoring incoming 'viewer' event.
2026-08-07 21:42:54,890 [WARNING] app.processor: No active session ID set. Ignoring incoming 'comment' event.
2026-08-07 21:42:54,960 [WARNING] app.processor: No active session ID set. Ignoring incoming 'comment' event.
2026-08-07 21:42:55,353 [WARNING] app.processor: No active session ID set. Ignoring incoming 'gift' event.
2026-08-07 21:42:55,469 [WARNING] app.processor: No active session ID set. Ignoring incoming 'viewer' event.
2026-08-07 21:42:55,803 [WARNING] app.processor: No active session ID set. Ignoring incoming 'gift' event.
2026-08-07 21:42:55,947 [WARNING] app.processor: No active session ID set. Ignoring incoming 'like' event.
2026-08-07 21:42:56,123 [WARNING] app.processor: No active session ID set. Ignoring incoming 'viewer' event.
2026-08-07 21:42:56,261 [WARNING] app.processor: No active session ID set. Ignoring incoming 'viewer' event.
2026-08-07 21:42:56,783 [WARNING] app.processor: No active session ID set. Ignoring incoming 'gift' event.
2026-08-07 21:42:57,047 [WARNING] app.processor: No active session ID set. Ignoring incoming 'gift' event.
2026-08-07 21:42:57,170 [WARNING] app.processor: No active session ID set. Ignoring incoming 'viewer' event.
2026-08-07 21:42:57,295 [WARNING] app.processor: No active session ID set. Ignoring incoming 'viewer' event.
2026-08-07 21:42:57,852 [WARNING] app.processor: No active session ID set. Ignoring incoming 'gift' event.
2026-08-07 21:42:57,896 [WARNING] app.processor: No active session ID set. Ignoring incoming 'comment' event.
2026-08-07 21:42:58,285 [WARNING] app.processor: No active session ID set. Ignoring incoming 'gift' event.
2026-08-07 21:42:58,522 [WARNING] app.processor: No active session ID set. Ignoring incoming 'viewer' event.
2026-08-07 21:42:58,528 [ERROR] app.providers.live: Connection failed for @aditgol_
Traceback (most recent call last):
  File "C:\Users\pacong2\Videos\tiktobs\.venv\Lib\site-packages\httpx\_transports\default.py", line 101, in map_httpcore_exceptions
    yield
  File "C:\Users\pacong2\Videos\tiktobs\.venv\Lib\site-packages\httpx\_transports\default.py", line 394, in handle_async_request
    resp = await self._pool.handle_async_request(req)
           ^^^^^^^^^^^^^^^^^^^^^^^^^^^^^^^^^^^^^^^^^^
  File "C:\Users\pacong2\Videos\tiktobs\.venv\Lib\site-packages\httpcore\_async\connection_pool.py", line 256, in handle_async_request
    raise exc from None
  File "C:\Users\pacong2\Videos\tiktobs\.venv\Lib\site-packages\httpcore\_async\connection_pool.py", line 236, in handle_async_request
    response = await connection.handle_async_request(
               ^^^^^^^^^^^^^^^^^^^^^^^^^^^^^^^^^^^^^^
  File "C:\Users\pacong2\Videos\tiktobs\.venv\Lib\site-packages\httpcore\_async\connection.py", line 101, in handle_async_request
    raise exc
  File "C:\Users\pacong2\Videos\tiktobs\.venv\Lib\site-packages\httpcore\_async\connection.py", line 78, in handle_async_request
    stream = await self._connect(request)
             ^^^^^^^^^^^^^^^^^^^^^^^^^^^^
  File "C:\Users\pacong2\Videos\tiktobs\.venv\Lib\site-packages\httpcore\_async\connection.py", line 124, in _connect
    stream = await self._network_backend.connect_tcp(**kwargs)
             ^^^^^^^^^^^^^^^^^^^^^^^^^^^^^^^^^^^^^^^^^^^^^^^^^
  File "C:\Users\pacong2\Videos\tiktobs\.venv\Lib\site-packages\httpcore\_backends\auto.py", line 31, in connect_tcp
    return await self._backend.connect_tcp(
           ^^^^^^^^^^^^^^^^^^^^^^^^^^^^^^^^
  File "C:\Users\pacong2\Videos\tiktobs\.venv\Lib\site-packages\httpcore\_backends\anyio.py", line 113, in connect_tcp
    with map_exceptions(exc_map):
         ^^^^^^^^^^^^^^^^^^^^^^^
  File "C:\Users\pacong2\AppData\Roaming\uv\python\cpython-3.12-windows-x86_64-none\Lib\contextlib.py", line 158, in __exit__
    self.gen.throw(value)
  File "C:\Users\pacong2\Videos\tiktobs\.venv\Lib\site-packages\httpcore\_exceptions.py", line 14, in map_exceptions
    raise to_exc(exc) from exc
httpcore.ConnectTimeout

The above exception was the direct cause of the following exception:

Traceback (most recent call last):
  File "C:\Users\pacong2\Videos\tiktobs\app\providers\live.py", line 94, in _run_connection_loop
    is_live = await self.client.is_live()
              ^^^^^^^^^^^^^^^^^^^^^^^^^^^
  File "C:\Users\pacong2\Videos\tiktobs\.venv\Lib\site-packages\TikTokLive\client\client.py", line 594, in is_live
    return await self._web.fetch_is_live(unique_id=unique_id or self.unique_id)
           ^^^^^^^^^^^^^^^^^^^^^^^^^^^^^^^^^^^^^^^^^^^^^^^^^^^^^^^^^^^^^^^^^^^^
  File "C:\Users\pacong2\Videos\tiktobs\.venv\Lib\site-packages\TikTokLive\client\web\routes\fetch_is_live.py", line 67, in __call__
    return await self.fetch_is_live_unique_id(unique_id)
           ^^^^^^^^^^^^^^^^^^^^^^^^^^^^^^^^^^^^^^^^^^^^^
  File "C:\Users\pacong2\Videos\tiktobs\.venv\Lib\site-packages\TikTokLive\client\web\routes\fetch_is_live.py", line 97, in fetch_is_live_unique_id
    response_json: dict = await FetchRoomIdAPIRoute.fetch_user_room_data(
                          ^^^^^^^^^^^^^^^^^^^^^^^^^^^^^^^^^^^^^^^^^^^^^^^
  File "C:\Users\pacong2\Videos\tiktobs\.venv\Lib\site-packages\TikTokLive\client\web\routes\fetch_room_id_api.py", line 44, in fetch_user_room_data
    response: Response = await web.get(
                         ^^^^^^^^^^^^^^
  File "C:\Users\pacong2\Videos\tiktobs\.venv\Lib\site-packages\TikTokLive\client\web\web_base.py", line 319, in get
    return await self.request(
           ^^^^^^^^^^^^^^^^^^^
  File "C:\Users\pacong2\Videos\tiktobs\.venv\Lib\site-packages\TikTokLive\client\web\web_base.py", line 304, in request
    return await http_client.send(request)
           ^^^^^^^^^^^^^^^^^^^^^^^^^^^^^^^
  File "C:\Users\pacong2\Videos\tiktobs\.venv\Lib\site-packages\httpx\_client.py", line 1629, in send
    response = await self._send_handling_auth(
               ^^^^^^^^^^^^^^^^^^^^^^^^^^^^^^^
  File "C:\Users\pacong2\Videos\tiktobs\.venv\Lib\site-packages\httpx\_client.py", line 1657, in _send_handling_auth
    response = await self._send_handling_redirects(
               ^^^^^^^^^^^^^^^^^^^^^^^^^^^^^^^^^^^^
  File "C:\Users\pacong2\Videos\tiktobs\.venv\Lib\site-packages\httpx\_client.py", line 1694, in _send_handling_redirects
    response = await self._send_single_request(request)
               ^^^^^^^^^^^^^^^^^^^^^^^^^^^^^^^^^^^^^^^^
  File "C:\Users\pacong2\Videos\tiktobs\.venv\Lib\site-packages\httpx\_client.py", line 1730, in _send_single_request
    response = await transport.handle_async_request(request)
               ^^^^^^^^^^^^^^^^^^^^^^^^^^^^^^^^^^^^^^^^^^^^^
  File "C:\Users\pacong2\Videos\tiktobs\.venv\Lib\site-packages\httpx\_transports\default.py", line 393, in handle_async_request
    with map_httpcore_exceptions():
         ^^^^^^^^^^^^^^^^^^^^^^^^^
  File "C:\Users\pacong2\AppData\Roaming\uv\python\cpython-3.12-windows-x86_64-none\Lib\contextlib.py", line 158, in __exit__
    self.gen.throw(value)
  File "C:\Users\pacong2\Videos\tiktobs\.venv\Lib\site-packages\httpx\_transports\default.py", line 118, in map_httpcore_exceptions
    raise mapped_exc(message) from exc
httpx.ConnectTimeout
2026-08-07 21:42:58,554 [INFO] app.providers.live: Reconnecting to @aditgol_ in 8.0s...
2026-08-07 21:42:58,577 [INFO] app.main: WebSocket client disconnected. Total clients: 0
2026-08-07 21:43:01,593 [WARNING] app.processor: No active session ID set. Ignoring incoming 'gift' event.
2026-08-07 21:43:01,753 [WARNING] app.processor: No active session ID set. Ignoring incoming 'viewer' event.
2026-08-07 21:43:02,022 [WARNING] app.processor: No active session ID set. Ignoring incoming 'gift' event.
2026-08-07 21:43:02,140 [WARNING] app.processor: No active session ID set. Ignoring incoming 'viewer' event.
2026-08-07 21:43:02,228 [WARNING] app.processor: No active session ID set. Ignoring incoming 'follow' event.
2026-08-07 21:43:02,343 [WARNING] app.processor: No active session ID set. Ignoring incoming 'viewer' event.
2026-08-07 21:43:02,706 [WARNING] app.processor: No active session ID set. Ignoring incoming 'gift' event.
2026-08-07 21:43:02,843 [WARNING] app.processor: No active session ID set. Ignoring incoming 'like' event.
2026-08-07 21:43:03,162 [WARNING] app.processor: No active session ID set. Ignoring incoming 'gift' event.
2026-08-07 21:43:03,305 [WARNING] app.processor: No active session ID set. Ignoring incoming 'viewer' event.
2026-08-07 21:43:03,479 [WARNING] app.processor: No active session ID set. Ignoring incoming 'like' event.
2026-08-07 21:43:04,228 [WARNING] app.processor: No active session ID set. Ignoring incoming 'gift' event.
2026-08-07 21:43:04,842 [WARNING] app.processor: No active session ID set. Ignoring incoming 'gift' event.
2026-08-07 21:43:05,001 [WARNING] app.processor: No active session ID set. Ignoring incoming 'viewer' event.
2026-08-07 21:43:05,159 [WARNING] app.processor: No active session ID set. Ignoring incoming 'like' event.
2026-08-07 21:43:05,291 [WARNING] app.processor: No active session ID set. Ignoring incoming 'viewer' event.
2026-08-07 21:43:05,341 [WARNING] app.processor: No active session ID set. Ignoring incoming 'comment' event.
2026-08-07 21:43:05,392 [WARNING] app.processor: No active session ID set. Ignoring incoming 'comment' event.
2026-08-07 21:43:05,452 [WARNING] app.processor: No active session ID set. Ignoring incoming 'comment' event.
2026-08-07 21:43:05,898 [WARNING] app.processor: No active session ID set. Ignoring incoming 'gift' event.
2026-08-07 21:43:05,957 [WARNING] app.processor: No active session ID set. Ignoring incoming 'comment' event.
2026-08-07 21:43:06,162 [WARNING] app.processor: No active session ID set. Ignoring incoming 'viewer' event.
2026-08-07 21:43:06,700 [WARNING] app.processor: No active session ID set. Ignoring incoming 'gift' event.
2026-08-07 21:43:06,825 [WARNING] app.processor: No active session ID set. Ignoring incoming 'viewer' event.
2026-08-07 21:43:07,097 [WARNING] app.processor: No active session ID set. Ignoring incoming 'gift' event.
2026-08-07 21:43:07,211 [WARNING] app.processor: No active session ID set. Ignoring incoming 'viewer' event.
2026-08-07 21:43:07,323 [WARNING] app.processor: No active session ID set. Ignoring incoming 'follow' event.
2026-08-07 21:43:07,441 [WARNING] app.processor: No active session ID set. Ignoring incoming 'viewer' event.
2026-08-07 21:43:07,824 [WARNING] app.processor: No active session ID set. Ignoring incoming 'gift' event.
2026-08-07 21:43:07,937 [WARNING] app.processor: No active session ID set. Ignoring incoming 'like' event.
2026-08-07 21:43:08,191 [WARNING] app.processor: No active session ID set. Ignoring incoming 'gift' event.
2026-08-07 21:43:08,308 [WARNING] app.processor: No active session ID set. Ignoring incoming 'viewer' event.
2026-08-07 21:43:08,445 [WARNING] app.processor: No active session ID set. Ignoring incoming 'like' event.
2026-08-07 21:43:08,911 [WARNING] app.processor: No active session ID set. Ignoring incoming 'gift' event.
2026-08-07 21:43:09,174 [WARNING] app.processor: No active session ID set. Ignoring incoming 'gift' event.
2026-08-07 21:43:09,290 [WARNING] app.processor: No active session ID set. Ignoring incoming 'viewer' event.
2026-08-07 21:43:09,400 [WARNING] app.processor: No active session ID set. Ignoring incoming 'like' event.
2026-08-07 21:43:09,516 [WARNING] app.processor: No active session ID set. Ignoring incoming 'viewer' event.
2026-08-07 21:43:09,568 [WARNING] app.processor: No active session ID set. Ignoring incoming 'comment' event.
2026-08-07 21:43:09,608 [WARNING] app.processor: No active session ID set. Ignoring incoming 'comment' event.
2026-08-07 21:43:09,672 [WARNING] app.processor: No active session ID set. Ignoring incoming 'comment' event.
2026-08-07 21:43:10,076 [WARNING] app.processor: No active session ID set. Ignoring incoming 'gift' event.
2026-08-07 21:43:10,116 [WARNING] app.processor: No active session ID set. Ignoring incoming 'comment' event.
2026-08-07 21:43:10,386 [WARNING] app.processor: No active session ID set. Ignoring incoming 'viewer' event.
2026-08-07 21:43:10,397 [INFO] app.providers.live: Connecting to TikTok live for username: @aditgol_...
2026-08-07 21:43:12,325 [WARNING] app.processor: No active session ID set. Ignoring incoming 'gift' event.
2026-08-07 21:43:12,516 [WARNING] app.processor: No active session ID set. Ignoring incoming 'viewer' event.
2026-08-07 21:43:12,638 [WARNING] app.processor: No active session ID set. Ignoring incoming 'comment' event.
2026-08-07 21:43:13,425 [WARNING] app.processor: No active session ID set. Ignoring incoming 'gift' event.
2026-08-07 21:43:13,744 [WARNING] app.processor: No active session ID set. Ignoring incoming 'viewer' event.
2026-08-07 21:43:13,978 [WARNING] app.processor: No active session ID set. Ignoring incoming 'like' event.
2026-08-07 21:43:14,566 [WARNING] app.processor: No active session ID set. Ignoring incoming 'gift' event.
2026-08-07 21:43:14,736 [WARNING] app.processor: No active session ID set. Ignoring incoming 'viewer' event.
2026-08-07 21:43:14,970 [WARNING] app.processor: No active session ID set. Ignoring incoming 'viewer' event.
2026-08-07 21:43:15,064 [WARNING] app.processor: No active session ID set. Ignoring incoming 'comment' event.
2026-08-07 21:43:15,673 [WARNING] app.processor: No active session ID set. Ignoring incoming 'gift' event.
2026-08-07 21:43:16,025 [WARNING] app.processor: No active session ID set. Ignoring incoming 'gift' event.
2026-08-07 21:43:16,217 [WARNING] app.processor: No active session ID set. Ignoring incoming 'viewer' event.
2026-08-07 21:43:16,331 [WARNING] app.processor: No active session ID set. Ignoring incoming 'comment' event.
2026-08-07 21:43:16,723 [WARNING] app.processor: No active session ID set. Ignoring incoming 'gift' event.
2026-08-07 21:43:16,887 [WARNING] app.processor: No active session ID set. Ignoring incoming 'viewer' event.
2026-08-07 21:43:16,971 [WARNING] app.processor: No active session ID set. Ignoring incoming 'comment' event.
2026-08-07 21:43:17,616 [WARNING] app.processor: No active session ID set. Ignoring incoming 'gift' event.
2026-08-07 21:43:17,861 [WARNING] app.processor: No active session ID set. Ignoring incoming 'viewer' event.
2026-08-07 21:43:18,009 [WARNING] app.processor: No active session ID set. Ignoring incoming 'like' event.
2026-08-07 21:43:19,673 [WARNING] app.processor: No active session ID set. Ignoring incoming 'gift' event.
2026-08-07 21:43:21,308 [WARNING] app.processor: No active session ID set. Ignoring incoming 'viewer' event.
2026-08-07 21:43:22,552 [WARNING] app.processor: No active session ID set. Ignoring incoming 'viewer' event.
2026-08-07 21:43:22,909 [WARNING] app.processor: No active session ID set. Ignoring incoming 'comment' event.
2026-08-07 21:43:23,535 [WARNING] app.processor: No active session ID set. Ignoring incoming 'gift' event.
2026-08-07 21:43:23,838 [WARNING] app.processor: No active session ID set. Ignoring incoming 'gift' event.
2026-08-07 21:43:23,955 [WARNING] app.processor: No active session ID set. Ignoring incoming 'viewer' event.
2026-08-07 21:43:24,048 [WARNING] app.processor: No active session ID set. Ignoring incoming 'comment' event.
2026-08-07 21:43:24,056 [INFO] app.processor: EventProcessor active session updated to: b7edf3cb
2026-08-07 21:43:24,062 [INFO] app.providers.live: Already running or connecting. Stopping previous session first.
2026-08-07 21:43:24,064 [INFO] app.providers.live: Requesting disconnect...
2026-08-07 21:44:17,325 [INFO] app.main: Initializing database and application components...
2026-08-07 21:44:20,764 [INFO] app.main: WebSocket client connected. Total clients: 1
2026-08-07 21:44:30,576 [INFO] app.processor: EventProcessor active session updated to: 0e2422e4
2026-08-07 21:44:30,580 [INFO] app.providers.live: Connecting to TikTok live for username: @aditgol_...
2026-08-07 21:44:32,005 [INFO] httpx: HTTP Request: GET https://www.tiktok.com/api-live/user/room/?aid=1988&app_language=en&app_name=tiktok_web&browser_language=en-IE&browser_name=Mozilla&browser_online=true&browser_platform=Win32&browser_version=5.0%20%28Windows%20NT%2010.0%3B%20Win64%3B%20x64%29%20AppleWebKit%2F537.36%20%28KHTML%2C%20like%20Gecko%29%20Chrome%2F147.0.0.0%20Safari%2F537.36&cookie_enabled=true&device_platform=web_pc&focus_state=true&from_page=&history_len=7&is_fullscreen=false&is_page_visible=true&screen_height=2048&screen_width=1152&tz_name=Europe/Dublin&channel=tiktok_web&data_collection_enabled=true&os=windows&priority_region=IE&region=IE&user_is_login=false&webcast_language=en&msToken=&referer=https://www.tiktok.com/@aditgol_/live&root_referer=https://www.tiktok.com/@aditgol_/live&device_id=71134902504012201152&uniqueId=aditgol_&sourceType=54 "HTTP/1.1 200 OK"
2026-08-07 21:44:32,317 [INFO] httpx: HTTP Request: GET https://www.tiktok.com/@aditgol_/live? "HTTP/1.1 200 OK"
2026-08-07 21:44:32,667 [INFO] httpx: HTTP Request: GET https://webcast.tiktok.com/webcast/room/check_alive/?aid=1988&app_language=en&app_name=tiktok_web&browser_language=en-IE&browser_name=Mozilla&browser_online=true&browser_platform=Win32&browser_version=5.0%20%28Windows%20NT%2010.0%3B%20Win64%3B%20x64%29%20AppleWebKit%2F537.36%20%28KHTML%2C%20like%20Gecko%29%20Chrome%2F147.0.0.0%20Safari%2F537.36&cookie_enabled=true&device_platform=web_pc&focus_state=true&from_page=&history_len=7&is_fullscreen=false&is_page_visible=true&screen_height=2048&screen_width=1152&tz_name=Europe/Dublin&channel=tiktok_web&data_collection_enabled=true&os=windows&priority_region=IE&region=IE&user_is_login=false&webcast_language=en&msToken=&referer=https://www.tiktok.com/@aditgol_/live&root_referer=https://www.tiktok.com/@aditgol_/live&device_id=59721170611788609879&room_id=7671251601508518676&room_ids=7671251601508518676 "HTTP/1.1 200 OK"
2026-08-07 21:44:34,529 [INFO] httpx: HTTP Request: GET https://api.eulerstream.com/webcast/fetch?client=ttlive-python&room_id=7671251601508518676&user_agent=Mozilla%2F5.0+%28Windows+NT+10.0%3B+Win64%3B+x64%29+AppleWebKit%2F537.36+%28KHTML%2C+like+Gecko%29+Chrome%2F147.0.0.0+Safari%2F537.36&client_enter=true&platform=web&tt_target_idc=useast1a "HTTP/1.1 200 OK"
2026-08-07 21:44:34,983 [INFO] app.providers.live: Reconnecting to @aditgol_ in 2.0s...
2026-08-07 21:44:39,138 [INFO] app.providers.live: Successfully connected to room 7671251601508518676
2026-08-07 21:44:40,358 [INFO] app.providers.live: Connecting to TikTok live for username: @aditgol_...
2026-08-07 21:44:59,761 [ERROR] app.providers.live: Connection failed for @aditgol_
Traceback (most recent call last):
  File "C:\Users\pacong2\Videos\tiktobs\.venv\Lib\site-packages\httpx\_transports\default.py", line 101, in map_httpcore_exceptions
    yield
  File "C:\Users\pacong2\Videos\tiktobs\.venv\Lib\site-packages\httpx\_transports\default.py", line 394, in handle_async_request
    resp = await self._pool.handle_async_request(req)
           ^^^^^^^^^^^^^^^^^^^^^^^^^^^^^^^^^^^^^^^^^^
  File "C:\Users\pacong2\Videos\tiktobs\.venv\Lib\site-packages\httpcore\_async\connection_pool.py", line 256, in handle_async_request
    raise exc from None
  File "C:\Users\pacong2\Videos\tiktobs\.venv\Lib\site-packages\httpcore\_async\connection_pool.py", line 236, in handle_async_request
    response = await connection.handle_async_request(
               ^^^^^^^^^^^^^^^^^^^^^^^^^^^^^^^^^^^^^^
  File "C:\Users\pacong2\Videos\tiktobs\.venv\Lib\site-packages\httpcore\_async\connection.py", line 101, in handle_async_request
    raise exc
  File "C:\Users\pacong2\Videos\tiktobs\.venv\Lib\site-packages\httpcore\_async\connection.py", line 78, in handle_async_request
    stream = await self._connect(request)
             ^^^^^^^^^^^^^^^^^^^^^^^^^^^^
  File "C:\Users\pacong2\Videos\tiktobs\.venv\Lib\site-packages\httpcore\_async\connection.py", line 124, in _connect
    stream = await self._network_backend.connect_tcp(**kwargs)
             ^^^^^^^^^^^^^^^^^^^^^^^^^^^^^^^^^^^^^^^^^^^^^^^^^
  File "C:\Users\pacong2\Videos\tiktobs\.venv\Lib\site-packages\httpcore\_backends\auto.py", line 31, in connect_tcp
    return await self._backend.connect_tcp(
           ^^^^^^^^^^^^^^^^^^^^^^^^^^^^^^^^
  File "C:\Users\pacong2\Videos\tiktobs\.venv\Lib\site-packages\httpcore\_backends\anyio.py", line 113, in connect_tcp
    with map_exceptions(exc_map):
         ^^^^^^^^^^^^^^^^^^^^^^^
  File "C:\Users\pacong2\AppData\Roaming\uv\python\cpython-3.12-windows-x86_64-none\Lib\contextlib.py", line 158, in __exit__
    self.gen.throw(value)
  File "C:\Users\pacong2\Videos\tiktobs\.venv\Lib\site-packages\httpcore\_exceptions.py", line 14, in map_exceptions
    raise to_exc(exc) from exc
httpcore.ConnectTimeout

The above exception was the direct cause of the following exception:

Traceback (most recent call last):
  File "C:\Users\pacong2\Videos\tiktobs\app\providers\live.py", line 94, in _run_connection_loop
    is_live = await self.client.is_live()
              ^^^^^^^^^^^^^^^^^^^^^^^^^^^
  File "C:\Users\pacong2\Videos\tiktobs\.venv\Lib\site-packages\TikTokLive\client\client.py", line 594, in is_live
    return await self._web.fetch_is_live(unique_id=unique_id or self.unique_id)
           ^^^^^^^^^^^^^^^^^^^^^^^^^^^^^^^^^^^^^^^^^^^^^^^^^^^^^^^^^^^^^^^^^^^^
  File "C:\Users\pacong2\Videos\tiktobs\.venv\Lib\site-packages\TikTokLive\client\web\routes\fetch_is_live.py", line 67, in __call__
    return await self.fetch_is_live_unique_id(unique_id)
           ^^^^^^^^^^^^^^^^^^^^^^^^^^^^^^^^^^^^^^^^^^^^^
  File "C:\Users\pacong2\Videos\tiktobs\.venv\Lib\site-packages\TikTokLive\client\web\routes\fetch_is_live.py", line 97, in fetch_is_live_unique_id
    response_json: dict = await FetchRoomIdAPIRoute.fetch_user_room_data(
                          ^^^^^^^^^^^^^^^^^^^^^^^^^^^^^^^^^^^^^^^^^^^^^^^
  File "C:\Users\pacong2\Videos\tiktobs\.venv\Lib\site-packages\TikTokLive\client\web\routes\fetch_room_id_api.py", line 44, in fetch_user_room_data
    response: Response = await web.get(
                         ^^^^^^^^^^^^^^
  File "C:\Users\pacong2\Videos\tiktobs\.venv\Lib\site-packages\TikTokLive\client\web\web_base.py", line 319, in get
    return await self.request(
           ^^^^^^^^^^^^^^^^^^^
  File "C:\Users\pacong2\Videos\tiktobs\.venv\Lib\site-packages\TikTokLive\client\web\web_base.py", line 304, in request
    return await http_client.send(request)
           ^^^^^^^^^^^^^^^^^^^^^^^^^^^^^^^
  File "C:\Users\pacong2\Videos\tiktobs\.venv\Lib\site-packages\httpx\_client.py", line 1629, in send
    response = await self._send_handling_auth(
               ^^^^^^^^^^^^^^^^^^^^^^^^^^^^^^^
  File "C:\Users\pacong2\Videos\tiktobs\.venv\Lib\site-packages\httpx\_client.py", line 1657, in _send_handling_auth
    response = await self._send_handling_redirects(
               ^^^^^^^^^^^^^^^^^^^^^^^^^^^^^^^^^^^^
  File "C:\Users\pacong2\Videos\tiktobs\.venv\Lib\site-packages\httpx\_client.py", line 1694, in _send_handling_redirects
    response = await self._send_single_request(request)
               ^^^^^^^^^^^^^^^^^^^^^^^^^^^^^^^^^^^^^^^^
  File "C:\Users\pacong2\Videos\tiktobs\.venv\Lib\site-packages\httpx\_client.py", line 1730, in _send_single_request
    response = await transport.handle_async_request(request)
               ^^^^^^^^^^^^^^^^^^^^^^^^^^^^^^^^^^^^^^^^^^^^^
  File "C:\Users\pacong2\Videos\tiktobs\.venv\Lib\site-packages\httpx\_transports\default.py", line 393, in handle_async_request
    with map_httpcore_exceptions():
         ^^^^^^^^^^^^^^^^^^^^^^^^^
  File "C:\Users\pacong2\AppData\Roaming\uv\python\cpython-3.12-windows-x86_64-none\Lib\contextlib.py", line 158, in __exit__
    self.gen.throw(value)
  File "C:\Users\pacong2\Videos\tiktobs\.venv\Lib\site-packages\httpx\_transports\default.py", line 118, in map_httpcore_exceptions
    raise mapped_exc(message) from exc
httpx.ConnectTimeout
2026-08-07 21:45:06,065 [ERROR] app.database: Failed to insert event 575b74fa4e0a389f0fc475a226424fe8 due to database error: database is locked
2026-08-07 21:45:06,069 [ERROR] app.database: Failed to insert event 1231da1ad509ea659d1cc2dfd6b6f8a7 due to database error: database is locked
2026-08-07 21:45:06,072 [ERROR] app.database: Failed to insert event 74278123d5debcfbd113487376e15e6f due to database error: database is locked
2026-08-07 21:45:06,073 [ERROR] app.database: Failed to insert event ced96cf59215ca1e7638b984da8d3dce due to database error: database is locked
2026-08-07 21:45:06,074 [ERROR] app.database: Failed to insert event c9e23a5b6745cd2066172b2ed61210e7 due to database error: database is locked
2026-08-07 21:45:06,108 [INFO] app.processor: EventProcessor active session updated to: None
2026-08-07 21:45:06,109 [INFO] app.providers.live: Reconnecting to @aditgol_ in 4.0s...
2026-08-07 21:45:06,410 [WARNING] app.processor: No active session ID set. Ignoring incoming 'comment' event.
2026-08-07 21:45:06,531 [WARNING] app.processor: No active session ID set. Ignoring incoming 'viewer' event.
2026-08-07 21:45:07,593 [WARNING] app.processor: No active session ID set. Ignoring incoming 'gift' event.
2026-08-07 21:45:07,697 [WARNING] app.processor: No active session ID set. Ignoring incoming 'comment' event.
2026-08-07 21:45:08,778 [WARNING] app.processor: No active session ID set. Ignoring incoming 'gift' event.
2026-08-07 21:45:09,087 [WARNING] app.processor: No active session ID set. Ignoring incoming 'viewer' event.
2026-08-07 21:45:10,098 [INFO] app.providers.live: Connecting to TikTok live for username: @aditgol_...
2026-08-07 21:45:10,516 [WARNING] app.processor: No active session ID set. Ignoring incoming 'viewer' event.
2026-08-07 21:45:10,710 [INFO] httpx: HTTP Request: GET https://www.tiktok.com/api-live/user/room/?aid=1988&app_language=en&app_name=tiktok_web&browser_language=en-IE&browser_name=Mozilla&browser_online=true&browser_platform=Win32&browser_version=5.0%20%28Windows%20NT%2010.0%3B%20Win64%3B%20x64%29%20AppleWebKit%2F537.36%20%28KHTML%2C%20like%20Gecko%29%20Chrome%2F147.0.0.0%20Safari%2F537.36&cookie_enabled=true&device_platform=web_pc&focus_state=true&from_page=&history_len=7&is_fullscreen=false&is_page_visible=true&screen_height=2048&screen_width=1152&tz_name=Europe/Dublin&channel=tiktok_web&data_collection_enabled=true&os=windows&priority_region=IE&region=IE&user_is_login=false&webcast_language=en&msToken=&referer=https://www.tiktok.com/@aditgol_/live&root_referer=https://www.tiktok.com/@aditgol_/live&device_id=91714585166950477415&uniqueId=aditgol_&sourceType=54 "HTTP/1.1 200 OK"
2026-08-07 21:45:10,907 [INFO] httpx: HTTP Request: GET https://www.tiktok.com/@aditgol_/live? "HTTP/1.1 200 OK"
2026-08-07 21:45:11,119 [INFO] httpx: HTTP Request: GET https://webcast.tiktok.com/webcast/room/check_alive/?aid=1988&app_language=en&app_name=tiktok_web&browser_language=en-IE&browser_name=Mozilla&browser_online=true&browser_platform=Win32&browser_version=5.0%20%28Windows%20NT%2010.0%3B%20Win64%3B%20x64%29%20AppleWebKit%2F537.36%20%28KHTML%2C%20like%20Gecko%29%20Chrome%2F147.0.0.0%20Safari%2F537.36&cookie_enabled=true&device_platform=web_pc&focus_state=true&from_page=&history_len=7&is_fullscreen=false&is_page_visible=true&screen_height=2048&screen_width=1152&tz_name=Europe/Dublin&channel=tiktok_web&data_collection_enabled=true&os=windows&priority_region=IE&region=IE&user_is_login=false&webcast_language=en&msToken=&referer=https://www.tiktok.com/@aditgol_/live&root_referer=https://www.tiktok.com/@aditgol_/live&device_id=64420280745619179945&room_id=7671251601508518676&room_ids=7671251601508518676 "HTTP/1.1 200 OK"
2026-08-07 21:45:11,609 [INFO] httpx: HTTP Request: GET https://api.eulerstream.com/webcast/fetch?client=ttlive-python&room_id=7671251601508518676&user_agent=Mozilla%2F5.0+%28Windows+NT+10.0%3B+Win64%3B+x64%29+AppleWebKit%2F537.36+%28KHTML%2C+like+Gecko%29+Chrome%2F147.0.0.0+Safari%2F537.36&client_enter=true&platform=web&tt_target_idc=useast1a "HTTP/1.1 429 Too Many Requests"
2026-08-07 21:45:11,613 [ERROR] app.providers.live: Connection failed for @aditgol_
Traceback (most recent call last):
  File "C:\Users\pacong2\Videos\tiktobs\app\providers\live.py", line 101, in _run_connection_loop
    await self.client.start()
  File "C:\Users\pacong2\Videos\tiktobs\.venv\Lib\site-packages\TikTokLive\client\client.py", line 207, in start
    initial_webcast_response: ProtoMessageFetchResult = await self._web.fetch_signed_websocket(self._ws_platform)
                                                        ^^^^^^^^^^^^^^^^^^^^^^^^^^^^^^^^^^^^^^^^^^^^^^^^^^^^^^^^^
  File "C:\Users\pacong2\Videos\tiktobs\.venv\Lib\site-packages\TikTokLive\client\web\routes\fetch_signed_websocket.py", line 116, in __call__
    raise SignatureRateLimitError(
TikTokLive.client.errors.SignatureRateLimitError: TikTokLive v6.6.6 -> [RATE_LIMIT] (rate_limit_account_hour) Too many connections started, try again in 0 seconds. 
	|
	+---------------------------------------- SIGN SERVER MESSAGE ----------------------------------------+
	| You have reached the rate limit. Sign up for a free API key at https://www.eulerstream.com/pricing. |
	+-----------------------------------------------------------------------------------------------------+
2026-08-07 21:45:11,616 [INFO] app.providers.live: Reconnecting to @aditgol_ in 8.0s...
2026-08-07 21:45:12,412 [WARNING] app.processor: No active session ID set. Ignoring incoming 'gift' event.
2026-08-07 21:45:13,024 [WARNING] app.processor: No active session ID set. Ignoring incoming 'viewer' event.
2026-08-07 21:45:13,289 [WARNING] app.processor: No active session ID set. Ignoring incoming 'gift' event.
2026-08-07 21:45:14,006 [WARNING] app.processor: No active session ID set. Ignoring incoming 'comment' event.
2026-08-07 21:45:14,082 [WARNING] app.processor: No active session ID set. Ignoring incoming 'comment' event.
2026-08-07 21:45:14,172 [WARNING] app.processor: No active session ID set. Ignoring incoming 'comment' event.
2026-08-07 21:45:14,479 [WARNING] app.processor: No active session ID set. Ignoring incoming 'like' event.
2026-08-07 21:45:14,678 [WARNING] app.processor: No active session ID set. Ignoring incoming 'comment' event.
2026-08-07 21:45:14,906 [WARNING] app.processor: No active session ID set. Ignoring incoming 'viewer' event.
2026-08-07 21:45:16,633 [WARNING] app.processor: No active session ID set. Ignoring incoming 'gift' event.
2026-08-07 21:45:16,748 [WARNING] app.processor: No active session ID set. Ignoring incoming 'viewer' event.
2026-08-07 21:45:18,588 [WARNING] app.processor: No active session ID set. Ignoring incoming 'gift' event.
2026-08-07 21:45:18,980 [WARNING] app.processor: No active session ID set. Ignoring incoming 'viewer' event.
2026-08-07 21:45:19,634 [WARNING] app.processor: No active session ID set. Ignoring incoming 'comment' event.
2026-08-07 21:45:19,635 [INFO] app.providers.live: Connecting to TikTok live for username: @aditgol_...
2026-08-07 21:45:20,222 [INFO] httpx: HTTP Request: GET https://www.tiktok.com/api-live/user/room/?aid=1988&app_language=en&app_name=tiktok_web&browser_language=en-IE&browser_name=Mozilla&browser_online=true&browser_platform=Win32&browser_version=5.0%20%28Windows%20NT%2010.0%3B%20Win64%3B%20x64%29%20AppleWebKit%2F537.36%20%28KHTML%2C%20like%20Gecko%29%20Chrome%2F147.0.0.0%20Safari%2F537.36&cookie_enabled=true&device_platform=web_pc&focus_state=true&from_page=&history_len=7&is_fullscreen=false&is_page_visible=true&screen_height=2048&screen_width=1152&tz_name=Europe/Dublin&channel=tiktok_web&data_collection_enabled=true&os=windows&priority_region=IE&region=IE&user_is_login=false&webcast_language=en&msToken=&referer=https://www.tiktok.com/@aditgol_/live&root_referer=https://www.tiktok.com/@aditgol_/live&device_id=66035311980549428235&uniqueId=aditgol_&sourceType=54 "HTTP/1.1 200 OK"
2026-08-07 21:45:20,446 [INFO] httpx: HTTP Request: GET https://www.tiktok.com/@aditgol_/live? "HTTP/1.1 200 OK"
2026-08-07 21:45:20,639 [INFO] httpx: HTTP Request: GET https://webcast.tiktok.com/webcast/room/check_alive/?aid=1988&app_language=en&app_name=tiktok_web&browser_language=en-IE&browser_name=Mozilla&browser_online=true&browser_platform=Win32&browser_version=5.0%20%28Windows%20NT%2010.0%3B%20Win64%3B%20x64%29%20AppleWebKit%2F537.36%20%28KHTML%2C%20like%20Gecko%29%20Chrome%2F147.0.0.0%20Safari%2F537.36&cookie_enabled=true&device_platform=web_pc&focus_state=true&from_page=&history_len=7&is_fullscreen=false&is_page_visible=true&screen_height=2048&screen_width=1152&tz_name=Europe/Dublin&channel=tiktok_web&data_collection_enabled=true&os=windows&priority_region=IE&region=IE&user_is_login=false&webcast_language=en&msToken=&referer=https://www.tiktok.com/@aditgol_/live&root_referer=https://www.tiktok.com/@aditgol_/live&device_id=29010603009673888655&room_id=7671251601508518676&room_ids=7671251601508518676 "HTTP/1.1 200 OK"
2026-08-07 21:45:21,106 [INFO] httpx: HTTP Request: GET https://api.eulerstream.com/webcast/fetch?client=ttlive-python&room_id=7671251601508518676&user_agent=Mozilla%2F5.0+%28Windows+NT+10.0%3B+Win64%3B+x64%29+AppleWebKit%2F537.36+%28KHTML%2C+like+Gecko%29+Chrome%2F147.0.0.0+Safari%2F537.36&client_enter=true&platform=web&tt_target_idc=useast1a "HTTP/1.1 429 Too Many Requests"
2026-08-07 21:45:21,114 [ERROR] app.providers.live: Connection failed for @aditgol_
Traceback (most recent call last):
  File "C:\Users\pacong2\Videos\tiktobs\app\providers\live.py", line 101, in _run_connection_loop
    raise
  File "C:\Users\pacong2\Videos\tiktobs\.venv\Lib\site-packages\TikTokLive\client\client.py", line 207, in start
    initial_webcast_response: ProtoMessageFetchResult = await self._web.fetch_signed_websocket(self._ws_platform)
                                                        ^^^^^^^^^^^^^^^^^^^^^^^^^^^^^^^^^^^^^^^^^^^^^^^^^^^^^^^^^
  File "C:\Users\pacong2\Videos\tiktobs\.venv\Lib\site-packages\TikTokLive\client\web\routes\fetch_signed_websocket.py", line 116, in __call__
    raise SignatureRateLimitError(
TikTokLive.client.errors.SignatureRateLimitError: TikTokLive v6.6.6 -> [RATE_LIMIT] (rate_limit_account_hour) Too many connections started, try again in 0 seconds. 
	|
	+---------------------------------------- SIGN SERVER MESSAGE ----------------------------------------+
	| You have reached the rate limit. Sign up for a free API key at https://www.eulerstream.com/pricing. |
	+-----------------------------------------------------------------------------------------------------+
2026-08-07 21:45:21,122 [INFO] app.providers.live: Reconnecting to @aditgol_ in 16.0s...
2026-08-07 21:45:21,572 [WARNING] app.processor: No active session ID set. Ignoring incoming 'gift' event.
2026-08-07 21:45:22,328 [WARNING] app.processor: No active session ID set. Ignoring incoming 'gift' event.
2026-08-07 21:45:23,235 [WARNING] app.processor: No active session ID set. Ignoring incoming 'viewer' event.
2026-08-07 21:45:23,816 [WARNING] app.processor: No active session ID set. Ignoring incoming 'comment' event.
2026-08-07 21:45:24,633 [WARNING] app.processor: No active session ID set. Ignoring incoming 'viewer' event.
2026-08-07 21:45:25,449 [WARNING] app.processor: No active session ID set. Ignoring incoming 'comment' event.
2026-08-07 21:45:25,791 [WARNING] app.processor: No active session ID set. Ignoring incoming 'gift' event.
2026-08-07 21:45:26,337 [WARNING] app.processor: No active session ID set. Ignoring incoming 'viewer' event.
2026-08-07 21:45:26,452 [WARNING] app.processor: No active session ID set. Ignoring incoming 'comment' event.
2026-08-07 21:45:27,350 [WARNING] app.processor: No active session ID set. Ignoring incoming 'gift' event.
2026-08-07 21:45:27,683 [WARNING] app.processor: No active session ID set. Ignoring incoming 'like' event.
2026-08-07 21:45:28,801 [WARNING] app.processor: No active session ID set. Ignoring incoming 'viewer' event.
2026-08-07 21:45:29,578 [WARNING] app.processor: No active session ID set. Ignoring incoming 'like' event.
2026-08-07 21:45:30,797 [WARNING] app.processor: No active session ID set. Ignoring incoming 'gift' event.
2026-08-07 21:45:30,942 [WARNING] app.processor: No active session ID set. Ignoring incoming 'viewer' event.
2026-08-07 21:45:31,427 [WARNING] app.processor: No active session ID set. Ignoring incoming 'gift' event.
2026-08-07 21:45:32,850 [WARNING] app.processor: No active session ID set. Ignoring incoming 'viewer' event.
2026-08-07 21:45:34,486 [WARNING] app.processor: No active session ID set. Ignoring incoming 'viewer' event.
2026-08-07 21:45:34,532 [WARNING] app.processor: No active session ID set. Ignoring incoming 'comment' event.
2026-08-07 21:45:34,599 [WARNING] app.processor: No active session ID set. Ignoring incoming 'comment' event.
2026-08-07 21:45:35,565 [WARNING] app.processor: No active session ID set. Ignoring incoming 'gift' event.
2026-08-07 21:45:36,310 [WARNING] app.processor: No active session ID set. Ignoring incoming 'gift' event.
2026-08-07 21:45:36,387 [WARNING] app.processor: No active session ID set. Ignoring incoming 'comment' event.
2026-08-07 21:45:37,008 [WARNING] app.processor: No active session ID set. Ignoring incoming 'viewer' event.
2026-08-07 21:45:37,142 [INFO] app.providers.live: Connecting to TikTok live for username: @aditgol_...
2026-08-07 21:45:37,632 [INFO] httpx: HTTP Request: GET https://www.tiktok.com/api-live/user/room/?aid=1988&app_language=en&app_name=tiktok_web&browser_language=en-IE&browser_name=Mozilla&browser_online=true&browser_platform=Win32&browser_version=5.0%20%28Windows%20NT%2010.0%3B%20Win64%3B%20x64%29%20AppleWebKit%2F537.36%20%28KHTML%2C%20like%20Gecko%29%20Chrome%2F147.0.0.0%20Safari%2F537.36&cookie_enabled=true&device_platform=web_pc&focus_state=true&from_page=&history_len=7&is_fullscreen=false&is_page_visible=true&screen_height=2048&screen_width=1152&tz_name=Europe/Dublin&channel=tiktok_web&data_collection_enabled=true&os=windows&priority_region=IE&region=IE&user_is_login=false&webcast_language=en&msToken=&referer=https://www.tiktok.com/@aditgol_/live&root_referer=https://www.tiktok.com/@aditgol_/live&device_id=26262476960674755657&uniqueId=aditgol_&sourceType=54 "HTTP/1.1 200 OK"
2026-08-07 21:45:37,837 [INFO] httpx: HTTP Request: GET https://www.tiktok.com/@aditgol_/live? "HTTP/1.1 200 OK"
2026-08-07 21:45:38,113 [INFO] httpx: HTTP Request: GET https://webcast.tiktok.com/webcast/room/check_alive/?aid=1988&app_language=en&app_name=tiktok_web&browser_language=en-IE&browser_name=Mozilla&browser_online=true&browser_platform=Win32&browser_version=5.0%20%28Windows%20NT%2010.0%3B%20Win64%3B%20x64%29%20AppleWebKit%2F537.36%20%28KHTML%2C%20like%20Gecko%29%20Chrome%2F147.0.0.0%20Safari%2F537.36&cookie_enabled=true&device_platform=web_pc&focus_state=true&from_page=&history_len=7&is_fullscreen=false&is_page_visible=true&screen_height=2048&screen_width=1152&tz_name=Europe/Dublin&channel=tiktok_web&data_collection_enabled=true&os=windows&priority_region=IE&region=IE&user_is_login=false&webcast_language=en&msToken=&referer=https://www.tiktok.com/@aditgol_/live&root_referer=https://www.tiktok.com/@aditgol_/live&device_id=73384415284471099377&room_id=7671251601508518676&room_ids=7671251601508518676 "HTTP/1.1 200 OK"
2026-08-07 21:45:38,680 [WARNING] app.processor: No active session ID set. Ignoring incoming 'viewer' event.
2026-08-07 21:45:38,684 [INFO] httpx: HTTP Request: GET https://api.eulerstream.com/webcast/fetch?client=ttlive-python&room_id=7671251601508518676&user_agent=Mozilla%2F5.0+%28Windows+NT+10.0%3B+Win64%3B+x64%29+AppleWebKit%2F537.36+%28KHTML%2C+like+Gecko%29+Chrome%2F147.0.0.0+Safari%2F537.36&client_enter=true&platform=web&tt_target_idc=useast1a "HTTP/1.1 429 Too Many Requests"
2026-08-07 21:45:38,694 [ERROR] app.providers.live: Connection failed for @aditgol_
Traceback (most recent call last):
  File "C:\Users\pacong2\Videos\tiktobs\app\providers\live.py", line 101, in _run_connection_loop
    raise
  File "C:\Users\pacong2\Videos\tiktobs\.venv\Lib\site-packages\TikTokLive\client\client.py", line 207, in start
    initial_webcast_response: ProtoMessageFetchResult = await self._web.fetch_signed_websocket(self._ws_platform)
                                                        ^^^^^^^^^^^^^^^^^^^^^^^^^^^^^^^^^^^^^^^^^^^^^^^^^^^^^^^^^
  File "C:\Users\pacong2\Videos\tiktobs\.venv\Lib\site-packages\TikTokLive\client\web\routes\fetch_signed_websocket.py", line 116, in __call__
    raise SignatureRateLimitError(
TikTokLive.client.errors.SignatureRateLimitError: TikTokLive v6.6.6 -> [RATE_LIMIT] (rate_limit_account_hour) Too many connections started, try again in 0 seconds. 
	|
	+---------------------------------------- SIGN SERVER MESSAGE ----------------------------------------+
	| You have reached the rate limit. Sign up for a free API key at https://www.eulerstream.com/pricing. |
	+-----------------------------------------------------------------------------------------------------+
2026-08-07 21:45:38,698 [INFO] app.providers.live: Reconnecting to @aditgol_ in 20.0s...
2026-08-07 21:45:39,727 [WARNING] app.processor: No active session ID set. Ignoring incoming 'gift' event.
2026-08-07 21:45:39,796 [WARNING] app.processor: No active session ID set. Ignoring incoming 'comment' event.
2026-08-07 21:45:40,474 [WARNING] app.processor: No active session ID set. Ignoring incoming 'gift' event.
2026-08-07 21:45:43,048 [WARNING] app.processor: No active session ID set. Ignoring incoming 'viewer' event.
2026-08-07 21:45:43,117 [WARNING] app.processor: No active session ID set. Ignoring incoming 'comment' event.
2026-08-07 21:45:43,961 [WARNING] app.processor: No active session ID set. Ignoring incoming 'comment' event.
2026-08-07 21:45:44,708 [WARNING] app.processor: No active session ID set. Ignoring incoming 'gift' event.
2026-08-07 21:45:44,975 [WARNING] app.processor: No active session ID set. Ignoring incoming 'viewer' event.
2026-08-07 21:45:45,448 [WARNING] app.processor: No active session ID set. Ignoring incoming 'gift' event.
2026-08-07 21:45:45,985 [WARNING] app.processor: No active session ID set. Ignoring incoming 'comment' event.
2026-08-07 21:45:46,229 [WARNING] app.processor: No active session ID set. Ignoring incoming 'comment' event.
2026-08-07 21:45:46,875 [WARNING] app.processor: No active session ID set. Ignoring incoming 'viewer' event.
2026-08-07 21:45:48,573 [WARNING] app.processor: No active session ID set. Ignoring incoming 'viewer' event.
2026-08-07 21:45:48,934 [WARNING] app.processor: No active session ID set. Ignoring incoming 'gift' event.
2026-08-07 21:45:49,828 [WARNING] app.processor: No active session ID set. Ignoring incoming 'gift' event.
2026-08-07 21:45:50,351 [WARNING] app.processor: No active session ID set. Ignoring incoming 'comment' event.
2026-08-07 21:45:50,529 [WARNING] app.processor: No active session ID set. Ignoring incoming 'viewer' event.
2026-08-07 21:45:51,095 [WARNING] app.processor: No active session ID set. Ignoring incoming 'comment' event.
2026-08-07 21:45:51,214 [WARNING] app.processor: No active session ID set. Ignoring incoming 'comment' event.
2026-08-07 21:45:52,898 [WARNING] app.processor: No active session ID set. Ignoring incoming 'viewer' event.
2026-08-07 21:45:54,217 [WARNING] app.processor: No active session ID set. Ignoring incoming 'gift' event.
2026-08-07 21:45:54,297 [WARNING] app.processor: No active session ID set. Ignoring incoming 'comment' event.
2026-08-07 21:45:54,858 [WARNING] app.processor: No active session ID set. Ignoring incoming 'gift' event.
2026-08-07 21:45:55,043 [WARNING] app.processor: No active session ID set. Ignoring incoming 'viewer' event.
2026-08-07 21:45:56,575 [WARNING] app.processor: No active session ID set. Ignoring incoming 'viewer' event.
2026-08-07 21:45:57,755 [WARNING] app.processor: No active session ID set. Ignoring incoming 'gift' event.
2026-08-07 21:45:58,308 [WARNING] app.processor: No active session ID set. Ignoring incoming 'viewer' event.
2026-08-07 21:45:58,721 [INFO] app.providers.live: Connecting to TikTok live for username: @aditgol_...
2026-08-07 21:45:59,382 [WARNING] app.processor: No active session ID set. Ignoring incoming 'gift' event.
2026-08-07 21:45:59,387 [INFO] httpx: HTTP Request: GET https://www.tiktok.com/api-live/user/room/?aid=1988&app_language=en&app_name=tiktok_web&browser_language=en-IE&browser_name=Mozilla&browser_online=true&browser_platform=Win32&browser_version=5.0%20%28Windows%20NT%2010.0%3B%20Win64%3B%20x64%29%20AppleWebKit%2F537.36%20%28KHTML%2C%20like%20Gecko%29%20Chrome%2F147.0.0.0%20Safari%2F537.36&cookie_enabled=true&device_platform=web_pc&focus_state=true&from_page=&history_len=7&is_fullscreen=false&is_page_visible=true&screen_height=2048&screen_width=1152&tz_name=Europe/Dublin&channel=tiktok_web&data_collection_enabled=true&os=windows&priority_region=IE&region=IE&user_is_login=false&webcast_language=en&msToken=&referer=https://www.tiktok.com/@aditgol_/live&root_referer=https://www.tiktok.com/@aditgol_/live&device_id=97623867848322644686&uniqueId=aditgol_&sourceType=54 "HTTP/1.1 200 OK"
2026-08-07 21:45:59,672 [INFO] httpx: HTTP Request: GET https://www.tiktok.com/@aditgol_/live? "HTTP/1.1 200 OK"
2026-08-07 21:45:59,913 [INFO] httpx: HTTP Request: GET https://webcast.tiktok.com/webcast/room/check_alive/?aid=1988&app_language=en&app_name=tiktok_web&browser_language=en-IE&browser_name=Mozilla&browser_online=true&browser_platform=Win32&browser_version=5.0%20%28Windows%20NT%2010.0%3B%20Win64%3B%20x64%29%20AppleWebKit%2F537.36%20%28KHTML%2C%20like%20Gecko%29%20Chrome%2F147.0.0.0%20Safari%2F537.36&cookie_enabled=true&device_platform=web_pc&focus_state=true&from_page=&history_len=7&is_fullscreen=false&is_page_visible=true&screen_height=2048&screen_width=1152&tz_name=Europe/Dublin&channel=tiktok_web&data_collection_enabled=true&os=windows&priority_region=IE&region=IE&user_is_login=false&webcast_language=en&msToken=&referer=https://www.tiktok.com/@aditgol_/live&root_referer=https://www.tiktok.com/@aditgol_/live&device_id=52723671883878167246&room_id=7671251601508518676&room_ids=7671251601508518676 "HTTP/1.1 200 OK"
2026-08-07 21:46:00,390 [INFO] httpx: HTTP Request: GET https://api.eulerstream.com/webcast/fetch?client=ttlive-python&room_id=7671251601508518676&user_agent=Mozilla%2F5.0+%28Windows+NT+10.0%3B+Win64%3B+x64%29+AppleWebKit%2F537.36+%28KHTML%2C+like+Gecko%29+Chrome%2F147.0.0.0+Safari%2F537.36&client_enter=true&platform=web&tt_target_idc=useast1a "HTTP/1.1 429 Too Many Requests"
2026-08-07 21:46:00,395 [ERROR] app.providers.live: Connection failed for @aditgol_
Traceback (most recent call last):
  File "C:\Users\pacong2\Videos\tiktobs\app\providers\live.py", line 101, in _run_connection_loop
    raise
  File "C:\Users\pacong2\Videos\tiktobs\.venv\Lib\site-packages\TikTokLive\client\client.py", line 207, in start
    initial_webcast_response: ProtoMessageFetchResult = await self._web.fetch_signed_websocket(self._ws_platform)
                                                        ^^^^^^^^^^^^^^^^^^^^^^^^^^^^^^^^^^^^^^^^^^^^^^^^^^^^^^^^^
  File "C:\Users\pacong2\Videos\tiktobs\.venv\Lib\site-packages\TikTokLive\client\web\routes\fetch_signed_websocket.py", line 116, in __call__
    raise SignatureRateLimitError(
TikTokLive.client.errors.SignatureRateLimitError: TikTokLive v6.6.6 -> [RATE_LIMIT] (rate_limit_account_hour) Too many connections started, try again in 0 seconds. 
	|
	+---------------------------------------- SIGN SERVER MESSAGE ----------------------------------------+
	| You have reached the rate limit. Sign up for a free API key at https://www.eulerstream.com/pricing. |
	+-----------------------------------------------------------------------------------------------------+
2026-08-07 21:46:00,398 [INFO] app.providers.live: Reconnecting to @aditgol_ in 20.0s...
2026-08-07 21:46:00,844 [WARNING] app.processor: No active session ID set. Ignoring incoming 'viewer' event.
2026-08-07 21:46:02,766 [WARNING] app.processor: No active session ID set. Ignoring incoming 'gift' event.
2026-08-07 21:46:02,880 [WARNING] app.processor: No active session ID set. Ignoring incoming 'viewer' event.
2026-08-07 21:46:03,311 [WARNING] app.processor: No active session ID set. Ignoring incoming 'comment' event.
2026-08-07 21:46:03,427 [WARNING] app.processor: No active session ID set. Ignoring incoming 'comment' event.
2026-08-07 21:46:03,683 [WARNING] app.processor: No active session ID set. Ignoring incoming 'gift' event.
2026-08-07 21:46:05,041 [WARNING] app.processor: No active session ID set. Ignoring incoming 'viewer' event.
2026-08-07 21:46:06,829 [WARNING] app.processor: No active session ID set. Ignoring incoming 'viewer' event.
2026-08-07 21:46:07,977 [WARNING] app.processor: No active session ID set. Ignoring incoming 'gift' event.
2026-08-07 21:46:08,131 [WARNING] app.processor: No active session ID set. Ignoring incoming 'comment' event.
2026-08-07 21:46:08,905 [WARNING] app.processor: No active session ID set. Ignoring incoming 'gift' event.
2026-08-07 21:46:08,969 [WARNING] app.processor: No active session ID set. Ignoring incoming 'comment' event.
2026-08-07 21:46:09,145 [WARNING] app.processor: No active session ID set. Ignoring incoming 'viewer' event.
2026-08-07 21:46:09,369 [WARNING] app.processor: No active session ID set. Ignoring incoming 'comment' event.
2026-08-07 21:46:10,808 [WARNING] app.processor: No active session ID set. Ignoring incoming 'viewer' event.
2026-08-07 21:46:10,873 [WARNING] app.processor: No active session ID set. Ignoring incoming 'comment' event.
2026-08-07 21:46:11,643 [WARNING] app.processor: No active session ID set. Ignoring incoming 'comment' event.
2026-08-07 21:46:12,188 [WARNING] app.processor: No active session ID set. Ignoring incoming 'gift' event.
2026-08-07 21:46:12,493 [WARNING] app.processor: No active session ID set. Ignoring incoming 'viewer' event.
2026-08-07 21:46:13,545 [WARNING] app.processor: No active session ID set. Ignoring incoming 'gift' event.
2026-08-07 21:46:13,598 [WARNING] app.processor: No active session ID set. Ignoring incoming 'comment' event.
2026-08-07 21:46:13,682 [WARNING] app.processor: No active session ID set. Ignoring incoming 'comment' event.
2026-08-07 21:46:15,121 [WARNING] app.processor: No active session ID set. Ignoring incoming 'viewer' event.
2026-08-07 21:46:17,034 [WARNING] app.processor: No active session ID set. Ignoring incoming 'gift' event.
2026-08-07 21:46:17,151 [WARNING] app.processor: No active session ID set. Ignoring incoming 'viewer' event.
2026-08-07 21:46:17,207 [WARNING] app.processor: No active session ID set. Ignoring incoming 'comment' event.
2026-08-07 21:46:17,753 [WARNING] app.processor: No active session ID set. Ignoring incoming 'gift' event.
2026-08-07 21:46:18,287 [WARNING] app.processor: No active session ID set. Ignoring incoming 'comment' event.
2026-08-07 21:46:18,327 [WARNING] app.processor: No active session ID set. Ignoring incoming 'comment' event.
2026-08-07 21:46:18,438 [WARNING] app.processor: No active session ID set. Ignoring incoming 'viewer' event.
2026-08-07 21:46:20,395 [INFO] app.providers.live: Connecting to TikTok live for username: @aditgol_...
2026-08-07 21:46:20,796 [WARNING] app.processor: No active session ID set. Ignoring incoming 'viewer' event.
2026-08-07 21:46:21,165 [WARNING] app.processor: No active session ID set. Ignoring incoming 'gift' event.
2026-08-07 21:46:21,167 [INFO] httpx: HTTP Request: GET https://www.tiktok.com/api-live/user/room/?aid=1988&app_language=en&app_name=tiktok_web&browser_language=en-IE&browser_name=Mozilla&browser_online=true&browser_platform=Win32&browser_version=5.0%20%28Windows%20NT%2010.0%3B%20Win64%3B%20x64%29%20AppleWebKit%2F537.36%20%28KHTML%2C%20like%20Gecko%29%20Chrome%2F147.0.0.0%20Safari%2F537.36&cookie_enabled=true&device_platform=web_pc&focus_state=true&from_page=&history_len=7&is_fullscreen=false&is_page_visible=true&screen_height=2048&screen_width=1152&tz_name=Europe/Dublin&channel=tiktok_web&data_collection_enabled=true&os=windows&priority_region=IE&region=IE&user_is_login=false&webcast_language=en&msToken=&referer=https://www.tiktok.com/@aditgol_/live&root_referer=https://www.tiktok.com/@aditgol_/live&device_id=80170920065615527564&uniqueId=aditgol_&sourceType=54 "HTTP/1.1 200 OK"
2026-08-07 21:46:21,398 [INFO] httpx: HTTP Request: GET https://www.tiktok.com/@aditgol_/live? "HTTP/1.1 200 OK"
2026-08-07 21:46:21,577 [INFO] httpx: HTTP Request: GET https://webcast.tiktok.com/webcast/room/check_alive/?aid=1988&app_language=en&app_name=tiktok_web&browser_language=en-IE&browser_name=Mozilla&browser_online=true&browser_platform=Win32&browser_version=5.0%20%28Windows%20NT%2010.0%3B%20Win64%3B%20x64%29%20AppleWebKit%2F537.36%20%28KHTML%2C%20like%20Gecko%29%20Chrome%2F147.0.0.0%20Safari%2F537.36&cookie_enabled=true&device_platform=web_pc&focus_state=true&from_page=&history_len=7&is_fullscreen=false&is_page_visible=true&screen_height=2048&screen_width=1152&tz_name=Europe/Dublin&channel=tiktok_web&data_collection_enabled=true&os=windows&priority_region=IE&region=IE&user_is_login=false&webcast_language=en&msToken=&referer=https://www.tiktok.com/@aditgol_/live&root_referer=https://www.tiktok.com/@aditgol_/live&device_id=17181033614665465260&room_id=7671251601508518676&room_ids=7671251601508518676 "HTTP/1.1 200 OK"
2026-08-07 21:46:22,015 [INFO] httpx: HTTP Request: GET https://api.eulerstream.com/webcast/fetch?client=ttlive-python&room_id=7671251601508518676&user_agent=Mozilla%2F5.0+%28Windows+NT+10.0%3B+Win64%3B+x64%29+AppleWebKit%2F537.36+%28KHTML%2C+like+Gecko%29+Chrome%2F147.0.0.0+Safari%2F537.36&client_enter=true&platform=web&tt_target_idc=useast1a "HTTP/1.1 429 Too Many Requests"
2026-08-07 21:46:22,022 [ERROR] app.providers.live: Connection failed for @aditgol_
Traceback (most recent call last):
  File "C:\Users\pacong2\Videos\tiktobs\app\providers\live.py", line 101, in _run_connection_loop
    raise
  File "C:\Users\pacong2\Videos\tiktobs\.venv\Lib\site-packages\TikTokLive\client\client.py", line 207, in start
    initial_webcast_response: ProtoMessageFetchResult = await self._web.fetch_signed_websocket(self._ws_platform)
                                                        ^^^^^^^^^^^^^^^^^^^^^^^^^^^^^^^^^^^^^^^^^^^^^^^^^^^^^^^^^
  File "C:\Users\pacong2\Videos\tiktobs\.venv\Lib\site-packages\TikTokLive\client\web\routes\fetch_signed_websocket.py", line 116, in __call__
    raise SignatureRateLimitError(
TikTokLive.client.errors.SignatureRateLimitError: TikTokLive v6.6.6 -> [RATE_LIMIT] (rate_limit_account_hour) Too many connections started, try again in 0 seconds. 
	|
	+---------------------------------------- SIGN SERVER MESSAGE ----------------------------------------+
	| You have reached the rate limit. Sign up for a free API key at https://www.eulerstream.com/pricing. |
	+-----------------------------------------------------------------------------------------------------+
2026-08-07 21:46:22,033 [INFO] app.providers.live: Reconnecting to @aditgol_ in 20.0s...
2026-08-07 21:46:22,288 [WARNING] app.processor: No active session ID set. Ignoring incoming 'comment' event.
2026-08-07 21:46:22,603 [WARNING] app.processor: No active session ID set. Ignoring incoming 'gift' event.
2026-08-07 21:46:22,765 [WARNING] app.processor: No active session ID set. Ignoring incoming 'viewer' event.
2026-08-07 21:46:37,315 [INFO] app.main: Initializing database and application components...
2026-08-07 21:46:39,622 [INFO] app.main: WebSocket client connected. Total clients: 1
2026-08-07 21:46:41,580 [INFO] app.processor: EventProcessor active session updated to: 3428225a
2026-08-07 21:46:41,584 [INFO] app.providers.live: Connecting to TikTok live for username: @aditgol_...
2026-08-07 21:46:42,394 [INFO] httpx: HTTP Request: GET https://www.tiktok.com/api-live/user/room/?aid=1988&app_language=en&app_name=tiktok_web&browser_language=en-GB&browser_name=Mozilla&browser_online=true&browser_platform=MacIntel&browser_version=5.0%20%28Macintosh%3B%20Intel%20Mac%20OS%20X%2015.7%3B%20rv%3A150.0%29%20Gecko%2F20100101%20Firefox%2F150.0&cookie_enabled=true&device_platform=web_pc&focus_state=true&from_page=&history_len=7&is_fullscreen=false&is_page_visible=true&screen_height=2160&screen_width=3840&tz_name=Europe/London&channel=tiktok_web&data_collection_enabled=true&os=mac&priority_region=GB&region=GB&user_is_login=false&webcast_language=en&msToken=&referer=https://www.tiktok.com/@aditgol_/live&root_referer=https://www.tiktok.com/@aditgol_/live&device_id=98012913585376463139&uniqueId=aditgol_&sourceType=54 "HTTP/1.1 200 OK"
2026-08-07 21:46:42,799 [INFO] httpx: HTTP Request: GET https://www.tiktok.com/@aditgol_/live? "HTTP/1.1 200 OK"
2026-08-07 21:46:43,001 [INFO] httpx: HTTP Request: GET https://webcast.tiktok.com/webcast/room/check_alive/?aid=1988&app_language=en&app_name=tiktok_web&browser_language=en-GB&browser_name=Mozilla&browser_online=true&browser_platform=MacIntel&browser_version=5.0%20%28Macintosh%3B%20Intel%20Mac%20OS%20X%2015.7%3B%20rv%3A150.0%29%20Gecko%2F20100101%20Firefox%2F150.0&cookie_enabled=true&device_platform=web_pc&focus_state=true&from_page=&history_len=7&is_fullscreen=false&is_page_visible=true&screen_height=2160&screen_width=3840&tz_name=Europe/London&channel=tiktok_web&data_collection_enabled=true&os=mac&priority_region=GB&region=GB&user_is_login=false&webcast_language=en&msToken=&referer=https://www.tiktok.com/@aditgol_/live&root_referer=https://www.tiktok.com/@aditgol_/live&device_id=29501511396138795743&room_id=7671251601508518676&room_ids=7671251601508518676 "HTTP/1.1 200 OK"
2026-08-07 21:46:43,415 [INFO] httpx: HTTP Request: GET https://api.eulerstream.com/webcast/fetch?client=ttlive-python&room_id=7671251601508518676&user_agent=Mozilla%2F5.0+%28Macintosh%3B+Intel+Mac+OS+X+15.7%3B+rv%3A150.0%29+Gecko%2F20100101+Firefox%2F150.0&client_enter=true&platform=web&tt_target_idc=useast1a "HTTP/1.1 429 Too Many Requests"
2026-08-07 21:46:43,420 [ERROR] app.providers.live: Connection failed for @aditgol_
Traceback (most recent call last):
  File "C:\Users\pacong2\Videos\tiktobs\app\providers\live.py", line 108, in _run_connection_loop
    await self.client.start()
  File "C:\Users\pacong2\Videos\tiktobs\.venv\Lib\site-packages\TikTokLive\client\client.py", line 207, in start
    initial_webcast_response: ProtoMessageFetchResult = await self._web.fetch_signed_websocket(self._ws_platform)
                                                        ^^^^^^^^^^^^^^^^^^^^^^^^^^^^^^^^^^^^^^^^^^^^^^^^^^^^^^^^^
  File "C:\Users\pacong2\Videos\tiktobs\.venv\Lib\site-packages\TikTokLive\client\web\routes\fetch_signed_websocket.py", line 116, in __call__
    raise SignatureRateLimitError(
TikTokLive.client.errors.SignatureRateLimitError: TikTokLive v6.6.6 -> [RATE_LIMIT] (rate_limit_account_hour) Too many connections started, try again in 0 seconds. 
	|
	+---------------------------------------- SIGN SERVER MESSAGE ----------------------------------------+
	| You have reached the rate limit. Sign up for a free API key at https://www.eulerstream.com/pricing. |
	+-----------------------------------------------------------------------------------------------------+
2026-08-07 21:46:43,461 [INFO] app.processor: EventProcessor active session updated to: None
2026-08-07 21:46:43,470 [INFO] app.providers.live: Reconnecting to @aditgol_ in 2.0s...
2026-08-07 21:46:45,482 [INFO] app.providers.live: Connecting to TikTok live for username: @aditgol_...
2026-08-07 21:46:45,882 [INFO] httpx: HTTP Request: GET https://www.tiktok.com/api-live/user/room/?aid=1988&app_language=en&app_name=tiktok_web&browser_language=en-GB&browser_name=Mozilla&browser_online=true&browser_platform=MacIntel&browser_version=5.0%20%28Macintosh%3B%20Intel%20Mac%20OS%20X%2015.7%3B%20rv%3A150.0%29%20Gecko%2F20100101%20Firefox%2F150.0&cookie_enabled=true&device_platform=web_pc&focus_state=true&from_page=&history_len=7&is_fullscreen=false&is_page_visible=true&screen_height=2160&screen_width=3840&tz_name=Europe/London&channel=tiktok_web&data_collection_enabled=true&os=mac&priority_region=GB&region=GB&user_is_login=false&webcast_language=en&msToken=&referer=https://www.tiktok.com/@aditgol_/live&root_referer=https://www.tiktok.com/@aditgol_/live&device_id=97867155708343483923&uniqueId=aditgol_&sourceType=54 "HTTP/1.1 200 OK"
2026-08-07 21:46:46,124 [INFO] httpx: HTTP Request: GET https://www.tiktok.com/@aditgol_/live? "HTTP/1.1 200 OK"
2026-08-07 21:46:46,302 [INFO] httpx: HTTP Request: GET https://webcast.tiktok.com/webcast/room/check_alive/?aid=1988&app_language=en&app_name=tiktok_web&browser_language=en-GB&browser_name=Mozilla&browser_online=true&browser_platform=MacIntel&browser_version=5.0%20%28Macintosh%3B%20Intel%20Mac%20OS%20X%2015.7%3B%20rv%3A150.0%29%20Gecko%2F20100101%20Firefox%2F150.0&cookie_enabled=true&device_platform=web_pc&focus_state=true&from_page=&history_len=7&is_fullscreen=false&is_page_visible=true&screen_height=2160&screen_width=3840&tz_name=Europe/London&channel=tiktok_web&data_collection_enabled=true&os=mac&priority_region=GB&region=GB&user_is_login=false&webcast_language=en&msToken=&referer=https://www.tiktok.com/@aditgol_/live&root_referer=https://www.tiktok.com/@aditgol_/live&device_id=40771544047435894447&room_id=7671251601508518676&room_ids=7671251601508518676 "HTTP/1.1 200 OK"
2026-08-07 21:46:46,856 [INFO] httpx: HTTP Request: GET https://api.eulerstream.com/webcast/fetch?client=ttlive-python&room_id=7671251601508518676&user_agent=Mozilla%2F5.0+%28Macintosh%3B+Intel+Mac+OS+X+15.7%3B+rv%3A150.0%29+Gecko%2F20100101+Firefox%2F150.0&client_enter=true&platform=web&tt_target_idc=useast1a "HTTP/1.1 429 Too Many Requests"
2026-08-07 21:46:46,858 [ERROR] app.providers.live: Connection failed for @aditgol_
Traceback (most recent call last):
  File "C:\Users\pacong2\Videos\tiktobs\app\providers\live.py", line 108, in _run_connection_loop
    await self.client.start()
  File "C:\Users\pacong2\Videos\tiktobs\.venv\Lib\site-packages\TikTokLive\client\client.py", line 207, in start
    initial_webcast_response: ProtoMessageFetchResult = await self._web.fetch_signed_websocket(self._ws_platform)
                                                        ^^^^^^^^^^^^^^^^^^^^^^^^^^^^^^^^^^^^^^^^^^^^^^^^^^^^^^^^^
  File "C:\Users\pacong2\Videos\tiktobs\.venv\Lib\site-packages\TikTokLive\client\web\routes\fetch_signed_websocket.py", line 116, in __call__
    raise SignatureRateLimitError(
TikTokLive.client.errors.SignatureRateLimitError: TikTokLive v6.6.6 -> [RATE_LIMIT] (rate_limit_account_hour) Too many connections started, try again in 0 seconds. 
	|
	+---------------------------------------- SIGN SERVER MESSAGE ----------------------------------------+
	| You have reached the rate limit. Sign up for a free API key at https://www.eulerstream.com/pricing. |
	+-----------------------------------------------------------------------------------------------------+
2026-08-07 21:46:46,865 [INFO] app.providers.live: Reconnecting to @aditgol_ in 4.0s...
2026-08-07 21:46:50,880 [INFO] app.providers.live: Connecting to TikTok live for username: @aditgol_...
2026-08-07 21:46:51,404 [INFO] httpx: HTTP Request: GET https://www.tiktok.com/api-live/user/room/?aid=1988&app_language=en&app_name=tiktok_web&browser_language=en-GB&browser_name=Mozilla&browser_online=true&browser_platform=MacIntel&browser_version=5.0%20%28Macintosh%3B%20Intel%20Mac%20OS%20X%2015.7%3B%20rv%3A150.0%29%20Gecko%2F20100101%20Firefox%2F150.0&cookie_enabled=true&device_platform=web_pc&focus_state=true&from_page=&history_len=7&is_fullscreen=false&is_page_visible=true&screen_height=2160&screen_width=3840&tz_name=Europe/London&channel=tiktok_web&data_collection_enabled=true&os=mac&priority_region=GB&region=GB&user_is_login=false&webcast_language=en&msToken=&referer=https://www.tiktok.com/@aditgol_/live&root_referer=https://www.tiktok.com/@aditgol_/live&device_id=76341238081399052951&uniqueId=aditgol_&sourceType=54 "HTTP/1.1 200 OK"
2026-08-07 21:46:51,686 [INFO] httpx: HTTP Request: GET https://www.tiktok.com/@aditgol_/live? "HTTP/1.1 200 OK"
2026-08-07 21:46:51,850 [INFO] httpx: HTTP Request: GET https://webcast.tiktok.com/webcast/room/check_alive/?aid=1988&app_language=en&app_name=tiktok_web&browser_language=en-GB&browser_name=Mozilla&browser_online=true&browser_platform=MacIntel&browser_version=5.0%20%28Macintosh%3B%20Intel%20Mac%20OS%20X%2015.7%3B%20rv%3A150.0%29%20Gecko%2F20100101%20Firefox%2F150.0&cookie_enabled=true&device_platform=web_pc&focus_state=true&from_page=&history_len=7&is_fullscreen=false&is_page_visible=true&screen_height=2160&screen_width=3840&tz_name=Europe/London&channel=tiktok_web&data_collection_enabled=true&os=mac&priority_region=GB&region=GB&user_is_login=false&webcast_language=en&msToken=&referer=https://www.tiktok.com/@aditgol_/live&root_referer=https://www.tiktok.com/@aditgol_/live&device_id=21458813118502350677&room_id=7671251601508518676&room_ids=7671251601508518676 "HTTP/1.1 200 OK"
2026-08-07 21:46:52,317 [INFO] httpx: HTTP Request: GET https://api.eulerstream.com/webcast/fetch?client=ttlive-python&room_id=7671251601508518676&user_agent=Mozilla%2F5.0+%28Macintosh%3B+Intel+Mac+OS+X+15.7%3B+rv%3A150.0%29+Gecko%2F20100101+Firefox%2F150.0&client_enter=true&platform=web&tt_target_idc=useast1a "HTTP/1.1 429 Too Many Requests"
2026-08-07 21:46:52,322 [ERROR] app.providers.live: Connection failed for @aditgol_
Traceback (most recent call last):
  File "C:\Users\pacong2\Videos\tiktobs\app\providers\live.py", line 108, in _run_connection_loop
    await self.client.start()
  File "C:\Users\pacong2\Videos\tiktobs\.venv\Lib\site-packages\TikTokLive\client\client.py", line 207, in start
    initial_webcast_response: ProtoMessageFetchResult = await self._web.fetch_signed_websocket(self._ws_platform)
                                                        ^^^^^^^^^^^^^^^^^^^^^^^^^^^^^^^^^^^^^^^^^^^^^^^^^^^^^^^^^
  File "C:\Users\pacong2\Videos\tiktobs\.venv\Lib\site-packages\TikTokLive\client\web\routes\fetch_signed_websocket.py", line 116, in __call__
    raise SignatureRateLimitError(
TikTokLive.client.errors.SignatureRateLimitError: TikTokLive v6.6.6 -> [RATE_LIMIT] (rate_limit_account_hour) Too many connections started, try again in 0 seconds. 
	|
	+---------------------------------------- SIGN SERVER MESSAGE ----------------------------------------+
	| You have reached the rate limit. Sign up for a free API key at https://www.eulerstream.com/pricing. |
	+-----------------------------------------------------------------------------------------------------+
2026-08-07 21:46:52,331 [INFO] app.providers.live: Reconnecting to @aditgol_ in 8.0s...
2026-08-07 21:47:00,347 [INFO] app.providers.live: Connecting to TikTok live for username: @aditgol_...
2026-08-07 21:47:01,197 [INFO] httpx: HTTP Request: GET https://www.tiktok.com/api-live/user/room/?aid=1988&app_language=en&app_name=tiktok_web&browser_language=en-GB&browser_name=Mozilla&browser_online=true&browser_platform=MacIntel&browser_version=5.0%20%28Macintosh%3B%20Intel%20Mac%20OS%20X%2015.7%3B%20rv%3A150.0%29%20Gecko%2F20100101%20Firefox%2F150.0&cookie_enabled=true&device_platform=web_pc&focus_state=true&from_page=&history_len=7&is_fullscreen=false&is_page_visible=true&screen_height=2160&screen_width=3840&tz_name=Europe/London&channel=tiktok_web&data_collection_enabled=true&os=mac&priority_region=GB&region=GB&user_is_login=false&webcast_language=en&msToken=&referer=https://www.tiktok.com/@aditgol_/live&root_referer=https://www.tiktok.com/@aditgol_/live&device_id=68852145534494987227&uniqueId=aditgol_&sourceType=54 "HTTP/1.1 200 OK"
2026-08-07 21:47:01,650 [INFO] httpx: HTTP Request: GET https://www.tiktok.com/@aditgol_/live? "HTTP/1.1 200 OK"
2026-08-07 21:47:01,839 [INFO] httpx: HTTP Request: GET https://webcast.tiktok.com/webcast/room/check_alive/?aid=1988&app_language=en&app_name=tiktok_web&browser_language=en-GB&browser_name=Mozilla&browser_online=true&browser_platform=MacIntel&browser_version=5.0%20%28Macintosh%3B%20Intel%20Mac%20OS%20X%2015.7%3B%20rv%3A150.0%29%20Gecko%2F20100101%20Firefox%2F150.0&cookie_enabled=true&device_platform=web_pc&focus_state=true&from_page=&history_len=7&is_fullscreen=false&is_page_visible=true&screen_height=2160&screen_width=3840&tz_name=Europe/London&channel=tiktok_web&data_collection_enabled=true&os=mac&priority_region=GB&region=GB&user_is_login=false&webcast_language=en&msToken=&referer=https://www.tiktok.com/@aditgol_/live&root_referer=https://www.tiktok.com/@aditgol_/live&device_id=38287228814536969837&room_id=7671251601508518676&room_ids=7671251601508518676 "HTTP/1.1 200 OK"
2026-08-07 21:47:02,339 [INFO] httpx: HTTP Request: GET https://api.eulerstream.com/webcast/fetch?client=ttlive-python&room_id=7671251601508518676&user_agent=Mozilla%2F5.0+%28Macintosh%3B+Intel+Mac+OS+X+15.7%3B+rv%3A150.0%29+Gecko%2F20100101+Firefox%2F150.0&client_enter=true&platform=web&tt_target_idc=useast1a "HTTP/1.1 429 Too Many Requests"
2026-08-07 21:47:02,380 [ERROR] app.providers.live: Connection failed for @aditgol_
Traceback (most recent call last):
  File "C:\Users\pacong2\Videos\tiktobs\app\providers\live.py", line 108, in _run_connection_loop
    await self.client.start()
  File "C:\Users\pacong2\Videos\tiktobs\.venv\Lib\site-packages\TikTokLive\client\client.py", line 207, in start
    initial_webcast_response: ProtoMessageFetchResult = await self._web.fetch_signed_websocket(self._ws_platform)
                                                        ^^^^^^^^^^^^^^^^^^^^^^^^^^^^^^^^^^^^^^^^^^^^^^^^^^^^^^^^^
  File "C:\Users\pacong2\Videos\tiktobs\.venv\Lib\site-packages\TikTokLive\client\web\routes\fetch_signed_websocket.py", line 116, in __call__
    raise SignatureRateLimitError(
TikTokLive.client.errors.SignatureRateLimitError: TikTokLive v6.6.6 -> [RATE_LIMIT] (rate_limit_account_hour) Too many connections started, try again in 0 seconds. 
	|
	+---------------------------------------- SIGN SERVER MESSAGE ----------------------------------------+
	| You have reached the rate limit. Sign up for a free API key at https://www.eulerstream.com/pricing. |
	+-----------------------------------------------------------------------------------------------------+
2026-08-07 21:47:02,579 [INFO] app.providers.live: Reconnecting to @aditgol_ in 16.0s...
2026-08-07 21:47:18,602 [INFO] app.providers.live: Connecting to TikTok live for username: @aditgol_...
2026-08-07 21:47:19,133 [INFO] httpx: HTTP Request: GET https://www.tiktok.com/api-live/user/room/?aid=1988&app_language=en&app_name=tiktok_web&browser_language=en-GB&browser_name=Mozilla&browser_online=true&browser_platform=MacIntel&browser_version=5.0%20%28Macintosh%3B%20Intel%20Mac%20OS%20X%2015.7%3B%20rv%3A150.0%29%20Gecko%2F20100101%20Firefox%2F150.0&cookie_enabled=true&device_platform=web_pc&focus_state=true&from_page=&history_len=7&is_fullscreen=false&is_page_visible=true&screen_height=2160&screen_width=3840&tz_name=Europe/London&channel=tiktok_web&data_collection_enabled=true&os=mac&priority_region=GB&region=GB&user_is_login=false&webcast_language=en&msToken=&referer=https://www.tiktok.com/@aditgol_/live&root_referer=https://www.tiktok.com/@aditgol_/live&device_id=36422855313273399669&uniqueId=aditgol_&sourceType=54 "HTTP/1.1 200 OK"
2026-08-07 21:47:19,592 [INFO] httpx: HTTP Request: GET https://www.tiktok.com/@aditgol_/live? "HTTP/1.1 200 OK"
2026-08-07 21:47:19,891 [INFO] httpx: HTTP Request: GET https://webcast.tiktok.com/webcast/room/check_alive/?aid=1988&app_language=en&app_name=tiktok_web&browser_language=en-GB&browser_name=Mozilla&browser_online=true&browser_platform=MacIntel&browser_version=5.0%20%28Macintosh%3B%20Intel%20Mac%20OS%20X%2015.7%3B%20rv%3A150.0%29%20Gecko%2F20100101%20Firefox%2F150.0&cookie_enabled=true&device_platform=web_pc&focus_state=true&from_page=&history_len=7&is_fullscreen=false&is_page_visible=true&screen_height=2160&screen_width=3840&tz_name=Europe/London&channel=tiktok_web&data_collection_enabled=true&os=mac&priority_region=GB&region=GB&user_is_login=false&webcast_language=en&msToken=&referer=https://www.tiktok.com/@aditgol_/live&root_referer=https://www.tiktok.com/@aditgol_/live&device_id=36598916507370418252&room_id=7671251601508518676&room_ids=7671251601508518676 "HTTP/1.1 200 OK"
2026-08-07 21:47:20,382 [INFO] httpx: HTTP Request: GET https://api.eulerstream.com/webcast/fetch?client=ttlive-python&room_id=7671251601508518676&user_agent=Mozilla%2F5.0+%28Macintosh%3B+Intel+Mac+OS+X+15.7%3B+rv%3A150.0%29+Gecko%2F20100101+Firefox%2F150.0&client_enter=true&platform=web&tt_target_idc=useast1a "HTTP/1.1 429 Too Many Requests"
2026-08-07 21:47:20,510 [ERROR] app.providers.live: Connection failed for @aditgol_
Traceback (most recent call last):
  File "C:\Users\pacong2\Videos\tiktobs\app\providers\live.py", line 108, in _run_connection_loop
    await self.client.start()
  File "C:\Users\pacong2\Videos\tiktobs\.venv\Lib\site-packages\TikTokLive\client\client.py", line 207, in start
    initial_webcast_response: ProtoMessageFetchResult = await self._web.fetch_signed_websocket(self._ws_platform)
                                                        ^^^^^^^^^^^^^^^^^^^^^^^^^^^^^^^^^^^^^^^^^^^^^^^^^^^^^^^^^
  File "C:\Users\pacong2\Videos\tiktobs\.venv\Lib\site-packages\TikTokLive\client\web\routes\fetch_signed_websocket.py", line 116, in __call__
    raise SignatureRateLimitError(
TikTokLive.client.errors.SignatureRateLimitError: TikTokLive v6.6.6 -> [RATE_LIMIT] (rate_limit_account_hour) Too many connections started, try again in 0 seconds. 
	|
	+---------------------------------------- SIGN SERVER MESSAGE ----------------------------------------+
	| You have reached the rate limit. Sign up for a free API key at https://www.eulerstream.com/pricing. |
	+-----------------------------------------------------------------------------------------------------+
2026-08-07 21:47:20,604 [INFO] app.providers.live: Reconnecting to @aditgol_ in 20.0s...
2026-08-07 21:47:40,695 [INFO] app.providers.live: Connecting to TikTok live for username: @aditgol_...
2026-08-07 21:47:41,267 [INFO] httpx: HTTP Request: GET https://www.tiktok.com/api-live/user/room/?aid=1988&app_language=en&app_name=tiktok_web&browser_language=en-GB&browser_name=Mozilla&browser_online=true&browser_platform=MacIntel&browser_version=5.0%20%28Macintosh%3B%20Intel%20Mac%20OS%20X%2015.7%3B%20rv%3A150.0%29%20Gecko%2F20100101%20Firefox%2F150.0&cookie_enabled=true&device_platform=web_pc&focus_state=true&from_page=&history_len=7&is_fullscreen=false&is_page_visible=true&screen_height=2160&screen_width=3840&tz_name=Europe/London&channel=tiktok_web&data_collection_enabled=true&os=mac&priority_region=GB&region=GB&user_is_login=false&webcast_language=en&msToken=&referer=https://www.tiktok.com/@aditgol_/live&root_referer=https://www.tiktok.com/@aditgol_/live&device_id=29456283810172382486&uniqueId=aditgol_&sourceType=54 "HTTP/1.1 200 OK"
2026-08-07 21:47:41,477 [INFO] httpx: HTTP Request: GET https://www.tiktok.com/@aditgol_/live? "HTTP/1.1 200 OK"
2026-08-07 21:47:41,703 [INFO] httpx: HTTP Request: GET https://webcast.tiktok.com/webcast/room/check_alive/?aid=1988&app_language=en&app_name=tiktok_web&browser_language=en-GB&browser_name=Mozilla&browser_online=true&browser_platform=MacIntel&browser_version=5.0%20%28Macintosh%3B%20Intel%20Mac%20OS%20X%2015.7%3B%20rv%3A150.0%29%20Gecko%2F20100101%20Firefox%2F150.0&cookie_enabled=true&device_platform=web_pc&focus_state=true&from_page=&history_len=7&is_fullscreen=false&is_page_visible=true&screen_height=2160&screen_width=3840&tz_name=Europe/London&channel=tiktok_web&data_collection_enabled=true&os=mac&priority_region=GB&region=GB&user_is_login=false&webcast_language=en&msToken=&referer=https://www.tiktok.com/@aditgol_/live&root_referer=https://www.tiktok.com/@aditgol_/live&device_id=62027102726433151484&room_id=7671251601508518676&room_ids=7671251601508518676 "HTTP/1.1 200 OK"
2026-08-07 21:47:42,192 [INFO] httpx: HTTP Request: GET https://api.eulerstream.com/webcast/fetch?client=ttlive-python&room_id=7671251601508518676&user_agent=Mozilla%2F5.0+%28Macintosh%3B+Intel+Mac+OS+X+15.7%3B+rv%3A150.0%29+Gecko%2F20100101+Firefox%2F150.0&client_enter=true&platform=web&tt_target_idc=useast1a "HTTP/1.1 429 Too Many Requests"
2026-08-07 21:47:42,195 [ERROR] app.providers.live: Connection failed for @aditgol_
Traceback (most recent call last):
  File "C:\Users\pacong2\Videos\tiktobs\app\providers\live.py", line 108, in _run_connection_loop
    await self.client.start()
  File "C:\Users\pacong2\Videos\tiktobs\.venv\Lib\site-packages\TikTokLive\client\client.py", line 207, in start
    initial_webcast_response: ProtoMessageFetchResult = await self._web.fetch_signed_websocket(self._ws_platform)
                                                        ^^^^^^^^^^^^^^^^^^^^^^^^^^^^^^^^^^^^^^^^^^^^^^^^^^^^^^^^^
  File "C:\Users\pacong2\Videos\tiktobs\.venv\Lib\site-packages\TikTokLive\client\web\routes\fetch_signed_websocket.py", line 116, in __call__
    raise SignatureRateLimitError(
TikTokLive.client.errors.SignatureRateLimitError: TikTokLive v6.6.6 -> [RATE_LIMIT] (rate_limit_account_hour) Too many connections started, try again in 0 seconds. 
	|
	+---------------------------------------- SIGN SERVER MESSAGE ----------------------------------------+
	| You have reached the rate limit. Sign up for a free API key at https://www.eulerstream.com/pricing. |
	+-----------------------------------------------------------------------------------------------------+
2026-08-07 21:47:42,197 [INFO] app.providers.live: Reconnecting to @aditgol_ in 20.0s...
2026-08-07 21:48:02,215 [INFO] app.providers.live: Connecting to TikTok live for username: @aditgol_...
2026-08-07 21:48:03,178 [INFO] httpx: HTTP Request: GET https://www.tiktok.com/api-live/user/room/?aid=1988&app_language=en&app_name=tiktok_web&browser_language=en-GB&browser_name=Mozilla&browser_online=true&browser_platform=MacIntel&browser_version=5.0%20%28Macintosh%3B%20Intel%20Mac%20OS%20X%2015.7%3B%20rv%3A150.0%29%20Gecko%2F20100101%20Firefox%2F150.0&cookie_enabled=true&device_platform=web_pc&focus_state=true&from_page=&history_len=7&is_fullscreen=false&is_page_visible=true&screen_height=2160&screen_width=3840&tz_name=Europe/London&channel=tiktok_web&data_collection_enabled=true&os=mac&priority_region=GB&region=GB&user_is_login=false&webcast_language=en&msToken=&referer=https://www.tiktok.com/@aditgol_/live&root_referer=https://www.tiktok.com/@aditgol_/live&device_id=25828634947635874596&uniqueId=aditgol_&sourceType=54 "HTTP/1.1 200 OK"
2026-08-07 21:48:03,464 [INFO] httpx: HTTP Request: GET https://www.tiktok.com/@aditgol_/live? "HTTP/1.1 200 OK"
2026-08-07 21:48:03,754 [INFO] httpx: HTTP Request: GET https://webcast.tiktok.com/webcast/room/check_alive/?aid=1988&app_language=en&app_name=tiktok_web&browser_language=en-GB&browser_name=Mozilla&browser_online=true&browser_platform=MacIntel&browser_version=5.0%20%28Macintosh%3B%20Intel%20Mac%20OS%20X%2015.7%3B%20rv%3A150.0%29%20Gecko%2F20100101%20Firefox%2F150.0&cookie_enabled=true&device_platform=web_pc&focus_state=true&from_page=&history_len=7&is_fullscreen=false&is_page_visible=true&screen_height=2160&screen_width=3840&tz_name=Europe/London&channel=tiktok_web&data_collection_enabled=true&os=mac&priority_region=GB&region=GB&user_is_login=false&webcast_language=en&msToken=&referer=https://www.tiktok.com/@aditgol_/live&root_referer=https://www.tiktok.com/@aditgol_/live&device_id=29645555343009352485&room_id=7671251601508518676&room_ids=7671251601508518676 "HTTP/1.1 200 OK"
2026-08-07 21:48:04,229 [INFO] httpx: HTTP Request: GET https://api.eulerstream.com/webcast/fetch?client=ttlive-python&room_id=7671251601508518676&user_agent=Mozilla%2F5.0+%28Macintosh%3B+Intel+Mac+OS+X+15.7%3B+rv%3A150.0%29+Gecko%2F20100101+Firefox%2F150.0&client_enter=true&platform=web&tt_target_idc=useast1a "HTTP/1.1 429 Too Many Requests"
2026-08-07 21:48:04,235 [ERROR] app.providers.live: Connection failed for @aditgol_
Traceback (most recent call last):
  File "C:\Users\pacong2\Videos\tiktobs\app\providers\live.py", line 108, in _run_connection_loop
    await self.client.start()
  File "C:\Users\pacong2\Videos\tiktobs\.venv\Lib\site-packages\TikTokLive\client\client.py", line 207, in start
    initial_webcast_response: ProtoMessageFetchResult = await self._web.fetch_signed_websocket(self._ws_platform)
                                                        ^^^^^^^^^^^^^^^^^^^^^^^^^^^^^^^^^^^^^^^^^^^^^^^^^^^^^^^^^
  File "C:\Users\pacong2\Videos\tiktobs\.venv\Lib\site-packages\TikTokLive\client\web\routes\fetch_signed_websocket.py", line 116, in __call__
    raise SignatureRateLimitError(
TikTokLive.client.errors.SignatureRateLimitError: TikTokLive v6.6.6 -> [RATE_LIMIT] (rate_limit_account_hour) Too many connections started, try again in 0 seconds. 
	|
	+---------------------------------------- SIGN SERVER MESSAGE ----------------------------------------+
	| You have reached the rate limit. Sign up for a free API key at https://www.eulerstream.com/pricing. |
	+-----------------------------------------------------------------------------------------------------+
2026-08-07 21:48:04,238 [INFO] app.providers.live: Reconnecting to @aditgol_ in 20.0s...
2026-08-07 21:48:24,236 [INFO] app.providers.live: Connecting to TikTok live for username: @aditgol_...
2026-08-07 21:48:24,881 [INFO] httpx: HTTP Request: GET https://www.tiktok.com/api-live/user/room/?aid=1988&app_language=en&app_name=tiktok_web&browser_language=en-GB&browser_name=Mozilla&browser_online=true&browser_platform=MacIntel&browser_version=5.0%20%28Macintosh%3B%20Intel%20Mac%20OS%20X%2015.7%3B%20rv%3A150.0%29%20Gecko%2F20100101%20Firefox%2F150.0&cookie_enabled=true&device_platform=web_pc&focus_state=true&from_page=&history_len=7&is_fullscreen=false&is_page_visible=true&screen_height=2160&screen_width=3840&tz_name=Europe/London&channel=tiktok_web&data_collection_enabled=true&os=mac&priority_region=GB&region=GB&user_is_login=false&webcast_language=en&msToken=&referer=https://www.tiktok.com/@aditgol_/live&root_referer=https://www.tiktok.com/@aditgol_/live&device_id=87762406233725164967&uniqueId=aditgol_&sourceType=54 "HTTP/1.1 200 OK"
2026-08-07 21:48:25,163 [INFO] httpx: HTTP Request: GET https://www.tiktok.com/@aditgol_/live? "HTTP/1.1 200 OK"
2026-08-07 21:48:25,501 [INFO] httpx: HTTP Request: GET https://webcast.tiktok.com/webcast/room/check_alive/?aid=1988&app_language=en&app_name=tiktok_web&browser_language=en-GB&browser_name=Mozilla&browser_online=true&browser_platform=MacIntel&browser_version=5.0%20%28Macintosh%3B%20Intel%20Mac%20OS%20X%2015.7%3B%20rv%3A150.0%29%20Gecko%2F20100101%20Firefox%2F150.0&cookie_enabled=true&device_platform=web_pc&focus_state=true&from_page=&history_len=7&is_fullscreen=false&is_page_visible=true&screen_height=2160&screen_width=3840&tz_name=Europe/London&channel=tiktok_web&data_collection_enabled=true&os=mac&priority_region=GB&region=GB&user_is_login=false&webcast_language=en&msToken=&referer=https://www.tiktok.com/@aditgol_/live&root_referer=https://www.tiktok.com/@aditgol_/live&device_id=10119833890664038286&room_id=7671251601508518676&room_ids=7671251601508518676 "HTTP/1.1 200 OK"
2026-08-07 21:48:25,958 [INFO] httpx: HTTP Request: GET https://api.eulerstream.com/webcast/fetch?client=ttlive-python&room_id=7671251601508518676&user_agent=Mozilla%2F5.0+%28Macintosh%3B+Intel+Mac+OS+X+15.7%3B+rv%3A150.0%29+Gecko%2F20100101+Firefox%2F150.0&client_enter=true&platform=web&tt_target_idc=useast1a "HTTP/1.1 429 Too Many Requests"
2026-08-07 21:48:25,963 [ERROR] app.providers.live: Connection failed for @aditgol_
Traceback (most recent call last):
  File "C:\Users\pacong2\Videos\tiktobs\app\providers\live.py", line 108, in _run_connection_loop
  File "C:\Users\pacong2\Videos\tiktobs\.venv\Lib\site-packages\TikTokLive\client\client.py", line 207, in start
    initial_webcast_response: ProtoMessageFetchResult = await self._web.fetch_signed_websocket(self._ws_platform)
                                                        ^^^^^^^^^^^^^^^^^^^^^^^^^^^^^^^^^^^^^^^^^^^^^^^^^^^^^^^^^
  File "C:\Users\pacong2\Videos\tiktobs\.venv\Lib\site-packages\TikTokLive\client\web\routes\fetch_signed_websocket.py", line 116, in __call__
    raise SignatureRateLimitError(
TikTokLive.client.errors.SignatureRateLimitError: TikTokLive v6.6.6 -> [RATE_LIMIT] (rate_limit_account_hour) Too many connections started, try again in 0 seconds. 
	|
	+---------------------------------------- SIGN SERVER MESSAGE ----------------------------------------+
	| You have reached the rate limit. Sign up for a free API key at https://www.eulerstream.com/pricing. |
	+-----------------------------------------------------------------------------------------------------+
2026-08-07 21:48:25,966 [INFO] app.providers.live: Reconnecting to @aditgol_ in 20.0s...
2026-08-07 21:48:45,977 [INFO] app.providers.live: Connecting to TikTok live for username: @aditgol_...
2026-08-07 21:48:46,747 [INFO] httpx: HTTP Request: GET https://www.tiktok.com/api-live/user/room/?aid=1988&app_language=en&app_name=tiktok_web&browser_language=en-GB&browser_name=Mozilla&browser_online=true&browser_platform=MacIntel&browser_version=5.0%20%28Macintosh%3B%20Intel%20Mac%20OS%20X%2015.7%3B%20rv%3A150.0%29%20Gecko%2F20100101%20Firefox%2F150.0&cookie_enabled=true&device_platform=web_pc&focus_state=true&from_page=&history_len=7&is_fullscreen=false&is_page_visible=true&screen_height=2160&screen_width=3840&tz_name=Europe/London&channel=tiktok_web&data_collection_enabled=true&os=mac&priority_region=GB&region=GB&user_is_login=false&webcast_language=en&msToken=&referer=https://www.tiktok.com/@aditgol_/live&root_referer=https://www.tiktok.com/@aditgol_/live&device_id=87322474259473806275&uniqueId=aditgol_&sourceType=54 "HTTP/1.1 200 OK"
2026-08-07 21:48:47,198 [INFO] httpx: HTTP Request: GET https://www.tiktok.com/@aditgol_/live? "HTTP/1.1 200 OK"
2026-08-07 21:48:47,372 [INFO] httpx: HTTP Request: GET https://webcast.tiktok.com/webcast/room/check_alive/?aid=1988&app_language=en&app_name=tiktok_web&browser_language=en-GB&browser_name=Mozilla&browser_online=true&browser_platform=MacIntel&browser_version=5.0%20%28Macintosh%3B%20Intel%20Mac%20OS%20X%2015.7%3B%20rv%3A150.0%29%20Gecko%2F20100101%20Firefox%2F150.0&cookie_enabled=true&device_platform=web_pc&focus_state=true&from_page=&history_len=7&is_fullscreen=false&is_page_visible=true&screen_height=2160&screen_width=3840&tz_name=Europe/London&channel=tiktok_web&data_collection_enabled=true&os=mac&priority_region=GB&region=GB&user_is_login=false&webcast_language=en&msToken=&referer=https://www.tiktok.com/@aditgol_/live&root_referer=https://www.tiktok.com/@aditgol_/live&device_id=80588843359745350354&room_id=7671251601508518676&room_ids=7671251601508518676 "HTTP/1.1 200 OK"
2026-08-07 21:48:47,805 [INFO] httpx: HTTP Request: GET https://api.eulerstream.com/webcast/fetch?client=ttlive-python&room_id=7671251601508518676&user_agent=Mozilla%2F5.0+%28Macintosh%3B+Intel+Mac+OS+X+15.7%3B+rv%3A150.0%29+Gecko%2F20100101+Firefox%2F150.0&client_enter=true&platform=web&tt_target_idc=useast1a "HTTP/1.1 429 Too Many Requests"
2026-08-07 21:48:47,811 [ERROR] app.providers.live: Connection failed for @aditgol_
Traceback (most recent call last):
  File "C:\Users\pacong2\Videos\tiktobs\app\providers\live.py", line 108, in _run_connection_loop
  File "C:\Users\pacong2\Videos\tiktobs\.venv\Lib\site-packages\TikTokLive\client\client.py", line 207, in start
    initial_webcast_response: ProtoMessageFetchResult = await self._web.fetch_signed_websocket(self._ws_platform)
                                                        ^^^^^^^^^^^^^^^^^^^^^^^^^^^^^^^^^^^^^^^^^^^^^^^^^^^^^^^^^
  File "C:\Users\pacong2\Videos\tiktobs\.venv\Lib\site-packages\TikTokLive\client\web\routes\fetch_signed_websocket.py", line 116, in __call__
    raise SignatureRateLimitError(
TikTokLive.client.errors.SignatureRateLimitError: TikTokLive v6.6.6 -> [RATE_LIMIT] (rate_limit_account_hour) Too many connections started, try again in 0 seconds. 
	|
	+---------------------------------------- SIGN SERVER MESSAGE ----------------------------------------+
	| You have reached the rate limit. Sign up for a free API key at https://www.eulerstream.com/pricing. |
	+-----------------------------------------------------------------------------------------------------+
2026-08-07 21:48:47,815 [INFO] app.providers.live: Reconnecting to @aditgol_ in 20.0s...
2026-08-07 21:48:50,078 [INFO] app.main: WebSocket client disconnected. Total clients: 0
2026-08-07 21:48:50,193 [INFO] app.main: Shutting down live connections and cleaning up...
2026-08-07 21:50:16,656 [INFO] app.providers.live: Using custom EulerStream API key for signature requests.
2026-08-07 21:50:17,153 [INFO] app.main: Initializing database and application components...
2026-08-07 21:50:18,316 [INFO] app.main: WebSocket client connected. Total clients: 1
2026-08-07 21:50:46,435 [INFO] app.main: WebSocket client disconnected. Total clients: 0
2026-08-07 21:50:49,064 [INFO] app.main: WebSocket client connected. Total clients: 1
2026-08-07 21:51:28,957 [INFO] app.main: WebSocket client disconnected. Total clients: 0
2026-08-07 21:51:29,065 [INFO] app.main: Shutting down live connections and cleaning up...
2026-08-07 21:52:19,566 [INFO] app.providers.live: Using custom EulerStream API key for signature requests.
2026-08-07 21:52:19,567 [INFO] app.providers.live: TikTokLiveProvider initialized with polling_interval_ms=5000
2026-08-07 21:52:20,616 [INFO] app.main: Initializing database and application components...
2026-08-07 21:52:20,709 [INFO] app.processor: EventProcessor active session updated to: baeffefb
2026-08-07 21:52:20,717 [INFO] app.providers.live: Connecting to TikTok live for username: @aditgol_...
2026-08-07 21:52:20,718 [ERROR] app.providers.live: Connection failed for @aditgol_
Traceback (most recent call last):
  File "C:\Users\pacong2\Videos\tiktobs\app\providers\live.py", line 123, in _run_connection_loop
    self.client = TikTokLiveClient(
                  ^^^^^^^^^^^^^^^^^
TypeError: TikTokLiveClient.__init__() got an unexpected keyword argument 'polling_interval_ms'
2026-08-07 21:52:20,751 [INFO] app.processor: EventProcessor active session updated to: None
2026-08-07 21:52:20,754 [INFO] app.providers.live: Reconnecting to @aditgol_ in 2.0s...
2026-08-07 21:52:20,861 [INFO] app.main: WebSocket client connected. Total clients: 1
2026-08-07 21:52:22,786 [INFO] app.providers.live: Connecting to TikTok live for username: @aditgol_...
2026-08-07 21:52:22,787 [ERROR] app.providers.live: Connection failed for @aditgol_
Traceback (most recent call last):
  File "C:\Users\pacong2\Videos\tiktobs\app\providers\live.py", line 123, in _run_connection_loop
    self.client = TikTokLiveClient(
                  ^^^^^^^^^^^^^^^^^
TypeError: TikTokLiveClient.__init__() got an unexpected keyword argument 'polling_interval_ms'
2026-08-07 21:52:22,815 [INFO] app.providers.live: Reconnecting to @aditgol_ in 4.0s...
2026-08-07 21:52:26,832 [INFO] app.providers.live: Connecting to TikTok live for username: @aditgol_...
2026-08-07 21:52:26,833 [ERROR] app.providers.live: Connection failed for @aditgol_
Traceback (most recent call last):
  File "C:\Users\pacong2\Videos\tiktobs\app\providers\live.py", line 123, in _run_connection_loop
    self.client = TikTokLiveClient(
                  ^^^^^^^^^^^^^^^^^
TypeError: TikTokLiveClient.__init__() got an unexpected keyword argument 'polling_interval_ms'
2026-08-07 21:52:26,834 [INFO] app.providers.live: Reconnecting to @aditgol_ in 8.0s...
2026-08-07 21:52:34,856 [INFO] app.providers.live: Connecting to TikTok live for username: @aditgol_...
2026-08-07 21:52:34,858 [ERROR] app.providers.live: Connection failed for @aditgol_
Traceback (most recent call last):
  File "C:\Users\pacong2\Videos\tiktobs\app\providers\live.py", line 123, in _run_connection_loop
    self.client = TikTokLiveClient(
                  ^^^^^^^^^^^^^^^^^
TypeError: TikTokLiveClient.__init__() got an unexpected keyword argument 'polling_interval_ms'
2026-08-07 21:52:34,860 [INFO] app.providers.live: Reconnecting to @aditgol_ in 16.0s...
2026-08-07 21:52:50,866 [INFO] app.providers.live: Connecting to TikTok live for username: @aditgol_...
2026-08-07 21:52:50,873 [ERROR] app.providers.live: Connection failed for @aditgol_
Traceback (most recent call last):
  File "C:\Users\pacong2\Videos\tiktobs\app\providers\live.py", line 123, in _run_connection_loop
    self.client = TikTokLiveClient(
                  ^^^^^^^^^^^^^^^^^
TypeError: TikTokLiveClient.__init__() got an unexpected keyword argument 'polling_interval_ms'
2026-08-07 21:52:50,900 [INFO] app.providers.live: Reconnecting to @aditgol_ in 20.0s...
2026-08-07 21:53:10,905 [INFO] app.providers.live: Connecting to TikTok live for username: @aditgol_...
2026-08-07 21:53:10,906 [ERROR] app.providers.live: Connection failed for @aditgol_
Traceback (most recent call last):
  File "C:\Users\pacong2\Videos\tiktobs\app\providers\live.py", line 123, in _run_connection_loop
    self.client = TikTokLiveClient(
                  ^^^^^^^^^^^^^^^^^
TypeError: TikTokLiveClient.__init__() got an unexpected keyword argument 'polling_interval_ms'
2026-08-07 21:53:10,908 [INFO] app.providers.live: Reconnecting to @aditgol_ in 20.0s...
2026-08-07 21:53:30,902 [INFO] app.providers.live: Connecting to TikTok live for username: @aditgol_...
2026-08-07 21:53:30,903 [ERROR] app.providers.live: Connection failed for @aditgol_
Traceback (most recent call last):
  File "C:\Users\pacong2\Videos\tiktobs\app\providers\live.py", line 123, in _run_connection_loop
    self.client = TikTokLiveClient(
                  ^^^^^^^^^^^^^^^^^
TypeError: TikTokLiveClient.__init__() got an unexpected keyword argument 'polling_interval_ms'
2026-08-07 21:53:30,905 [INFO] app.providers.live: Reconnecting to @aditgol_ in 20.0s...
2026-08-07 21:53:35,543 [INFO] app.main: WebSocket client disconnected. Total clients: 0
2026-08-07 21:53:35,653 [INFO] app.main: Shutting down live connections and cleaning up...
2026-08-07 21:53:48,297 [INFO] app.providers.live: Using custom EulerStream API key for signature requests.
2026-08-07 21:53:48,655 [INFO] app.main: Initializing database and application components...
2026-08-07 21:53:51,566 [INFO] app.main: WebSocket client connected. Total clients: 1
2026-08-07 21:54:12,401 [INFO] app.main: WebSocket client disconnected. Total clients: 0
2026-08-07 21:54:12,512 [INFO] app.main: Shutting down live connections and cleaning up...
2026-08-07 21:54:29,998 [INFO] app.providers.live: Using custom EulerStream API key for signature requests.
2026-08-07 21:54:30,377 [INFO] app.main: Initializing database and application components...
2026-08-07 21:54:33,128 [INFO] app.main: WebSocket client connected. Total clients: 1
2026-08-07 21:54:38,907 [INFO] app.processor: EventProcessor active session updated to: a8fd2212
2026-08-07 21:54:38,911 [INFO] app.providers.live: Connecting to TikTok live for username: @ewing.3gp...
2026-08-07 21:54:39,831 [INFO] httpx: HTTP Request: GET https://www.tiktok.com/api-live/user/room/?aid=1988&app_language=en&app_name=tiktok_web&browser_language=en-AU&browser_name=Mozilla&browser_online=true&browser_platform=MacIntel&browser_version=5.0%20%28Macintosh%3B%20Intel%20Mac%20OS%20X%2014_7%29%20AppleWebKit%2F537.36%20%28KHTML%2C%20like%20Gecko%29%20Chrome%2F147.0.0.0%20Safari%2F537.36%20OPR%2F131.0.0.0&cookie_enabled=true&device_platform=web_pc&focus_state=true&from_page=&history_len=12&is_fullscreen=false&is_page_visible=true&screen_height=2560&screen_width=1440&tz_name=Australia/Sydney&channel=tiktok_web&data_collection_enabled=true&os=mac&priority_region=AU&region=AU&user_is_login=false&webcast_language=en&msToken=&referer=https://www.tiktok.com/@ewing.3gp/live&root_referer=https://www.tiktok.com/@ewing.3gp/live&device_id=99713636236380192740&uniqueId=ewing.3gp&sourceType=54 "HTTP/1.1 200 OK"
2026-08-07 21:54:40,298 [INFO] httpx: HTTP Request: GET https://www.tiktok.com/@ewing.3gp/live? "HTTP/1.1 200 OK"
2026-08-07 21:54:40,565 [INFO] httpx: HTTP Request: GET https://webcast.tiktok.com/webcast/room/check_alive/?aid=1988&app_language=en&app_name=tiktok_web&browser_language=en-AU&browser_name=Mozilla&browser_online=true&browser_platform=MacIntel&browser_version=5.0%20%28Macintosh%3B%20Intel%20Mac%20OS%20X%2014_7%29%20AppleWebKit%2F537.36%20%28KHTML%2C%20like%20Gecko%29%20Chrome%2F147.0.0.0%20Safari%2F537.36%20OPR%2F131.0.0.0&cookie_enabled=true&device_platform=web_pc&focus_state=true&from_page=&history_len=12&is_fullscreen=false&is_page_visible=true&screen_height=2560&screen_width=1440&tz_name=Australia/Sydney&channel=tiktok_web&data_collection_enabled=true&os=mac&priority_region=AU&region=AU&user_is_login=false&webcast_language=en&msToken=&referer=https://www.tiktok.com/@ewing.3gp/live&root_referer=https://www.tiktok.com/@ewing.3gp/live&device_id=56937555265885221125&room_id=7671214752458115841&room_ids=7671214752458115841 "HTTP/1.1 200 OK"
2026-08-07 21:54:44,325 [INFO] httpx: HTTP Request: GET https://api.eulerstream.com/webcast/fetch?client=ttlive-python&room_id=7671214752458115841&user_agent=Mozilla%2F5.0+%28Macintosh%3B+Intel+Mac+OS+X+14_7%29+AppleWebKit%2F537.36+%28KHTML%2C+like+Gecko%29+Chrome%2F147.0.0.0+Safari%2F537.36+OPR%2F131.0.0.0&client_enter=true&platform=web&tt_target_idc=useast1a "HTTP/1.1 200 OK"
2026-08-07 21:54:44,548 [INFO] app.providers.live: Reconnecting to @ewing.3gp in 2.0s...
2026-08-07 21:54:47,205 [INFO] app.providers.live: Successfully connected to room 7671214752458115841
2026-08-07 21:54:48,007 [INFO] app.providers.live: Connecting to TikTok live for username: @ewing.3gp...
2026-08-07 21:54:53,081 [WARNING] app.providers.live: Timeout checking stream status. Proceeding to connect directly.
2026-08-07 21:54:57,582 [ERROR] app.database: Failed to insert event bbe4d096d8aa95c3441ae08ccf736aef due to database error: database is locked
2026-08-07 21:54:57,594 [ERROR] app.database: Failed to insert event 16aa0d1f22bf881f771b7868e7767c16 due to database error: database is locked
2026-08-07 21:54:57,594 [ERROR] app.database: Failed to insert event f341349915c56a5b49d75a8f32da261e due to database error: database is locked
2026-08-07 21:54:57,596 [ERROR] app.database: Failed to insert event 54d8f492753383833dc14866ac20a904 due to database error: database is locked
2026-08-07 21:54:57,601 [ERROR] app.database: Failed to insert event 1d772d76d4e12e3acc6d47b9e0b9204d due to database error: database is locked
2026-08-07 21:54:57,609 [ERROR] app.database: Failed to insert event e8cad799acf82e1d661bbc314ac5e731 due to database error: database is locked
2026-08-07 21:54:57,618 [ERROR] app.database: Failed to insert event 5c8a20ffc3bc34d1a8cc083a54211bef due to database error: database is locked
2026-08-07 21:54:57,654 [INFO] httpx: HTTP Request: GET https://www.tiktok.com/@ewing.3gp/live? "HTTP/1.1 200 OK"
2026-08-07 21:54:58,053 [INFO] httpx: HTTP Request: GET https://webcast.tiktok.com/webcast/room/check_alive/?aid=1988&app_language=en&app_name=tiktok_web&browser_language=en-AU&browser_name=Mozilla&browser_online=true&browser_platform=MacIntel&browser_version=5.0%20%28Macintosh%3B%20Intel%20Mac%20OS%20X%2014_7%29%20AppleWebKit%2F537.36%20%28KHTML%2C%20like%20Gecko%29%20Chrome%2F147.0.0.0%20Safari%2F537.36%20OPR%2F131.0.0.0&cookie_enabled=true&device_platform=web_pc&focus_state=true&from_page=&history_len=12&is_fullscreen=false&is_page_visible=true&screen_height=2560&screen_width=1440&tz_name=Australia/Sydney&channel=tiktok_web&data_collection_enabled=true&os=mac&priority_region=AU&region=AU&user_is_login=false&webcast_language=en&msToken=&referer=https://www.tiktok.com/@ewing.3gp/live&root_referer=https://www.tiktok.com/@ewing.3gp/live&device_id=84207833965140394087&room_id=7671214752458115841&room_ids=7671214752458115841 "HTTP/1.1 200 OK"
2026-08-07 21:54:59,995 [ERROR] app.database: Failed to insert event c70f06501fc4f24dde7f941b3ac21e47 due to database error: database is locked
2026-08-07 21:54:59,997 [ERROR] app.database: Failed to insert event 23a914d5ce0ce0bf03405580fa5f4b07 due to database error: database is locked
2026-08-07 21:54:59,998 [ERROR] app.database: Failed to insert event f3027baf9a5a520f9535fbaa6656fa27 due to database error: database is locked
2026-08-07 21:55:00,001 [ERROR] app.database: Failed to insert event 41eb704b1dcc2b27f6b6b425dda45f17 due to database error: database is locked
2026-08-07 21:55:00,141 [ERROR] app.database: Failed to insert event 1e20459e1a190446e343423e3010f70a due to database error: database is locked
2026-08-07 21:55:00,241 [ERROR] app.database: Failed to insert event 4cfd8f29113d336ecb9f332c41fa3d76 due to database error: database is locked
2026-08-07 21:55:00,248 [INFO] httpx: HTTP Request: GET https://api.eulerstream.com/webcast/fetch?client=ttlive-python&room_id=7671214752458115841&user_agent=Mozilla%2F5.0+%28Macintosh%3B+Intel+Mac+OS+X+14_7%29+AppleWebKit%2F537.36+%28KHTML%2C+like+Gecko%29+Chrome%2F147.0.0.0+Safari%2F537.36+OPR%2F131.0.0.0&client_enter=true&platform=web&tt_target_idc=useast1a "HTTP/1.1 200 OK"
2026-08-07 21:55:02,056 [INFO] app.providers.live: Reconnecting to @ewing.3gp in 2.0s...
2026-08-07 21:55:03,630 [ERROR] app.database: Failed to insert event 0cf3d38eae05479659925a04da594f0a due to database error: database is locked
2026-08-07 21:55:04,617 [ERROR] app.database: Failed to insert event 5f289ca4a531dc449a370fdb4b5b1a5f due to database error: database is locked
2026-08-07 21:55:04,620 [ERROR] app.database: Failed to insert event 6fe3efb4d81908d89d3b70be75c48338 due to database error: database is locked
2026-08-07 21:55:04,622 [ERROR] app.database: Failed to insert event 67a9e94228565d2ceb6c9320dbc48655 due to database error: database is locked
2026-08-07 21:55:04,627 [ERROR] app.database: Failed to insert event f63c519ae22d97cd1de209271f9dd8c3 due to database error: database is locked
2026-08-07 21:55:04,826 [INFO] app.providers.live: Connecting to TikTok live for username: @ewing.3gp...
2026-08-07 21:55:09,948 [ERROR] app.database: Failed to insert event a012ca66ca7a7c4fd432aec006cca74d due to database error: database is locked
2026-08-07 21:55:10,128 [INFO] app.providers.live: Successfully connected to room 7671214752458115841
2026-08-07 21:55:11,594 [ERROR] app.database: Failed to insert event 15102ab0997a721ff819163b005ff936 due to database error: database is locked
2026-08-07 21:55:11,596 [ERROR] app.database: Failed to insert event f7ca323c1e333d6ad1868abf11e06de2 due to database error: database is locked
2026-08-07 21:55:11,600 [WARNING] app.providers.live: Error checking stream status (). Proceeding to connect directly.
2026-08-07 21:55:14,728 [ERROR] app.database: Failed to insert event 71a8075b80cc074e3e71a30b07472fd2 due to database error: database is locked
2026-08-07 21:55:16,455 [ERROR] app.database: Failed to insert event c91832456fe21eae0f0675da0a1bcfab due to database error: database is locked
2026-08-07 21:55:16,455 [ERROR] app.database: Failed to insert event ac86703b3c6521fadfe442019c2ac89b due to database error: database is locked
2026-08-07 21:55:16,456 [ERROR] app.database: Failed to insert event b8723de17c78aa03ba4d5fbca06fd08c due to database error: database is locked
2026-08-07 21:55:16,458 [INFO] httpx: HTTP Request: GET https://www.tiktok.com/@ewing.3gp/live? "HTTP/1.1 200 OK"
2026-08-07 21:55:17,263 [INFO] httpx: HTTP Request: GET https://www.tiktok.com/api-live/user/room/?aid=1988&app_language=en&app_name=tiktok_web&browser_language=en-AU&browser_name=Mozilla&browser_online=true&browser_platform=MacIntel&browser_version=5.0%20%28Macintosh%3B%20Intel%20Mac%20OS%20X%2014_7%29%20AppleWebKit%2F537.36%20%28KHTML%2C%20like%20Gecko%29%20Chrome%2F147.0.0.0%20Safari%2F537.36%20OPR%2F131.0.0.0&cookie_enabled=true&device_platform=web_pc&focus_state=true&from_page=&history_len=12&is_fullscreen=false&is_page_visible=true&screen_height=2560&screen_width=1440&tz_name=Australia/Sydney&channel=tiktok_web&data_collection_enabled=true&os=mac&priority_region=AU&region=AU&user_is_login=false&webcast_language=en&msToken=&referer=https://www.tiktok.com/@ewing.3gp/live&root_referer=https://www.tiktok.com/@ewing.3gp/live&device_id=31713693331683419050&uniqueId=ewing.3gp&sourceType=54 "HTTP/1.1 200 OK"
2026-08-07 21:55:17,677 [ERROR] app.database: Failed to insert event a10391969b64e1730ab3828f02b507a2 due to database error: database is locked
2026-08-07 21:55:17,680 [ERROR] app.database: Failed to insert event 3d13ed30a5929334b385640aa1153edf due to database error: database is locked
2026-08-07 21:55:17,681 [ERROR] app.database: Failed to insert event 91e72c846dfd7cf5a48bc633bbd197cd due to database error: database is locked
2026-08-07 21:55:18,481 [INFO] httpx: HTTP Request: GET https://webcast.tiktok.com/webcast/room/check_alive/?aid=1988&app_language=en&app_name=tiktok_web&browser_language=en-AU&browser_name=Mozilla&browser_online=true&browser_platform=MacIntel&browser_version=5.0%20%28Macintosh%3B%20Intel%20Mac%20OS%20X%2014_7%29%20AppleWebKit%2F537.36%20%28KHTML%2C%20like%20Gecko%29%20Chrome%2F147.0.0.0%20Safari%2F537.36%20OPR%2F131.0.0.0&cookie_enabled=true&device_platform=web_pc&focus_state=true&from_page=&history_len=12&is_fullscreen=false&is_page_visible=true&screen_height=2560&screen_width=1440&tz_name=Australia/Sydney&channel=tiktok_web&data_collection_enabled=true&os=mac&priority_region=AU&region=AU&user_is_login=false&webcast_language=en&msToken=&referer=https://www.tiktok.com/@ewing.3gp/live&root_referer=https://www.tiktok.com/@ewing.3gp/live&device_id=66837800960092466926&room_id=7671214752458115841&room_ids=7671214752458115841 "HTTP/1.1 200 OK"
2026-08-07 21:55:20,443 [INFO] httpx: HTTP Request: GET https://api.eulerstream.com/webcast/fetch?client=ttlive-python&room_id=7671214752458115841&user_agent=Mozilla%2F5.0+%28Macintosh%3B+Intel+Mac+OS+X+14_7%29+AppleWebKit%2F537.36+%28KHTML%2C+like+Gecko%29+Chrome%2F147.0.0.0+Safari%2F537.36+OPR%2F131.0.0.0&client_enter=true&platform=web&tt_target_idc=useast1a "HTTP/1.1 200 OK"
2026-08-07 21:55:20,895 [ERROR] app.database: Failed to insert event 009fb259264cc1a7f4693098d4198cf8 due to database error: database is locked
2026-08-07 21:55:20,908 [INFO] app.providers.live: Reconnecting to @ewing.3gp in 2.0s...
2026-08-07 21:55:22,188 [INFO] app.providers.live: Successfully connected to room 7671214752458115841
2026-08-07 21:55:23,676 [INFO] app.providers.live: Connecting to TikTok live for username: @ewing.3gp...
2026-08-07 21:55:29,274 [WARNING] app.providers.live: Timeout checking stream status. Proceeding to connect directly.
2026-08-07 21:55:46,708 [ERROR] app.database: Failed to insert event 0124275922173bbe534453a30e006943 due to database error: database is locked
2026-08-07 21:55:46,712 [ERROR] app.database: Failed to insert event 162a460d8682e858183f5fa442a6e30d due to database error: database is locked
2026-08-07 21:55:46,713 [ERROR] app.database: Failed to insert event 74803f78f16cb7a63fffb9acb90bd7d0 due to database error: database is locked
2026-08-07 21:55:46,713 [ERROR] app.database: Failed to insert event 8ee09c2b6cf5bfa8b91b746072b3191a due to database error: database is locked
2026-08-07 21:55:46,714 [ERROR] app.database: Failed to insert event 1e6a8d6060efca69451fae3872e4b0aa due to database error: database is locked
2026-08-07 21:55:46,714 [ERROR] app.database: Failed to insert event 78118a189687d91eeaa00e16b5b9eab2 due to database error: database is locked
2026-08-07 21:55:46,715 [ERROR] app.database: Failed to insert event 697a3f93955b3bbbd150b047f18d2700 due to database error: database is locked
2026-08-07 21:55:46,716 [ERROR] app.database: Failed to insert event 25e9491cb1e025378288402df4eb186e due to database error: database is locked
2026-08-07 21:55:46,719 [ERROR] app.database: Failed to insert event 84663f4f671e1cf4bcd4dc0ddde84ba0 due to database error: database is locked
2026-08-07 21:55:46,725 [ERROR] app.database: Failed to insert event f9d6aaa11a23d95d47c42357356c28d1 due to database error: database is locked
2026-08-07 21:55:46,731 [ERROR] app.database: Failed to insert event a21126b4cd049b0a657b4be286c65b09 due to database error: database is locked
2026-08-07 21:55:46,732 [ERROR] app.database: Failed to insert event f20c3e68316aa222223100ee3a4c2b7b due to database error: database is locked
2026-08-07 21:55:46,735 [ERROR] app.database: Failed to insert event 31c4d242fc6c50a514f8f935372f4bb3 due to database error: database is locked
2026-08-07 21:55:46,736 [ERROR] app.database: Failed to insert event 7b8a561268874babc84e164c5a897448 due to database error: database is locked
2026-08-07 21:55:46,737 [ERROR] app.database: Failed to insert event 765aaaea031ca0c3642b3ad4484643ed due to database error: database is locked
2026-08-07 21:55:46,737 [ERROR] app.database: Failed to insert event 1ab026db284cc31f9c39cb6e3099476d due to database error: database is locked
2026-08-07 21:55:46,738 [ERROR] app.database: Failed to insert event 35ec6f0e2096cefe5eab56ee52d81e14 due to database error: database is locked
2026-08-07 21:55:46,740 [ERROR] app.database: Failed to insert event 77d7dc452783d14c21581747d470718f due to database error: database is locked
2026-08-07 21:55:46,745 [ERROR] app.database: Failed to insert event 1c38eda749f94d2272a98e46a3646f07 due to database error: database is locked
2026-08-07 21:56:01,661 [ERROR] app.database: Failed to insert event dec1f9089e3bf82cedb7b59c935bda13 due to database error: database is locked
2026-08-07 21:56:01,662 [ERROR] app.database: Failed to insert event 3b463cc44af7b5c05608a38066310459 due to database error: database is locked
2026-08-07 21:56:01,662 [ERROR] app.database: Failed to insert event eb438f61c28219d2298c49e5ec97bd97 due to database error: database is locked
2026-08-07 21:56:01,663 [ERROR] app.database: Failed to insert event f9c43b43d5e56e4c17f26f641282f435 due to database error: database is locked
2026-08-07 21:56:01,693 [ERROR] app.database: Failed to insert event 5babff10985251ffe3c7d0840fa6861e due to database error: database is locked
2026-08-07 21:56:01,698 [ERROR] app.database: Failed to insert event dc249117340e224532ebd670c85fc0a6 due to database error: database is locked
2026-08-07 21:56:01,699 [ERROR] app.database: Failed to insert event 6cc569d716be65fce71640f92565471f due to database error: database is locked
2026-08-07 21:56:01,701 [ERROR] app.database: Failed to insert event 7e54eb023824eb798fcce45e07e2a2df due to database error: database is locked
2026-08-07 21:56:43,040 [INFO] app.providers.live: Using custom EulerStream API key for signature requests.
2026-08-07 21:56:43,492 [INFO] app.main: Initializing database and application components...
2026-08-07 21:56:47,000 [INFO] app.main: WebSocket client connected. Total clients: 1
2026-08-07 21:56:54,904 [INFO] app.processor: EventProcessor active session updated to: ba033875
2026-08-07 21:56:54,913 [INFO] app.providers.live: Connecting to TikTok live for username: @ewing.3gp...
2026-08-07 21:56:55,974 [INFO] httpx: HTTP Request: GET https://www.tiktok.com/api-live/user/room/?aid=1988&app_language=en&app_name=tiktok_web&browser_language=en-NZ&browser_name=Mozilla&browser_online=true&browser_platform=Win32&browser_version=5.0%20%28Windows%20NT%2010.0%3B%20Win64%3B%20x64%3B%20rv%3A150.0%29%20Gecko%2F20100101%20Firefox%2F150.0&cookie_enabled=true&device_platform=web_pc&focus_state=true&from_page=&history_len=8&is_fullscreen=false&is_page_visible=true&screen_height=2560&screen_width=1440&tz_name=Pacific/Auckland&channel=tiktok_web&data_collection_enabled=true&os=windows&priority_region=NZ&region=NZ&user_is_login=false&webcast_language=en&msToken=&referer=https://www.tiktok.com/@ewing.3gp/live&root_referer=https://www.tiktok.com/@ewing.3gp/live&device_id=39470711015767990794&uniqueId=ewing.3gp&sourceType=54 "HTTP/1.1 200 OK"
2026-08-07 21:56:56,260 [INFO] httpx: HTTP Request: GET https://www.tiktok.com/@ewing.3gp/live? "HTTP/1.1 200 OK"
2026-08-07 21:56:56,837 [INFO] httpx: HTTP Request: GET https://webcast.tiktok.com/webcast/room/check_alive/?aid=1988&app_language=en&app_name=tiktok_web&browser_language=en-NZ&browser_name=Mozilla&browser_online=true&browser_platform=Win32&browser_version=5.0%20%28Windows%20NT%2010.0%3B%20Win64%3B%20x64%3B%20rv%3A150.0%29%20Gecko%2F20100101%20Firefox%2F150.0&cookie_enabled=true&device_platform=web_pc&focus_state=true&from_page=&history_len=8&is_fullscreen=false&is_page_visible=true&screen_height=2560&screen_width=1440&tz_name=Pacific/Auckland&channel=tiktok_web&data_collection_enabled=true&os=windows&priority_region=NZ&region=NZ&user_is_login=false&webcast_language=en&msToken=&referer=https://www.tiktok.com/@ewing.3gp/live&root_referer=https://www.tiktok.com/@ewing.3gp/live&device_id=55115365155911856825&room_id=7671214752458115841&room_ids=7671214752458115841 "HTTP/1.1 200 OK"
2026-08-07 21:56:59,223 [INFO] httpx: HTTP Request: GET https://api.eulerstream.com/webcast/fetch?client=ttlive-python&room_id=7671214752458115841&user_agent=Mozilla%2F5.0+%28Windows+NT+10.0%3B+Win64%3B+x64%3B+rv%3A150.0%29+Gecko%2F20100101+Firefox%2F150.0&client_enter=true&platform=web&tt_target_idc=useast1a "HTTP/1.1 200 OK"
2026-08-07 21:56:59,437 [INFO] app.providers.live: Reconnecting to @ewing.3gp in 2.0s...
2026-08-07 21:57:04,987 [INFO] app.providers.live: Successfully connected to room 7671214752458115841
2026-08-07 21:57:06,950 [INFO] app.providers.live: Connecting to TikTok live for username: @ewing.3gp...
2026-08-07 21:57:26,691 [WARNING] app.providers.live: Timeout checking stream status. Proceeding to connect directly.
2026-08-07 21:57:30,404 [ERROR] app.database: Failed to insert event 89339bff55d34d765f86eedd8ae4d8ba due to database error: database is locked
2026-08-07 21:57:30,408 [ERROR] app.database: Failed to insert event c47b55f935188bc7bef34481c435b919 due to database error: database is locked
2026-08-07 21:57:30,408 [ERROR] app.database: Failed to insert event ab1c07ffb8213e04da3fed1e53589e48 due to database error: database is locked
2026-08-07 21:57:30,411 [ERROR] app.database: Failed to insert event 1267cc14a1ee7a5ae64e695e3dba545c due to database error: database is locked
2026-08-07 21:57:30,411 [ERROR] app.database: Failed to insert event 4b84ff56f23f7aed1e4c23aefb75047d due to database error: database is locked
2026-08-07 21:57:30,415 [ERROR] app.database: Failed to insert event 1ff081ccacc20d0d231d96b6156019aa due to database error: database is locked
2026-08-07 21:57:31,860 [INFO] httpx: HTTP Request: GET https://www.tiktok.com/@ewing.3gp/live? "HTTP/1.1 200 OK"
2026-08-07 21:57:32,543 [INFO] httpx: HTTP Request: GET https://webcast.tiktok.com/webcast/room/check_alive/?aid=1988&app_language=en&app_name=tiktok_web&browser_language=en-NZ&browser_name=Mozilla&browser_online=true&browser_platform=Win32&browser_version=5.0%20%28Windows%20NT%2010.0%3B%20Win64%3B%20x64%3B%20rv%3A150.0%29%20Gecko%2F20100101%20Firefox%2F150.0&cookie_enabled=true&device_platform=web_pc&focus_state=true&from_page=&history_len=8&is_fullscreen=false&is_page_visible=true&screen_height=2560&screen_width=1440&tz_name=Pacific/Auckland&channel=tiktok_web&data_collection_enabled=true&os=windows&priority_region=NZ&region=NZ&user_is_login=false&webcast_language=en&msToken=&referer=https://www.tiktok.com/@ewing.3gp/live&root_referer=https://www.tiktok.com/@ewing.3gp/live&device_id=13098661352422814651&room_id=7671214752458115841&room_ids=7671214752458115841 "HTTP/1.1 200 OK"
2026-08-07 21:57:32,568 [ERROR] app.database: Failed to insert event 33233d308deb9125997bb9b7305024b5 due to database error: database is locked
2026-08-07 21:57:32,569 [ERROR] app.database: Failed to insert event 1b4e154d2a52eccd109a7d4fba0e0e6b due to database error: database is locked
2026-08-07 21:57:32,569 [ERROR] app.database: Failed to insert event b58817a265a02657ffc61a4f829d5a77 due to database error: database is locked
2026-08-07 21:57:32,570 [ERROR] app.database: Failed to insert event 855763cc5b132750f79a21d7fcf7c54c due to database error: database is locked
2026-08-07 21:57:32,570 [ERROR] app.database: Failed to insert event 42b60b6348b4222b17f3d58916c4fc4d due to database error: database is locked
2026-08-07 21:57:32,572 [ERROR] app.database: Failed to insert event dcb3b672c82dcb38b0f55b5d65a8d84b due to database error: database is locked
2026-08-07 21:57:32,604 [ERROR] app.database: Failed to insert event 7fbe5a366a725daf9267a70307024e97 due to database error: database is locked
2026-08-07 21:57:32,616 [ERROR] app.database: Failed to insert event 3ee74029c4a29205f11fa62a278be6b5 due to database error: database is locked
2026-08-07 21:57:32,664 [ERROR] app.database: Failed to insert event cf490f0672f9cae92c1361365a00730b due to database error: database is locked
2026-08-07 21:57:32,684 [ERROR] app.database: Failed to insert event 82ef303ee5b5214a84327197bdbf18fb due to database error: database is locked
2026-08-07 21:57:33,941 [INFO] httpx: HTTP Request: GET https://api.eulerstream.com/webcast/fetch?client=ttlive-python&room_id=7671214752458115841&user_agent=Mozilla%2F5.0+%28Windows+NT+10.0%3B+Win64%3B+x64%3B+rv%3A150.0%29+Gecko%2F20100101+Firefox%2F150.0&client_enter=true&platform=web&tt_target_idc=useast1a "HTTP/1.1 200 OK"
2026-08-07 21:57:34,143 [INFO] app.providers.live: Reconnecting to @ewing.3gp in 2.0s...
2026-08-07 21:57:36,056 [INFO] app.providers.live: Successfully connected to room 7671214752458115841
2026-08-07 21:57:43,365 [INFO] app.providers.live: Connecting to TikTok live for username: @ewing.3gp...
2026-08-07 21:57:50,312 [INFO] app.providers.live: Requesting disconnect...
2026-08-07 21:58:00,130 [INFO] app.providers.live: Disconnected successfully.
2026-08-07 21:58:00,172 [ERROR] app.database: Failed to insert event 8f28a9aff1a50e6ff9a7bf1166416fc5 due to database error: database is locked
2026-08-07 21:58:00,179 [ERROR] app.database: Failed to insert event 8aed9e8341e4de18a7b7903842f4d200 due to database error: database is locked
2026-08-07 21:58:00,180 [ERROR] app.database: Failed to insert event 8703d6d4b7b0f97d94f37c1d7b37efc3 due to database error: database is locked
2026-08-07 21:58:00,182 [ERROR] app.database: Failed to insert event 0dfb835a745a7b9cf589005ace40d17f due to database error: database is locked
2026-08-07 21:58:00,184 [ERROR] app.database: Failed to insert event c7feb670f5d145cbd878e985c3553f1d due to database error: database is locked
2026-08-07 21:58:00,195 [ERROR] app.database: Failed to insert event 1cb8f12da64a55947952c62e878859e7 due to database error: database is locked
2026-08-07 21:58:00,196 [ERROR] app.database: Failed to insert event 6712d77437e52e8e27ab11b66f66e7b2 due to database error: database is locked
2026-08-07 21:58:00,201 [ERROR] app.database: Failed to insert event 42463f7665d11a8b1359d5b26e663f9e due to database error: database is locked
2026-08-07 21:58:07,831 [ERROR] app.database: Failed to insert event 9bb201d1a6683391ddaba489dfeaa4a4 due to database error: database is locked
2026-08-07 21:58:07,843 [ERROR] app.database: Failed to insert event 00cf68cc17bd62640552d2507579ec12 due to database error: database is locked
2026-08-07 21:58:18,416 [ERROR] asyncio: Exception in callback BaseProactorEventLoop._start_serving.<locals>.loop(<_OverlappedF...0.1', 64691))>) at C:\Users\pacong2\AppData\Roaming\uv\python\cpython-3.12-windows-x86_64-none\Lib\asyncio\proactor_events.py:843
handle: <Handle BaseProactorEventLoop._start_serving.<locals>.loop(<_OverlappedF...0.1', 64691))>) at C:\Users\pacong2\AppData\Roaming\uv\python\cpython-3.12-windows-x86_64-none\Lib\asyncio\proactor_events.py:843>
Traceback (most recent call last):
  File "C:\Users\pacong2\AppData\Roaming\uv\python\cpython-3.12-windows-x86_64-none\Lib\asyncio\events.py", line 88, in _run
    self._context.run(self._callback, *self._args)
  File "C:\Users\pacong2\AppData\Roaming\uv\python\cpython-3.12-windows-x86_64-none\Lib\asyncio\proactor_events.py", line 858, in loop
    self._make_socket_transport(
  File "C:\Users\pacong2\AppData\Roaming\uv\python\cpython-3.12-windows-x86_64-none\Lib\asyncio\proactor_events.py", line 647, in _make_socket_transport
    return _ProactorSocketTransport(self, sock, protocol, waiter,
           ^^^^^^^^^^^^^^^^^^^^^^^^^^^^^^^^^^^^^^^^^^^^^^^^^^^^^^
  File "C:\Users\pacong2\AppData\Roaming\uv\python\cpython-3.12-windows-x86_64-none\Lib\asyncio\proactor_events.py", line 613, in __init__
    super().__init__(loop, sock, protocol, waiter, extra, server)
  File "C:\Users\pacong2\AppData\Roaming\uv\python\cpython-3.12-windows-x86_64-none\Lib\asyncio\proactor_events.py", line 189, in __init__
    super().__init__(loop, sock, protocol, waiter, extra, server)
  File "C:\Users\pacong2\AppData\Roaming\uv\python\cpython-3.12-windows-x86_64-none\Lib\asyncio\proactor_events.py", line 335, in __init__
    super().__init__(*args, **kw)
  File "C:\Users\pacong2\AppData\Roaming\uv\python\cpython-3.12-windows-x86_64-none\Lib\asyncio\proactor_events.py", line 66, in __init__
    self._server._attach()
  File "C:\Users\pacong2\AppData\Roaming\uv\python\cpython-3.12-windows-x86_64-none\Lib\asyncio\base_events.py", line 295, in _attach
    assert self._sockets is not None
           ^^^^^^^^^^^^^^^^^^^^^^^^^
AssertionError
2026-08-07 21:58:18,461 [INFO] app.main: WebSocket client disconnected. Total clients: 0
2026-08-07 21:58:18,473 [ERROR] app.database: Failed to insert event f1b9e27a93b5369b456c243429e02e01 due to database error: database is locked
2026-08-07 21:58:18,475 [ERROR] app.database: Failed to insert event 2be6750a2972b620afa1b880daa11d6a due to database error: database is locked
2026-08-07 21:58:18,477 [ERROR] app.database: Failed to insert event 99821e74fc6a837a95e401ec645384fd due to database error: database is locked
2026-08-07 21:58:18,478 [ERROR] app.database: Failed to insert event 6388a5b983b43f534eb961f33785bfb1 due to database error: database is locked
2026-08-07 21:58:18,478 [ERROR] app.database: Failed to insert event 4c3b5ea2d04da98f0e4847c8e7451621 due to database error: database is locked
2026-08-07 21:58:18,480 [ERROR] app.database: Failed to insert event 3c1b0722f447eb7649b31610e8b9a0a5 due to database error: database is locked
2026-08-07 21:58:18,487 [ERROR] app.database: Failed to insert event 0c93dc2c945f5ce49fc3cceb1a0ff396 due to database error: database is locked
2026-08-07 21:58:18,490 [ERROR] app.database: Failed to insert event da6731b37d403f98329d812e1aec3c21 due to database error: database is locked
2026-08-07 21:58:18,493 [ERROR] app.database: Failed to insert event b629f411dd371f89965304156f37d9a0 due to database error: database is locked
2026-08-07 21:58:18,495 [ERROR] app.database: Failed to insert event 038e89c67be9b916004c1aa306b5dd13 due to database error: database is locked
2026-08-07 21:58:18,496 [ERROR] app.database: Failed to insert event f9df5f53496e3825518210fa7fe1805a due to database error: database is locked
2026-08-07 21:58:18,496 [ERROR] app.database: Failed to insert event 2e4e089713050f2186af588b33ba815b due to database error: database is locked
2026-08-07 21:58:18,498 [ERROR] app.database: Failed to insert event acec4367b7ed951268a59e48d6e030df due to database error: database is locked
2026-08-07 21:58:18,500 [ERROR] app.database: Failed to insert event 4f3be747e57abb17bf613181aa9bac7d due to database error: database is locked
2026-08-07 21:58:18,504 [ERROR] app.database: Failed to insert event 118fc710fc38da0f3092375bdb1c1e4c due to database error: database is locked
2026-08-07 21:58:18,504 [ERROR] app.database: Failed to insert event 03c5ed22a9795ed7820f3f89cd9864ff due to database error: database is locked
2026-08-07 21:58:18,505 [ERROR] app.database: Failed to insert event e3fdc9f805a70c66b8bf0993fdf401e7 due to database error: database is locked
2026-08-07 21:58:18,506 [ERROR] app.database: Failed to insert event 283aa5acac7abfc7df536cab9800b66a due to database error: database is locked
2026-08-07 21:58:18,506 [ERROR] app.database: Failed to insert event 1e9572b72ca1cd5be81b4ee91b0788b9 due to database error: database is locked
2026-08-07 21:58:18,507 [ERROR] app.database: Failed to insert event b456d8df477915e49c78181bf7aea744 due to database error: database is locked
2026-08-07 21:58:18,513 [ERROR] app.database: Failed to insert event 733fb279a7a2632407e5e30112e282fe due to database error: database is locked
2026-08-07 21:58:18,520 [ERROR] app.database: Failed to insert event f4b1c4835e66e38914a3afcf576030ae due to database error: database is locked
2026-08-07 21:58:18,523 [ERROR] app.database: Failed to insert event 12d33428ac72e322da25602c040b1851 due to database error: database is locked
2026-08-07 21:58:18,524 [ERROR] app.database: Failed to insert event 03e3bf290e41eb0a5db013a7700e4098 due to database error: database is locked
2026-08-07 21:58:18,525 [ERROR] app.database: Failed to insert event ab677b82944bf2518e5d9edd1b713d17 due to database error: database is locked
2026-08-07 21:58:18,526 [ERROR] app.database: Failed to insert event f3722468e33dee85ffe3665ddf2cf638 due to database error: database is locked
2026-08-07 21:58:18,528 [ERROR] app.database: Failed to insert event 179a507f504262c6e710cb9481a646b3 due to database error: database is locked
2026-08-07 21:58:18,532 [ERROR] app.database: Failed to insert event ab26bcd91671fb48861488993ef87f4a due to database error: database is locked
2026-08-07 21:58:18,536 [ERROR] app.database: Failed to insert event d8f5329a5c6ebd9921ae9f9181f3b3fe due to database error: database is locked
2026-08-07 21:58:18,536 [ERROR] app.database: Failed to insert event 524a58c8d4cf81167d7331f68f5453dc due to database error: database is locked
2026-08-07 21:58:18,537 [ERROR] app.database: Failed to insert event ccfb0197ea22dc6dd29bc65f51e422f6 due to database error: database is locked
2026-08-07 21:58:18,537 [ERROR] app.database: Failed to insert event cf4bb0e807f4900b867e62076ad8fbdf due to database error: database is locked
2026-08-07 21:58:18,538 [ERROR] app.database: Failed to insert event 6c9add458078e827a439268f1022d2e5 due to database error: database is locked
2026-08-07 21:58:18,540 [ERROR] app.database: Failed to insert event 0cc4e9cbb06a48afb8406a8ca1e77b5d due to database error: database is locked
2026-08-07 21:58:18,541 [ERROR] app.database: Failed to insert event ba03cbdc83ebb29866a9cfad387ca6a6 due to database error: database is locked
2026-08-07 21:58:18,542 [ERROR] app.database: Failed to insert event c067898850270ba4df8ed026a1623d5b due to database error: database is locked
2026-08-07 21:58:18,543 [ERROR] app.database: Failed to insert event 728645b731f990e34776ed4af4d0b49c due to database error: database is locked
2026-08-07 21:58:18,545 [ERROR] app.database: Failed to insert event f8149eeab5a1e79cb92146ab85a27f84 due to database error: database is locked
2026-08-07 21:58:18,546 [ERROR] app.database: Failed to insert event c5e0e71bbab39ae0c71ff7a5ddbbb64d due to database error: database is locked
2026-08-07 21:58:18,547 [ERROR] app.database: Failed to insert event ae184b7caa536226c14cbe4a2235eb31 due to database error: database is locked
2026-08-07 21:58:18,548 [ERROR] app.database: Failed to insert event e5145e1d6f670a5d1e2f4cbc05c346c8 due to database error: database is locked
2026-08-07 22:00:19,179 [INFO] app.providers.live: Using custom EulerStream API key for signature requests.
2026-08-07 22:00:19,473 [INFO] app.main: Initializing database and application components...
2026-08-07 22:00:21,559 [INFO] app.main: WebSocket client connected. Total clients: 1
2026-08-07 22:01:02,342 [INFO] app.main: WebSocket client disconnected. Total clients: 0
2026-08-07 22:01:06,797 [INFO] app.main: WebSocket client connected. Total clients: 1
2026-08-07 22:03:45,467 [INFO] app.main: WebSocket client disconnected. Total clients: 0
2026-08-07 22:03:45,669 [INFO] app.main: Shutting down live connections and cleaning up...
2026-08-07 22:03:59,895 [INFO] app.providers.live: Using custom EulerStream API key for signature requests.
2026-08-07 22:04:00,248 [INFO] app.main: Initializing database and application components...
2026-08-07 22:04:06,514 [INFO] app.main: WebSocket client connected. Total clients: 1
2026-08-07 22:04:13,047 [INFO] app.processor: EventProcessor active session updated to: abbad1f0
2026-08-07 22:04:13,056 [INFO] app.providers.live: Connecting to TikTok live for username: @ewing.3gp...
2026-08-07 22:04:14,079 [INFO] httpx: HTTP Request: GET https://www.tiktok.com/api-live/user/room/?aid=1988&app_language=en&app_name=tiktok_web&browser_language=en-TT&browser_name=Mozilla&browser_online=true&browser_platform=MacIntel&browser_version=5.0%20%28Macintosh%3B%20Intel%20Mac%20OS%20X%2010_15_7%29%20AppleWebKit%2F537.36%20%28KHTML%2C%20like%20Gecko%29%20Chrome%2F147.0.0.0%20Safari%2F537.36&cookie_enabled=true&device_platform=web_pc&focus_state=true&from_page=&history_len=4&is_fullscreen=false&is_page_visible=true&screen_height=2160&screen_width=4096&tz_name=America/Port_of_Spain&channel=tiktok_web&data_collection_enabled=true&os=mac&priority_region=TT&region=TT&user_is_login=false&webcast_language=en&msToken=&referer=https://www.tiktok.com/@ewing.3gp/live&root_referer=https://www.tiktok.com/@ewing.3gp/live&device_id=51530511704368138478&uniqueId=ewing.3gp&sourceType=54 "HTTP/1.1 200 OK"
2026-08-07 22:04:14,196 [INFO] httpx: HTTP Request: GET https://www.tiktok.com/@ewing.3gp/live? "HTTP/1.1 200 OK"
2026-08-07 22:04:14,346 [INFO] httpx: HTTP Request: GET https://www.tiktok.com/api-live/user/room/?aid=1988&app_language=en&app_name=tiktok_web&browser_language=en-TT&browser_name=Mozilla&browser_online=true&browser_platform=MacIntel&browser_version=5.0%20%28Macintosh%3B%20Intel%20Mac%20OS%20X%2010_15_7%29%20AppleWebKit%2F537.36%20%28KHTML%2C%20like%20Gecko%29%20Chrome%2F147.0.0.0%20Safari%2F537.36&cookie_enabled=true&device_platform=web_pc&focus_state=true&from_page=&history_len=4&is_fullscreen=false&is_page_visible=true&screen_height=2160&screen_width=4096&tz_name=America/Port_of_Spain&channel=tiktok_web&data_collection_enabled=true&os=mac&priority_region=TT&region=TT&user_is_login=false&webcast_language=en&msToken=&referer=https://www.tiktok.com/@ewing.3gp/live&root_referer=https://www.tiktok.com/@ewing.3gp/live&device_id=28506007102686106011&uniqueId=ewing.3gp&sourceType=54 "HTTP/1.1 200 OK"
2026-08-07 22:04:14,554 [INFO] httpx: HTTP Request: GET https://webcast.tiktok.com/webcast/room/check_alive/?aid=1988&app_language=en&app_name=tiktok_web&browser_language=en-TT&browser_name=Mozilla&browser_online=true&browser_platform=MacIntel&browser_version=5.0%20%28Macintosh%3B%20Intel%20Mac%20OS%20X%2010_15_7%29%20AppleWebKit%2F537.36%20%28KHTML%2C%20like%20Gecko%29%20Chrome%2F147.0.0.0%20Safari%2F537.36&cookie_enabled=true&device_platform=web_pc&focus_state=true&from_page=&history_len=4&is_fullscreen=false&is_page_visible=true&screen_height=2160&screen_width=4096&tz_name=America/Port_of_Spain&channel=tiktok_web&data_collection_enabled=true&os=mac&priority_region=TT&region=TT&user_is_login=false&webcast_language=en&msToken=&referer=https://www.tiktok.com/@ewing.3gp/live&root_referer=https://www.tiktok.com/@ewing.3gp/live&device_id=91377370275428875777&room_id=7671214752458115841&room_ids=7671214752458115841 "HTTP/1.1 200 OK"
2026-08-07 22:04:16,488 [INFO] httpx: HTTP Request: GET https://api.eulerstream.com/webcast/fetch?client=ttlive-python&room_id=7671214752458115841&user_agent=Mozilla%2F5.0+%28Macintosh%3B+Intel+Mac+OS+X+10_15_7%29+AppleWebKit%2F537.36+%28KHTML%2C+like+Gecko%29+Chrome%2F147.0.0.0+Safari%2F537.36&client_enter=true&platform=web&tt_target_idc=useast1a "HTTP/1.1 200 OK"
2026-08-07 22:04:16,637 [INFO] app.providers.live: Reconnecting to @ewing.3gp in 2.0s...
2026-08-07 22:04:18,718 [INFO] app.providers.live: Connecting to TikTok live for username: @ewing.3gp...
2026-08-07 22:04:19,471 [INFO] httpx: HTTP Request: GET https://www.tiktok.com/api-live/user/room/?aid=1988&app_language=en&app_name=tiktok_web&browser_language=en-TT&browser_name=Mozilla&browser_online=true&browser_platform=MacIntel&browser_version=5.0%20%28Macintosh%3B%20Intel%20Mac%20OS%20X%2010_15_7%29%20AppleWebKit%2F537.36%20%28KHTML%2C%20like%20Gecko%29%20Chrome%2F147.0.0.0%20Safari%2F537.36&cookie_enabled=true&device_platform=web_pc&focus_state=true&from_page=&history_len=4&is_fullscreen=false&is_page_visible=true&screen_height=2160&screen_width=4096&tz_name=America/Port_of_Spain&channel=tiktok_web&data_collection_enabled=true&os=mac&priority_region=TT&region=TT&user_is_login=false&webcast_language=en&msToken=&referer=https://www.tiktok.com/@ewing.3gp/live&root_referer=https://www.tiktok.com/@ewing.3gp/live&device_id=23265107434111446940&uniqueId=ewing.3gp&sourceType=54 "HTTP/1.1 200 OK"
2026-08-07 22:04:19,546 [INFO] httpx: HTTP Request: GET https://www.tiktok.com/@ewing.3gp/live? "HTTP/1.1 200 OK"
2026-08-07 22:04:19,658 [INFO] httpx: HTTP Request: GET https://www.tiktok.com/api-live/user/room/?aid=1988&app_language=en&app_name=tiktok_web&browser_language=en-TT&browser_name=Mozilla&browser_online=true&browser_platform=MacIntel&browser_version=5.0%20%28Macintosh%3B%20Intel%20Mac%20OS%20X%2010_15_7%29%20AppleWebKit%2F537.36%20%28KHTML%2C%20like%20Gecko%29%20Chrome%2F147.0.0.0%20Safari%2F537.36&cookie_enabled=true&device_platform=web_pc&focus_state=true&from_page=&history_len=4&is_fullscreen=false&is_page_visible=true&screen_height=2160&screen_width=4096&tz_name=America/Port_of_Spain&channel=tiktok_web&data_collection_enabled=true&os=mac&priority_region=TT&region=TT&user_is_login=false&webcast_language=en&msToken=&referer=https://www.tiktok.com/@ewing.3gp/live&root_referer=https://www.tiktok.com/@ewing.3gp/live&device_id=13380458290630942340&uniqueId=ewing.3gp&sourceType=54 "HTTP/1.1 200 OK"
2026-08-07 22:04:19,827 [INFO] httpx: HTTP Request: GET https://webcast.tiktok.com/webcast/room/check_alive/?aid=1988&app_language=en&app_name=tiktok_web&browser_language=en-TT&browser_name=Mozilla&browser_online=true&browser_platform=MacIntel&browser_version=5.0%20%28Macintosh%3B%20Intel%20Mac%20OS%20X%2010_15_7%29%20AppleWebKit%2F537.36%20%28KHTML%2C%20like%20Gecko%29%20Chrome%2F147.0.0.0%20Safari%2F537.36&cookie_enabled=true&device_platform=web_pc&focus_state=true&from_page=&history_len=4&is_fullscreen=false&is_page_visible=true&screen_height=2160&screen_width=4096&tz_name=America/Port_of_Spain&channel=tiktok_web&data_collection_enabled=true&os=mac&priority_region=TT&region=TT&user_is_login=false&webcast_language=en&msToken=&referer=https://www.tiktok.com/@ewing.3gp/live&root_referer=https://www.tiktok.com/@ewing.3gp/live&device_id=25820479185090209476&room_id=7671214752458115841&room_ids=7671214752458115841 "HTTP/1.1 200 OK"
2026-08-07 22:04:22,249 [INFO] httpx: HTTP Request: GET https://api.eulerstream.com/webcast/fetch?client=ttlive-python&room_id=7671214752458115841&user_agent=Mozilla%2F5.0+%28Macintosh%3B+Intel+Mac+OS+X+10_15_7%29+AppleWebKit%2F537.36+%28KHTML%2C+like+Gecko%29+Chrome%2F147.0.0.0+Safari%2F537.36&client_enter=true&platform=web&tt_target_idc=useast1a "HTTP/1.1 200 OK"
2026-08-07 22:04:23,045 [INFO] app.providers.live: Reconnecting to @ewing.3gp in 2.0s...
2026-08-07 22:04:26,513 [INFO] app.providers.live: Successfully connected to room 7671214752458115841
2026-08-07 22:04:27,331 [INFO] app.providers.live: Connecting to TikTok live for username: @ewing.3gp...
2026-08-07 22:04:32,388 [WARNING] app.providers.live: Timeout checking stream status. Proceeding to connect directly.
2026-08-07 22:04:32,725 [INFO] httpx: HTTP Request: GET https://www.tiktok.com/@ewing.3gp/live? "HTTP/1.1 200 OK"
2026-08-07 22:04:34,545 [INFO] httpx: HTTP Request: GET https://www.tiktok.com/api-live/user/room/?aid=1988&app_language=en&app_name=tiktok_web&browser_language=en-TT&browser_name=Mozilla&browser_online=true&browser_platform=MacIntel&browser_version=5.0%20%28Macintosh%3B%20Intel%20Mac%20OS%20X%2010_15_7%29%20AppleWebKit%2F537.36%20%28KHTML%2C%20like%20Gecko%29%20Chrome%2F147.0.0.0%20Safari%2F537.36&cookie_enabled=true&device_platform=web_pc&focus_state=true&from_page=&history_len=4&is_fullscreen=false&is_page_visible=true&screen_height=2160&screen_width=4096&tz_name=America/Port_of_Spain&channel=tiktok_web&data_collection_enabled=true&os=mac&priority_region=TT&region=TT&user_is_login=false&webcast_language=en&msToken=&referer=https://www.tiktok.com/@ewing.3gp/live&root_referer=https://www.tiktok.com/@ewing.3gp/live&device_id=84400576482040667218&uniqueId=ewing.3gp&sourceType=54 "HTTP/1.1 200 OK"
2026-08-07 22:04:36,870 [ERROR] app.database: Failed to insert event 09b3c6c38f0e355f3773b4bef86f199f due to database error: database is locked
2026-08-07 22:04:36,876 [ERROR] app.database: Failed to insert event 381428f9e73aac1e803f5920a564cf27 due to database error: database is locked
2026-08-07 22:04:36,962 [ERROR] app.database: Failed to insert event 5b033b03eb43d385766ae21e1c9f2102 due to database error: database is locked
2026-08-07 22:04:37,008 [INFO] httpx: HTTP Request: GET https://webcast.tiktok.com/webcast/room/check_alive/?aid=1988&app_language=en&app_name=tiktok_web&browser_language=en-TT&browser_name=Mozilla&browser_online=true&browser_platform=MacIntel&browser_version=5.0%20%28Macintosh%3B%20Intel%20Mac%20OS%20X%2010_15_7%29%20AppleWebKit%2F537.36%20%28KHTML%2C%20like%20Gecko%29%20Chrome%2F147.0.0.0%20Safari%2F537.36&cookie_enabled=true&device_platform=web_pc&focus_state=true&from_page=&history_len=4&is_fullscreen=false&is_page_visible=true&screen_height=2160&screen_width=4096&tz_name=America/Port_of_Spain&channel=tiktok_web&data_collection_enabled=true&os=mac&priority_region=TT&region=TT&user_is_login=false&webcast_language=en&msToken=&referer=https://www.tiktok.com/@ewing.3gp/live&root_referer=https://www.tiktok.com/@ewing.3gp/live&device_id=48382147627640225990&room_id=7671214752458115841&room_ids=7671214752458115841 "HTTP/1.1 200 OK"
2026-08-07 22:04:38,850 [INFO] httpx: HTTP Request: GET https://api.eulerstream.com/webcast/fetch?client=ttlive-python&room_id=7671214752458115841&user_agent=Mozilla%2F5.0+%28Macintosh%3B+Intel+Mac+OS+X+10_15_7%29+AppleWebKit%2F537.36+%28KHTML%2C+like+Gecko%29+Chrome%2F147.0.0.0+Safari%2F537.36&client_enter=true&platform=web&tt_target_idc=useast1a "HTTP/1.1 200 OK"
2026-08-07 22:04:38,928 [INFO] app.providers.live: Reconnecting to @ewing.3gp in 2.0s...
2026-08-07 22:04:40,956 [INFO] app.providers.live: Connecting to TikTok live for username: @ewing.3gp...
2026-08-07 22:04:41,997 [INFO] httpx: HTTP Request: GET https://www.tiktok.com/api-live/user/room/?aid=1988&app_language=en&app_name=tiktok_web&browser_language=en-TT&browser_name=Mozilla&browser_online=true&browser_platform=MacIntel&browser_version=5.0%20%28Macintosh%3B%20Intel%20Mac%20OS%20X%2010_15_7%29%20AppleWebKit%2F537.36%20%28KHTML%2C%20like%20Gecko%29%20Chrome%2F147.0.0.0%20Safari%2F537.36&cookie_enabled=true&device_platform=web_pc&focus_state=true&from_page=&history_len=4&is_fullscreen=false&is_page_visible=true&screen_height=2160&screen_width=4096&tz_name=America/Port_of_Spain&channel=tiktok_web&data_collection_enabled=true&os=mac&priority_region=TT&region=TT&user_is_login=false&webcast_language=en&msToken=&referer=https://www.tiktok.com/@ewing.3gp/live&root_referer=https://www.tiktok.com/@ewing.3gp/live&device_id=70329444883377382152&uniqueId=ewing.3gp&sourceType=54 "HTTP/1.1 200 OK"
2026-08-07 22:04:42,363 [INFO] httpx: HTTP Request: GET https://www.tiktok.com/@ewing.3gp/live? "HTTP/1.1 200 OK"
2026-08-07 22:04:42,599 [INFO] httpx: HTTP Request: GET https://www.tiktok.com/api-live/user/room/?aid=1988&app_language=en&app_name=tiktok_web&browser_language=en-TT&browser_name=Mozilla&browser_online=true&browser_platform=MacIntel&browser_version=5.0%20%28Macintosh%3B%20Intel%20Mac%20OS%20X%2010_15_7%29%20AppleWebKit%2F537.36%20%28KHTML%2C%20like%20Gecko%29%20Chrome%2F147.0.0.0%20Safari%2F537.36&cookie_enabled=true&device_platform=web_pc&focus_state=true&from_page=&history_len=4&is_fullscreen=false&is_page_visible=true&screen_height=2160&screen_width=4096&tz_name=America/Port_of_Spain&channel=tiktok_web&data_collection_enabled=true&os=mac&priority_region=TT&region=TT&user_is_login=false&webcast_language=en&msToken=&referer=https://www.tiktok.com/@ewing.3gp/live&root_referer=https://www.tiktok.com/@ewing.3gp/live&device_id=13289980508272019318&uniqueId=ewing.3gp&sourceType=54 "HTTP/1.1 200 OK"
2026-08-07 22:04:43,012 [INFO] httpx: HTTP Request: GET https://webcast.tiktok.com/webcast/room/check_alive/?aid=1988&app_language=en&app_name=tiktok_web&browser_language=en-TT&browser_name=Mozilla&browser_online=true&browser_platform=MacIntel&browser_version=5.0%20%28Macintosh%3B%20Intel%20Mac%20OS%20X%2010_15_7%29%20AppleWebKit%2F537.36%20%28KHTML%2C%20like%20Gecko%29%20Chrome%2F147.0.0.0%20Safari%2F537.36&cookie_enabled=true&device_platform=web_pc&focus_state=true&from_page=&history_len=4&is_fullscreen=false&is_page_visible=true&screen_height=2160&screen_width=4096&tz_name=America/Port_of_Spain&channel=tiktok_web&data_collection_enabled=true&os=mac&priority_region=TT&region=TT&user_is_login=false&webcast_language=en&msToken=&referer=https://www.tiktok.com/@ewing.3gp/live&root_referer=https://www.tiktok.com/@ewing.3gp/live&device_id=81633130101810575298&room_id=7671214752458115841&room_ids=7671214752458115841 "HTTP/1.1 200 OK"
2026-08-07 22:04:44,676 [INFO] httpx: HTTP Request: GET https://api.eulerstream.com/webcast/fetch?client=ttlive-python&room_id=7671214752458115841&user_agent=Mozilla%2F5.0+%28Macintosh%3B+Intel+Mac+OS+X+10_15_7%29+AppleWebKit%2F537.36+%28KHTML%2C+like+Gecko%29+Chrome%2F147.0.0.0+Safari%2F537.36&client_enter=true&platform=web&tt_target_idc=useast1a "HTTP/1.1 200 OK"
2026-08-07 22:04:44,798 [INFO] app.providers.live: Reconnecting to @ewing.3gp in 2.0s...
2026-08-07 22:04:46,802 [INFO] app.providers.live: Connecting to TikTok live for username: @ewing.3gp...
2026-08-07 22:04:47,547 [INFO] httpx: HTTP Request: GET https://www.tiktok.com/api-live/user/room/?aid=1988&app_language=en&app_name=tiktok_web&browser_language=en-TT&browser_name=Mozilla&browser_online=true&browser_platform=MacIntel&browser_version=5.0%20%28Macintosh%3B%20Intel%20Mac%20OS%20X%2010_15_7%29%20AppleWebKit%2F537.36%20%28KHTML%2C%20like%20Gecko%29%20Chrome%2F147.0.0.0%20Safari%2F537.36&cookie_enabled=true&device_platform=web_pc&focus_state=true&from_page=&history_len=4&is_fullscreen=false&is_page_visible=true&screen_height=2160&screen_width=4096&tz_name=America/Port_of_Spain&channel=tiktok_web&data_collection_enabled=true&os=mac&priority_region=TT&region=TT&user_is_login=false&webcast_language=en&msToken=&referer=https://www.tiktok.com/@ewing.3gp/live&root_referer=https://www.tiktok.com/@ewing.3gp/live&device_id=28048579648983062445&uniqueId=ewing.3gp&sourceType=54 "HTTP/1.1 200 OK"
2026-08-07 22:04:48,827 [INFO] httpx: HTTP Request: GET https://www.tiktok.com/@ewing.3gp/live? "HTTP/1.1 200 OK"
2026-08-07 22:04:49,345 [INFO] httpx: HTTP Request: GET https://www.tiktok.com/api-live/user/room/?aid=1988&app_language=en&app_name=tiktok_web&browser_language=en-TT&browser_name=Mozilla&browser_online=true&browser_platform=MacIntel&browser_version=5.0%20%28Macintosh%3B%20Intel%20Mac%20OS%20X%2010_15_7%29%20AppleWebKit%2F537.36%20%28KHTML%2C%20like%20Gecko%29%20Chrome%2F147.0.0.0%20Safari%2F537.36&cookie_enabled=true&device_platform=web_pc&focus_state=true&from_page=&history_len=4&is_fullscreen=false&is_page_visible=true&screen_height=2160&screen_width=4096&tz_name=America/Port_of_Spain&channel=tiktok_web&data_collection_enabled=true&os=mac&priority_region=TT&region=TT&user_is_login=false&webcast_language=en&msToken=&referer=https://www.tiktok.com/@ewing.3gp/live&root_referer=https://www.tiktok.com/@ewing.3gp/live&device_id=77568159625667869174&uniqueId=ewing.3gp&sourceType=54 "HTTP/1.1 200 OK"
2026-08-07 22:04:49,731 [INFO] httpx: HTTP Request: GET https://webcast.tiktok.com/webcast/room/check_alive/?aid=1988&app_language=en&app_name=tiktok_web&browser_language=en-TT&browser_name=Mozilla&browser_online=true&browser_platform=MacIntel&browser_version=5.0%20%28Macintosh%3B%20Intel%20Mac%20OS%20X%2010_15_7%29%20AppleWebKit%2F537.36%20%28KHTML%2C%20like%20Gecko%29%20Chrome%2F147.0.0.0%20Safari%2F537.36&cookie_enabled=true&device_platform=web_pc&focus_state=true&from_page=&history_len=4&is_fullscreen=false&is_page_visible=true&screen_height=2160&screen_width=4096&tz_name=America/Port_of_Spain&channel=tiktok_web&data_collection_enabled=true&os=mac&priority_region=TT&region=TT&user_is_login=false&webcast_language=en&msToken=&referer=https://www.tiktok.com/@ewing.3gp/live&root_referer=https://www.tiktok.com/@ewing.3gp/live&device_id=98173166242855910597&room_id=7671214752458115841&room_ids=7671214752458115841 "HTTP/1.1 200 OK"
2026-08-07 22:04:51,838 [ERROR] asyncio: Task exception was never retrieved
future: <Task finished name='Task-95' coro=<TikTokLiveClient._ws_client_loop() done, defined at C:\Users\pacong2\Videos\tiktobs\.venv\Lib\site-packages\TikTokLive\client\client.py:455> exception=WebcastBlocked200Error('TikTokLive v6.6.6 -> WebSocket rejected by TikTok due to "DEVICE_BLOCKED".')>
Traceback (most recent call last):
  File "C:\Users\pacong2\Videos\tiktobs\.venv\Lib\site-packages\TikTokLive\client\ws\ws_connect.py", line 86, in __aiter__
    async with self as protocol:
               ^^^^
  File "C:\Users\pacong2\Videos\tiktobs\.venv\Lib\site-packages\websockets\legacy\client.py", line 641, in __aenter__
    return await self
           ^^^^^^^^^^
  File "C:\Users\pacong2\Videos\tiktobs\.venv\Lib\site-packages\websockets\legacy\client.py", line 662, in __await_impl__
    await protocol.handshake(
  File "C:\Users\pacong2\Videos\tiktobs\.venv\Lib\site-packages\websockets\legacy\client.py", line 317, in handshake
    raise InvalidStatusCode(status_code, response_headers)
websockets.legacy.exceptions.InvalidStatusCode: server rejected WebSocket connection: HTTP 200

The above exception was the direct cause of the following exception:

Traceback (most recent call last):
  File "C:\Users\pacong2\Videos\tiktobs\.venv\Lib\site-packages\TikTokLive\client\client.py", line 475, in _ws_client_loop
    async for webcast_response in self._ws.connect(
  File "C:\Users\pacong2\Videos\tiktobs\.venv\Lib\site-packages\TikTokLive\client\ws\ws_client.py", line 260, in connect
    async for webcast_push_frame, webcast_response in typing.cast(WebcastIterator, self._connection_generator):
  File "C:\Users\pacong2\Videos\tiktobs\.venv\Lib\site-packages\TikTokLive\client\ws\ws_connect.py", line 127, in __aiter__
    raise WebcastBlocked200Error(
TikTokLive.client.errors.WebcastBlocked200Error: TikTokLive v6.6.6 -> WebSocket rejected by TikTok due to "DEVICE_BLOCKED".
2026-08-07 22:04:52,409 [INFO] httpx: HTTP Request: GET https://api.eulerstream.com/webcast/fetch?client=ttlive-python&room_id=7671214752458115841&user_agent=Mozilla%2F5.0+%28Macintosh%3B+Intel+Mac+OS+X+10_15_7%29+AppleWebKit%2F537.36+%28KHTML%2C+like+Gecko%29+Chrome%2F147.0.0.0+Safari%2F537.36&client_enter=true&platform=web&tt_target_idc=useast1a "HTTP/1.1 200 OK"
2026-08-07 22:04:52,772 [INFO] app.providers.live: Reconnecting to @ewing.3gp in 2.0s...
2026-08-07 22:04:53,164 [INFO] app.providers.live: Successfully connected to room 7671214752458115841
2026-08-07 22:04:59,744 [INFO] app.providers.live: Connecting to TikTok live for username: @ewing.3gp...
2026-08-07 22:05:08,671 [ERROR] asyncio: Task exception was never retrieved
future: <Task finished name='Task-18' coro=<TikTokLiveClient._ws_client_loop() done, defined at C:\Users\pacong2\Videos\tiktobs\.venv\Lib\site-packages\TikTokLive\client\client.py:455> exception=InvalidStatusCode(400, Headers([('Date', 'Fri, 07 Aug 2026 15:04:17 GMT'), ('Content-Length', '0'), ('Connection', 'keep-alive'), ('CF-RAY', 'a2772c425e13afe4-SIN')]))>
Traceback (most recent call last):
  File "C:\Users\pacong2\Videos\tiktobs\.venv\Lib\site-packages\TikTokLive\client\client.py", line 475, in _ws_client_loop
    async for webcast_response in self._ws.connect(
  File "C:\Users\pacong2\Videos\tiktobs\.venv\Lib\site-packages\TikTokLive\client\ws\ws_client.py", line 260, in connect
    async for webcast_push_frame, webcast_response in typing.cast(WebcastIterator, self._connection_generator):
  File "C:\Users\pacong2\Videos\tiktobs\.venv\Lib\site-packages\TikTokLive\client\ws\ws_connect.py", line 86, in __aiter__
    async with self as protocol:
               ^^^^
  File "C:\Users\pacong2\Videos\tiktobs\.venv\Lib\site-packages\websockets\legacy\client.py", line 641, in __aenter__
    return await self
           ^^^^^^^^^^
  File "C:\Users\pacong2\Videos\tiktobs\.venv\Lib\site-packages\websockets\legacy\client.py", line 662, in __await_impl__
    await protocol.handshake(
  File "C:\Users\pacong2\Videos\tiktobs\.venv\Lib\site-packages\websockets\legacy\client.py", line 317, in handshake
    raise InvalidStatusCode(status_code, response_headers)
websockets.legacy.exceptions.InvalidStatusCode: server rejected WebSocket connection: HTTP 400
2026-08-07 22:05:08,754 [ERROR] asyncio: Task exception was never retrieved
future: <Task finished name='Task-76' coro=<TikTokLiveClient._ws_client_loop() done, defined at C:\Users\pacong2\Videos\tiktobs\.venv\Lib\site-packages\TikTokLive\client\client.py:455> exception=WebcastBlocked200Error('TikTokLive v6.6.6 -> WebSocket rejected by TikTok due to "DEVICE_BLOCKED".')>
Traceback (most recent call last):
  File "C:\Users\pacong2\Videos\tiktobs\.venv\Lib\site-packages\TikTokLive\client\ws\ws_connect.py", line 86, in __aiter__
    async with self as protocol:
               ^^^^
  File "C:\Users\pacong2\Videos\tiktobs\.venv\Lib\site-packages\websockets\legacy\client.py", line 641, in __aenter__
    return await self
           ^^^^^^^^^^
  File "C:\Users\pacong2\Videos\tiktobs\.venv\Lib\site-packages\websockets\legacy\client.py", line 662, in __await_impl__
    await protocol.handshake(
  File "C:\Users\pacong2\Videos\tiktobs\.venv\Lib\site-packages\websockets\legacy\client.py", line 317, in handshake
    raise InvalidStatusCode(status_code, response_headers)
websockets.legacy.exceptions.InvalidStatusCode: server rejected WebSocket connection: HTTP 200

The above exception was the direct cause of the following exception:

Traceback (most recent call last):
  File "C:\Users\pacong2\Videos\tiktobs\.venv\Lib\site-packages\TikTokLive\client\client.py", line 475, in _ws_client_loop
    async for webcast_response in self._ws.connect(
  File "C:\Users\pacong2\Videos\tiktobs\.venv\Lib\site-packages\TikTokLive\client\ws\ws_client.py", line 260, in connect
    async for webcast_push_frame, webcast_response in typing.cast(WebcastIterator, self._connection_generator):
  File "C:\Users\pacong2\Videos\tiktobs\.venv\Lib\site-packages\TikTokLive\client\ws\ws_connect.py", line 127, in __aiter__
    raise WebcastBlocked200Error(
TikTokLive.client.errors.WebcastBlocked200Error: TikTokLive v6.6.6 -> WebSocket rejected by TikTok due to "DEVICE_BLOCKED".
2026-08-07 22:05:20,308 [WARNING] app.providers.live: Timeout checking stream status. Proceeding to connect directly.
2026-08-07 22:05:20,330 [ERROR] app.database: Failed to insert event 951b1e6cb5523ce8a7636d78c7be5bf6 due to database error: database is locked
2026-08-07 22:05:20,335 [ERROR] app.database: Failed to insert event 522c074f9cd375b0d8b1645ca63bfef7 due to database error: database is locked
2026-08-07 22:05:20,336 [ERROR] app.database: Failed to insert event 32e89461e1bb93c0b0a9aa3fc7d6b3fd due to database error: database is locked
2026-08-07 22:05:20,336 [ERROR] app.database: Failed to insert event ae73aa701f341810803dc0c388fe4f2d due to database error: database is locked
2026-08-07 22:05:20,337 [ERROR] app.database: Failed to insert event ee7dd67e4ff018ce5a8c9e41c3ad0fe4 due to database error: database is locked
2026-08-07 22:05:20,337 [ERROR] app.database: Failed to insert event 71a3be8f4305a56ca708b4740cf26a5c due to database error: database is locked
2026-08-07 22:05:20,338 [ERROR] app.database: Failed to insert event 0fb4f511bd304a3027064db53182474a due to database error: database is locked
2026-08-07 22:05:20,339 [ERROR] app.database: Failed to insert event bfca4807affa07a204b540a8deeadf42 due to database error: database is locked
2026-08-07 22:05:20,340 [ERROR] app.database: Failed to insert event 652b91ba988dd768a8614e66aeb8953e due to database error: database is locked
2026-08-07 22:05:20,343 [ERROR] app.database: Failed to insert event 57565fd223d02106d6923ad90d423edc due to database error: database is locked
2026-08-07 22:05:20,344 [ERROR] app.database: Failed to insert event 39ffc211c7720ebe647a687b6dbb9020 due to database error: database is locked
2026-08-07 22:05:20,345 [ERROR] app.database: Failed to insert event 156625af80fe5e091df18d24f8fda5f5 due to database error: database is locked
2026-08-07 22:05:20,347 [ERROR] app.database: Failed to insert event 7942c0d30c6a0b85034c83ffe4c60e9f due to database error: database is locked
2026-08-07 22:05:20,348 [ERROR] app.database: Failed to insert event 5d936f8fc46837cdbc8f2687f78714b7 due to database error: database is locked
2026-08-07 22:05:20,355 [ERROR] app.database: Failed to insert event d6a4f7e193b22c17e4f24bd6530e394e due to database error: database is locked
2026-08-07 22:05:20,359 [ERROR] app.database: Failed to insert event c6aae0d7a78094e0c5e21ab3fd8259ad due to database error: database is locked
2026-08-07 22:05:20,359 [ERROR] app.database: Failed to insert event b868eb19aa339a9589a710ad918b67b5 due to database error: database is locked
2026-08-07 22:05:20,360 [ERROR] app.database: Failed to insert event e62b19815444efb0167d1111f0ef7d31 due to database error: database is locked
2026-08-07 22:05:20,361 [ERROR] app.database: Failed to insert event 217ccb54b2fb35353c9850c570872b85 due to database error: database is locked
2026-08-07 22:05:20,363 [ERROR] app.database: Failed to insert event 394872bed1e2dbe06368d6a34baff9ad due to database error: database is locked
2026-08-07 22:05:31,456 [ERROR] app.database: Failed to insert event c2f08c4922ad18017f48f1f49291e698 due to database error: database is locked
2026-08-07 22:05:31,459 [ERROR] app.database: Failed to insert event 15ceb750802e7da497f9299ad0aa9446 due to database error: database is locked
2026-08-07 22:05:31,466 [INFO] app.main: WebSocket client disconnected. Total clients: 0
2026-08-07 22:05:31,472 [ERROR] app.database: Failed to insert event 3909ce61e86a18df822884f27aae94c9 due to database error: database is locked
2026-08-07 22:05:39,778 [ERROR] app.database: Failed to insert event a693e3e8f43f22eecaaa514c6bad6db5 due to database error: database is locked
2026-08-07 22:05:39,782 [ERROR] app.database: Failed to insert event 32ce9fd97c39949ade0abdc507949354 due to database error: database is locked
2026-08-07 22:05:39,782 [ERROR] app.database: Failed to insert event 1de03edfdc84822f8ffb07acd633831d due to database error: database is locked
2026-08-07 22:05:39,783 [ERROR] app.database: Failed to insert event e06aca6555996a41f5f551664e8cf215 due to database error: database is locked
2026-08-07 22:05:39,783 [ERROR] app.database: Failed to insert event e9d46753e6f0eec604b70f2f069a5b2b due to database error: database is locked
2026-08-07 22:05:39,784 [ERROR] app.database: Failed to insert event db6b49143a48ce5658717aa34b457fc6 due to database error: database is locked
2026-08-07 22:05:39,785 [ERROR] app.database: Failed to insert event 4b8ed5756a1a518b126fd219979f33de due to database error: database is locked
2026-08-07 22:05:39,787 [ERROR] app.database: Failed to insert event 457d4aebf9328aaa2ff638956b1c3317 due to database error: database is locked
2026-08-07 22:05:39,788 [ERROR] app.database: Failed to insert event bdccf56c8e1b67cd8329b9f8852e704b due to database error: database is locked
2026-08-07 22:05:39,790 [ERROR] app.database: Failed to insert event e640bc7465eba6e077204589d68def7b due to database error: database is locked
2026-08-07 22:05:39,793 [ERROR] app.database: Failed to insert event 24447adb27c986661b4f7d751415e893 due to database error: database is locked
2026-08-07 22:05:39,795 [ERROR] app.database: Failed to insert event d24fe15014dfcea742cda7c106f5ff3b due to database error: database is locked
2026-08-07 22:05:39,796 [ERROR] app.database: Failed to insert event 6b8a7ce49489bf1493a47b1af0cff289 due to database error: database is locked
2026-08-07 22:05:39,798 [ERROR] app.database: Failed to insert event 0657e48ddb898fb38c24680ee36313d7 due to database error: database is locked
2026-08-07 22:10:05,308 [INFO] app.providers.live: Using custom EulerStream API key for signature requests.
2026-08-07 22:10:06,371 [INFO] app.main: Initializing database and application components...
2026-08-07 22:10:12,361 [INFO] app.main: WebSocket client connected. Total clients: 1
2026-08-07 22:10:16,734 [INFO] app.main: WebSocket client connected. Total clients: 2
2026-08-07 22:10:27,414 [INFO] app.main: WebSocket client disconnected. Total clients: 1
2026-08-07 22:10:35,356 [INFO] app.main: WebSocket client disconnected. Total clients: 0
2026-08-07 22:10:37,617 [INFO] app.main: WebSocket client connected. Total clients: 1
2026-08-07 22:11:05,235 [INFO] app.main: WebSocket client connected. Total clients: 2
2026-08-07 22:11:13,676 [INFO] app.processor: EventProcessor active session updated to: f66ab56e
2026-08-07 22:11:13,679 [INFO] app.providers.live: Connecting to TikTok live for username: @ewing.3gp...
2026-08-07 22:11:14,946 [INFO] httpx: HTTP Request: GET https://www.tiktok.com/api-live/user/room/?aid=1988&app_language=en&app_name=tiktok_web&browser_language=en-TT&browser_name=Mozilla&browser_online=true&browser_platform=MacIntel&browser_version=5.0%20%28Macintosh%3B%20Intel%20Mac%20OS%20X%2014_7%29%20AppleWebKit%2F537.36%20%28KHTML%2C%20like%20Gecko%29%20Chrome%2F147.0.0.0%20Safari%2F537.36%20OPR%2F131.0.0.0&cookie_enabled=true&device_platform=web_pc&focus_state=true&from_page=&history_len=13&is_fullscreen=false&is_page_visible=true&screen_height=2160&screen_width=4096&tz_name=America/Port_of_Spain&channel=tiktok_web&data_collection_enabled=true&os=mac&priority_region=TT&region=TT&user_is_login=false&webcast_language=en&msToken=&referer=https://www.tiktok.com/@ewing.3gp/live&root_referer=https://www.tiktok.com/@ewing.3gp/live&device_id=34563958745238127342&uniqueId=ewing.3gp&sourceType=54 "HTTP/1.1 200 OK"
2026-08-07 22:11:15,208 [INFO] httpx: HTTP Request: GET https://www.tiktok.com/@ewing.3gp/live? "HTTP/1.1 200 OK"
2026-08-07 22:11:15,543 [INFO] httpx: HTTP Request: GET https://webcast.tiktok.com/webcast/room/check_alive/?aid=1988&app_language=en&app_name=tiktok_web&browser_language=en-TT&browser_name=Mozilla&browser_online=true&browser_platform=MacIntel&browser_version=5.0%20%28Macintosh%3B%20Intel%20Mac%20OS%20X%2014_7%29%20AppleWebKit%2F537.36%20%28KHTML%2C%20like%20Gecko%29%20Chrome%2F147.0.0.0%20Safari%2F537.36%20OPR%2F131.0.0.0&cookie_enabled=true&device_platform=web_pc&focus_state=true&from_page=&history_len=13&is_fullscreen=false&is_page_visible=true&screen_height=2160&screen_width=4096&tz_name=America/Port_of_Spain&channel=tiktok_web&data_collection_enabled=true&os=mac&priority_region=TT&region=TT&user_is_login=false&webcast_language=en&msToken=&referer=https://www.tiktok.com/@ewing.3gp/live&root_referer=https://www.tiktok.com/@ewing.3gp/live&device_id=69960517187233811376&room_id=7671214752458115841&room_ids=7671214752458115841 "HTTP/1.1 200 OK"
2026-08-07 22:11:19,009 [INFO] httpx: HTTP Request: GET https://api.eulerstream.com/webcast/fetch?client=ttlive-python&room_id=7671214752458115841&user_agent=Mozilla%2F5.0+%28Macintosh%3B+Intel+Mac+OS+X+14_7%29+AppleWebKit%2F537.36+%28KHTML%2C+like+Gecko%29+Chrome%2F147.0.0.0+Safari%2F537.36+OPR%2F131.0.0.0&client_enter=true&platform=web&tt_target_idc=useast1a "HTTP/1.1 200 OK"
2026-08-07 22:11:19,316 [INFO] app.providers.live: Reconnecting to @ewing.3gp in 2.0s (Attempt 0/3)...
2026-08-07 22:11:24,959 [INFO] app.providers.live: Successfully connected to room 7671214752458115841
2026-08-07 22:11:27,367 [INFO] app.providers.live: Connecting to TikTok live for username: @ewing.3gp...
2026-08-07 22:11:32,918 [WARNING] app.providers.live: Error checking stream status (). Proceeding to connect directly.
2026-08-07 22:11:35,245 [INFO] httpx: HTTP Request: GET https://www.tiktok.com/@ewing.3gp/live? "HTTP/1.1 200 OK"
2026-08-07 22:12:04,395 [INFO] app.providers.live: Using custom EulerStream API key for signature requests.
2026-08-07 22:12:04,558 [INFO] app.main: Initializing database and application components...
2026-08-07 22:12:05,686 [INFO] app.main: WebSocket client connected. Total clients: 1
2026-08-07 22:12:11,105 [INFO] app.main: WebSocket client disconnected. Total clients: 0
2026-08-07 22:12:11,138 [ERROR] asyncio: Exception in callback _ProactorBasePipeTransport._call_connection_lost(None)
handle: <Handle _ProactorBasePipeTransport._call_connection_lost(None)>
Traceback (most recent call last):
  File "C:\Users\pacong2\AppData\Roaming\uv\python\cpython-3.12-windows-x86_64-none\Lib\asyncio\events.py", line 88, in _run
    self._context.run(self._callback, *self._args)
  File "C:\Users\pacong2\AppData\Roaming\uv\python\cpython-3.12-windows-x86_64-none\Lib\asyncio\proactor_events.py", line 165, in _call_connection_lost
    self._sock.shutdown(socket.SHUT_RDWR)
ConnectionResetError: [WinError 10054] An existing connection was forcibly closed by the remote host
2026-08-07 22:12:12,505 [INFO] app.main: WebSocket client connected. Total clients: 1
2026-08-07 22:12:22,785 [INFO] app.processor: EventProcessor active session updated to: 33333edf
2026-08-07 22:12:22,801 [INFO] app.providers.live: Connecting to TikTok live for username: @ewing.3gp...
2026-08-07 22:12:23,758 [INFO] httpx: HTTP Request: GET https://www.tiktok.com/api-live/user/room/?aid=1988&app_language=en&app_name=tiktok_web&browser_language=en-GB&browser_name=Mozilla&browser_online=true&browser_platform=MacIntel&browser_version=5.0%20%28Macintosh%3B%20Intel%20Mac%20OS%20X%2014_7%29%20AppleWebKit%2F537.36%20%28KHTML%2C%20like%20Gecko%29%20Chrome%2F147.0.0.0%20Safari%2F537.36%20OPR%2F131.0.0.0&cookie_enabled=true&device_platform=web_pc&focus_state=true&from_page=&history_len=11&is_fullscreen=false&is_page_visible=true&screen_height=2048&screen_width=1152&tz_name=Europe/London&channel=tiktok_web&data_collection_enabled=true&os=mac&priority_region=GB&region=GB&user_is_login=false&webcast_language=en&msToken=&referer=https://www.tiktok.com/@ewing.3gp/live&root_referer=https://www.tiktok.com/@ewing.3gp/live&device_id=29445549824222726711&uniqueId=ewing.3gp&sourceType=54 "HTTP/1.1 200 OK"
2026-08-07 22:12:24,089 [INFO] httpx: HTTP Request: GET https://www.tiktok.com/@ewing.3gp/live? "HTTP/1.1 200 OK"
2026-08-07 22:12:24,391 [INFO] httpx: HTTP Request: GET https://webcast.tiktok.com/webcast/room/check_alive/?aid=1988&app_language=en&app_name=tiktok_web&browser_language=en-GB&browser_name=Mozilla&browser_online=true&browser_platform=MacIntel&browser_version=5.0%20%28Macintosh%3B%20Intel%20Mac%20OS%20X%2014_7%29%20AppleWebKit%2F537.36%20%28KHTML%2C%20like%20Gecko%29%20Chrome%2F147.0.0.0%20Safari%2F537.36%20OPR%2F131.0.0.0&cookie_enabled=true&device_platform=web_pc&focus_state=true&from_page=&history_len=11&is_fullscreen=false&is_page_visible=true&screen_height=2048&screen_width=1152&tz_name=Europe/London&channel=tiktok_web&data_collection_enabled=true&os=mac&priority_region=GB&region=GB&user_is_login=false&webcast_language=en&msToken=&referer=https://www.tiktok.com/@ewing.3gp/live&root_referer=https://www.tiktok.com/@ewing.3gp/live&device_id=55112035149968166409&room_id=7671214752458115841&room_ids=7671214752458115841 "HTTP/1.1 200 OK"
2026-08-07 22:12:25,577 [INFO] app.main: WebSocket client connected. Total clients: 2
2026-08-07 22:12:27,732 [INFO] httpx: HTTP Request: GET https://api.eulerstream.com/webcast/fetch?client=ttlive-python&room_id=7671214752458115841&user_agent=Mozilla%2F5.0+%28Macintosh%3B+Intel+Mac+OS+X+14_7%29+AppleWebKit%2F537.36+%28KHTML%2C+like+Gecko%29+Chrome%2F147.0.0.0+Safari%2F537.36+OPR%2F131.0.0.0&client_enter=true&platform=web&tt_target_idc=useast1a "HTTP/1.1 200 OK"
2026-08-07 22:12:27,949 [INFO] app.providers.live: Reconnecting to @ewing.3gp in 2.0s (Attempt 0/3)...
2026-08-07 22:12:31,564 [INFO] app.providers.live: Successfully connected to room 7671214752458115841
2026-08-07 22:12:32,057 [INFO] app.providers.live: Connecting to TikTok live for username: @ewing.3gp...
2026-08-07 22:12:39,522 [INFO] app.main: WebSocket client disconnected. Total clients: 1
2026-08-07 22:12:43,873 [WARNING] app.providers.live: Timeout checking stream status. Proceeding to connect directly.
2026-08-07 22:12:46,075 [ERROR] app.database: Failed to insert event b331e8dc65a821a2af3a2203e6188a7c due to database error: database is locked
2026-08-07 22:12:46,077 [ERROR] app.database: Failed to insert event 9a51b9d900065c98e07f3a83ca17214a due to database error: database is locked
2026-08-07 22:12:46,078 [ERROR] app.database: Failed to insert event 886c22dde596681f87a7dffd3b44b322 due to database error: database is locked
2026-08-07 22:12:46,081 [ERROR] app.database: Failed to insert event 55b2ace96f284f39248cd8d87756a57a due to database error: database is locked
2026-08-07 22:12:46,083 [ERROR] app.database: Failed to insert event bfda5c1ca22a88d01b40c6bc8167f277 due to database error: database is locked
2026-08-07 22:12:46,089 [ERROR] app.database: Failed to insert event a99da89f1754e21e5aa73b259e6f20ba due to database error: database is locked
2026-08-07 22:12:46,092 [ERROR] app.database: Failed to insert event b95510a846978710a9c2ba9791553719 due to database error: database is locked
2026-08-07 22:12:46,093 [ERROR] app.database: Failed to insert event 02dacc24efc44e19af709423e2db7cd1 due to database error: database is locked
2026-08-07 22:12:46,095 [ERROR] app.database: Failed to insert event 2da1be3a42e7003049ee016a2cf3975f due to database error: database is locked
2026-08-07 22:12:47,649 [ERROR] app.database: Failed to insert event b782039963683a8141fcd3993654159b due to database error: database is locked
2026-08-07 22:12:47,651 [ERROR] app.database: Failed to insert event 75df2a212125989e6f3366ca83beae82 due to database error: database is locked
2026-08-07 22:12:47,652 [ERROR] app.database: Failed to insert event 84166d8eee5b0e34d216bb984d4c0180 due to database error: database is locked
2026-08-07 22:12:47,653 [ERROR] app.database: Failed to insert event f8a70428afb8f34a08ddc0828b1ee032 due to database error: database is locked
2026-08-07 22:12:47,654 [ERROR] app.database: Failed to insert event 7436ebbcafbada44e8845ce9451719d9 due to database error: database is locked
2026-08-07 22:12:47,661 [ERROR] app.database: Failed to insert event 391f8a25079c7e4526cadf116c6deae8 due to database error: database is locked
2026-08-07 22:12:47,661 [ERROR] app.database: Failed to insert event d6b3626179a5f45f13b315dba4d3f59c due to database error: database is locked
2026-08-07 22:12:47,664 [ERROR] app.database: Failed to insert event 8d2b167222257a9eead971f91b7ae4f3 due to database error: database is locked
2026-08-07 22:12:47,665 [ERROR] app.database: Failed to insert event 94a2fa593b2c00176eb112a71cf7b58d due to database error: database is locked
2026-08-07 22:12:47,666 [ERROR] app.database: Failed to insert event c7cc88a1f951bf16e4128216fb330e18 due to database error: database is locked
2026-08-07 22:12:47,672 [ERROR] app.database: Failed to insert event 90f69718740bb767b2358500685bc943 due to database error: database is locked
2026-08-07 22:12:47,682 [ERROR] app.database: Failed to insert event 7c7f156036a1fcae2404c5e8cea5356c due to database error: database is locked
2026-08-07 22:12:48,879 [ERROR] app.database: Failed to insert event 878342140f88d9a558564faff9e468b9 due to database error: database is locked
2026-08-07 22:12:49,229 [INFO] app.main: WebSocket client connected. Total clients: 2
2026-08-07 22:12:50,371 [INFO] httpx: HTTP Request: GET https://www.tiktok.com/@ewing.3gp/live? "HTTP/1.1 200 OK"
2026-08-07 22:12:50,562 [ERROR] app.database: Failed to insert event cafe0e7f7b84579669ac95482cd1794a due to database error: database is locked
2026-08-07 22:12:50,564 [ERROR] app.database: Failed to insert event 7f0ddc2b429132bc6a2e6e685c8fbce8 due to database error: database is locked
2026-08-07 22:12:50,565 [ERROR] app.database: Failed to insert event 6932df1e129ae3942e075e67be19421a due to database error: database is locked
2026-08-07 22:12:50,565 [ERROR] app.database: Failed to insert event 2b74e04e44c4e5bd7a9baf2e8a65a741 due to database error: database is locked
2026-08-07 22:12:50,566 [ERROR] app.database: Failed to insert event c7826a83bb960d4994f085d918b10b40 due to database error: database is locked
2026-08-07 22:12:50,566 [ERROR] app.database: Failed to insert event 5888a0d33357076ed98f6e95d8d4c68c due to database error: database is locked
2026-08-07 22:12:50,568 [ERROR] app.database: Failed to insert event 749097c95d326bbaa07e77c8599bb586 due to database error: database is locked
2026-08-07 22:12:50,571 [ERROR] app.database: Failed to insert event 35f608862daa18077cafe9083310bd4e due to database error: database is locked
2026-08-07 22:12:50,580 [ERROR] app.database: Failed to insert event c75beab7898c730befd9f214fdd1768b due to database error: database is locked
2026-08-07 22:12:50,582 [ERROR] app.database: Failed to insert event 90341a93662b42a9894fdb06ffebf969 due to database error: database is locked
2026-08-07 22:12:50,748 [INFO] httpx: HTTP Request: GET https://webcast.tiktok.com/webcast/room/check_alive/?aid=1988&app_language=en&app_name=tiktok_web&browser_language=en-GB&browser_name=Mozilla&browser_online=true&browser_platform=MacIntel&browser_version=5.0%20%28Macintosh%3B%20Intel%20Mac%20OS%20X%2014_7%29%20AppleWebKit%2F537.36%20%28KHTML%2C%20like%20Gecko%29%20Chrome%2F147.0.0.0%20Safari%2F537.36%20OPR%2F131.0.0.0&cookie_enabled=true&device_platform=web_pc&focus_state=true&from_page=&history_len=11&is_fullscreen=false&is_page_visible=true&screen_height=2048&screen_width=1152&tz_name=Europe/London&channel=tiktok_web&data_collection_enabled=true&os=mac&priority_region=GB&region=GB&user_is_login=false&webcast_language=en&msToken=&referer=https://www.tiktok.com/@ewing.3gp/live&root_referer=https://www.tiktok.com/@ewing.3gp/live&device_id=57098095518792509182&room_id=7671214752458115841&room_ids=7671214752458115841 "HTTP/1.1 200 OK"
2026-08-07 22:12:51,777 [INFO] httpx: HTTP Request: GET https://api.eulerstream.com/webcast/fetch?client=ttlive-python&room_id=7671214752458115841&user_agent=Mozilla%2F5.0+%28Macintosh%3B+Intel+Mac+OS+X+14_7%29+AppleWebKit%2F537.36+%28KHTML%2C+like+Gecko%29+Chrome%2F147.0.0.0+Safari%2F537.36+OPR%2F131.0.0.0&client_enter=true&platform=web&tt_target_idc=useast1a "HTTP/1.1 200 OK"
2026-08-07 22:12:51,781 [INFO] app.providers.live: Reconnecting to @ewing.3gp in 4.0s (Attempt 0/3)...
2026-08-07 22:12:55,769 [INFO] app.providers.live: Connecting to TikTok live for username: @ewing.3gp...
2026-08-07 22:12:57,056 [INFO] httpx: HTTP Request: GET https://www.tiktok.com/api-live/user/room/?aid=1988&app_language=en&app_name=tiktok_web&browser_language=en-GB&browser_name=Mozilla&browser_online=true&browser_platform=MacIntel&browser_version=5.0%20%28Macintosh%3B%20Intel%20Mac%20OS%20X%2014_7%29%20AppleWebKit%2F537.36%20%28KHTML%2C%20like%20Gecko%29%20Chrome%2F147.0.0.0%20Safari%2F537.36%20OPR%2F131.0.0.0&cookie_enabled=true&device_platform=web_pc&focus_state=true&from_page=&history_len=11&is_fullscreen=false&is_page_visible=true&screen_height=2048&screen_width=1152&tz_name=Europe/London&channel=tiktok_web&data_collection_enabled=true&os=mac&priority_region=GB&region=GB&user_is_login=false&webcast_language=en&msToken=&referer=https://www.tiktok.com/@ewing.3gp/live&root_referer=https://www.tiktok.com/@ewing.3gp/live&device_id=39527691473480152268&uniqueId=ewing.3gp&sourceType=54 "HTTP/1.1 200 OK"
2026-08-07 22:12:57,309 [INFO] httpx: HTTP Request: GET https://www.tiktok.com/@ewing.3gp/live? "HTTP/1.1 200 OK"
2026-08-07 22:12:57,643 [INFO] httpx: HTTP Request: GET https://webcast.tiktok.com/webcast/room/check_alive/?aid=1988&app_language=en&app_name=tiktok_web&browser_language=en-GB&browser_name=Mozilla&browser_online=true&browser_platform=MacIntel&browser_version=5.0%20%28Macintosh%3B%20Intel%20Mac%20OS%20X%2014_7%29%20AppleWebKit%2F537.36%20%28KHTML%2C%20like%20Gecko%29%20Chrome%2F147.0.0.0%20Safari%2F537.36%20OPR%2F131.0.0.0&cookie_enabled=true&device_platform=web_pc&focus_state=true&from_page=&history_len=11&is_fullscreen=false&is_page_visible=true&screen_height=2048&screen_width=1152&tz_name=Europe/London&channel=tiktok_web&data_collection_enabled=true&os=mac&priority_region=GB&region=GB&user_is_login=false&webcast_language=en&msToken=&referer=https://www.tiktok.com/@ewing.3gp/live&root_referer=https://www.tiktok.com/@ewing.3gp/live&device_id=32392860027874670328&room_id=7671214752458115841&room_ids=7671214752458115841 "HTTP/1.1 200 OK"
2026-08-07 22:13:01,338 [INFO] httpx: HTTP Request: GET https://api.eulerstream.com/webcast/fetch?client=ttlive-python&room_id=7671214752458115841&user_agent=Mozilla%2F5.0+%28Macintosh%3B+Intel+Mac+OS+X+14_7%29+AppleWebKit%2F537.36+%28KHTML%2C+like+Gecko%29+Chrome%2F147.0.0.0+Safari%2F537.36+OPR%2F131.0.0.0&client_enter=true&platform=web&tt_target_idc=useast1a "HTTP/1.1 200 OK"
2026-08-07 22:13:01,487 [INFO] app.providers.live: Reconnecting to @ewing.3gp in 8.0s (Attempt 0/3)...
2026-08-07 22:13:02,264 [INFO] app.providers.live: Successfully connected to room 7671214752458115841
2026-08-07 22:13:11,873 [ERROR] asyncio: Task exception was never retrieved
future: <Task finished name='Task-102' coro=<TikTokLiveClient._ws_client_loop() done, defined at C:\Users\pacong2\Videos\tiktobs\.venv\Lib\site-packages\TikTokLive\client\client.py:455> exception=InvalidStatusCode(400, Headers([('Date', 'Fri, 07 Aug 2026 15:12:52 GMT'), ('Content-Length', '0'), ('Connection', 'keep-alive'), ('CF-RAY', 'a27738d508b39fa1-SIN')]))>
Traceback (most recent call last):
  File "C:\Users\pacong2\Videos\tiktobs\.venv\Lib\site-packages\TikTokLive\client\client.py", line 475, in _ws_client_loop
    async for webcast_response in self._ws.connect(
  File "C:\Users\pacong2\Videos\tiktobs\.venv\Lib\site-packages\TikTokLive\client\ws\ws_client.py", line 260, in connect
    async for webcast_push_frame, webcast_response in typing.cast(WebcastIterator, self._connection_generator):
  File "C:\Users\pacong2\Videos\tiktobs\.venv\Lib\site-packages\TikTokLive\client\ws\ws_connect.py", line 86, in __aiter__
    async with self as protocol:
               ^^^^
  File "C:\Users\pacong2\Videos\tiktobs\.venv\Lib\site-packages\websockets\legacy\client.py", line 641, in __aenter__
    return await self
           ^^^^^^^^^^
  File "C:\Users\pacong2\Videos\tiktobs\.venv\Lib\site-packages\websockets\legacy\client.py", line 662, in __await_impl__
    await protocol.handshake(
  File "C:\Users\pacong2\Videos\tiktobs\.venv\Lib\site-packages\websockets\legacy\client.py", line 317, in handshake
    raise InvalidStatusCode(status_code, response_headers)
websockets.legacy.exceptions.InvalidStatusCode: server rejected WebSocket connection: HTTP 400
2026-08-07 22:13:13,395 [INFO] app.providers.live: Connecting to TikTok live for username: @ewing.3gp...
2026-08-07 22:13:26,693 [ERROR] app.database: Failed to insert event 8e321e17b046dbac199e9eb1640ea824 due to database error: database is locked
2026-08-07 22:13:26,696 [ERROR] app.database: Failed to insert event a2866b70aac69117ad8c4c97901f1c9e due to database error: database is locked
2026-08-07 22:13:26,699 [ERROR] app.database: Failed to insert event 78f4fe7d5fd01741615096e17e6070b9 due to database error: database is locked
2026-08-07 22:13:26,700 [ERROR] app.database: Failed to insert event 92df00d41fdf59f4f4672da5fed24a48 due to database error: database is locked
2026-08-07 22:13:26,711 [ERROR] app.database: Failed to insert event f023b137c2caac24e53a06f3e1a721f6 due to database error: database is locked
2026-08-07 22:13:26,713 [ERROR] app.database: Failed to insert event 2154137058b83f08e989ff683fbc1302 due to database error: database is locked
2026-08-07 22:13:26,714 [ERROR] app.database: Failed to insert event d96d9e7c08e3308b00c5776180a2918c due to database error: database is locked
2026-08-07 22:13:26,715 [ERROR] app.database: Failed to insert event d33336dd78abc5d889a96ba3549b84c4 due to database error: database is locked
2026-08-07 22:13:26,718 [ERROR] app.database: Failed to insert event 492506d0825da9e6a4571d9c5699d602 due to database error: database is locked
2026-08-07 22:13:26,727 [ERROR] app.database: Failed to insert event c5a0bedd7a626e516e8ecdb7d2165dcb due to database error: database is locked
2026-08-07 22:13:26,729 [ERROR] app.database: Failed to insert event 03428a7c01ec6082ea319babefcb629e due to database error: database is locked
2026-08-07 22:13:26,729 [ERROR] app.database: Failed to insert event 45a6a4d44372e6e896a1d31831af6e71 due to database error: database is locked
2026-08-07 22:13:26,731 [ERROR] app.database: Failed to insert event cf5680e2003737dd41074f213c745af1 due to database error: database is locked
2026-08-07 22:13:26,737 [ERROR] app.database: Failed to insert event eeb5e2e574acd5b5f7dac6df5446012e due to database error: database is locked
2026-08-07 22:13:26,739 [ERROR] app.database: Failed to insert event dc9d17eaf5f3f3322705dc8c3c0f3c3d due to database error: database is locked
2026-08-07 22:13:26,740 [ERROR] app.database: Failed to insert event 17defcea65eb06d2a3b5d643d4589976 due to database error: database is locked
2026-08-07 22:13:26,741 [ERROR] app.database: Failed to insert event fbd9329a24555f4619719392d20ff64a due to database error: database is locked
2026-08-07 22:13:26,743 [ERROR] app.database: Failed to insert event 3302eeef6954c81a70bdc06c711eadf7 due to database error: database is locked
2026-08-07 22:13:26,744 [ERROR] app.database: Failed to insert event 3d3148c058b1c2ee97027466ecdd5d84 due to database error: database is locked
2026-08-07 22:13:26,745 [ERROR] app.database: Failed to insert event ab13abf1730278c5a498769cfdd33296 due to database error: database is locked
2026-08-07 22:13:26,745 [ERROR] app.database: Failed to insert event 23c30987dd3b3a00fdb1c4c1e72153be due to database error: database is locked
2026-08-07 22:13:26,746 [ERROR] app.database: Failed to insert event 2f8680b289947d9f6996ea040fc1ec2e due to database error: database is locked
2026-08-07 22:13:26,746 [ERROR] app.database: Failed to insert event 79552e73c9c874a62c74aa981d941bfc due to database error: database is locked
2026-08-07 22:13:26,747 [ERROR] app.database: Failed to insert event 8faf7379c32b667ac4eaed91b656052b due to database error: database is locked
2026-08-07 22:13:26,747 [ERROR] app.database: Failed to insert event f191c7dd1f9385631e3b5dac4fcf663a due to database error: database is locked
2026-08-07 22:13:38,957 [INFO] app.providers.live: Requesting disconnect...
2026-08-07 22:13:38,969 [INFO] app.providers.live: Disconnected successfully.
2026-08-07 22:13:38,979 [ERROR] app.database: Failed to insert event d2a6c5138b77e7186956c769ef343b0c due to database error: database is locked
2026-08-07 22:13:38,982 [ERROR] app.database: Failed to insert event 32cf518bce042c62563c64fcca797d8e due to database error: database is locked
2026-08-07 22:13:38,989 [ERROR] app.database: Failed to insert event 842265cdd12900556943e40321c6f42f due to database error: database is locked
2026-08-07 22:13:38,994 [ERROR] app.database: Failed to insert event 4429625b7df03d5668aaebef5ddb4fb8 due to database error: database is locked
2026-08-07 22:13:38,995 [ERROR] app.database: Failed to insert event 66a3d499151ac13f16332bfa2a084ecc due to database error: database is locked
2026-08-07 22:13:38,995 [ERROR] app.database: Failed to insert event 243f1c33eb3b49c141ca05ca7ead78a2 due to database error: database is locked
2026-08-07 22:13:38,996 [ERROR] app.database: Failed to insert event 507d9ffbba08ddb279e79996f357fde6 due to database error: database is locked
2026-08-07 22:13:38,997 [ERROR] app.database: Failed to insert event 183e7c80efa428f3282c8e3ff68c1624 due to database error: database is locked
2026-08-07 22:13:39,002 [ERROR] app.database: Failed to insert event ba4c039cf0dffb4aa08b6ab8eed6f8db due to database error: database is locked
2026-08-07 22:13:39,002 [ERROR] app.database: Failed to insert event d4be8eae8149268b41c68fe261da4816 due to database error: database is locked
2026-08-07 22:13:39,003 [ERROR] app.database: Failed to insert event e65860526808cc0a32e0f1c4163e7ee3 due to database error: database is locked
2026-08-07 22:13:39,004 [ERROR] app.database: Failed to insert event 8ae4d9f28f71bd1f712092e9c0fa7e4a due to database error: database is locked
2026-08-07 22:13:39,004 [ERROR] app.database: Failed to insert event c52ee513f0d89d71c1e1131ad42dac80 due to database error: database is locked
2026-08-07 22:13:39,005 [ERROR] app.database: Failed to insert event eb2237fa57135bcf9289adaeb6840b70 due to database error: database is locked
2026-08-07 22:13:39,010 [ERROR] app.database: Failed to insert event 70d1246c42ce67e5fa8ed5e3de7085f5 due to database error: database is locked
2026-08-07 22:13:39,011 [ERROR] app.database: Failed to insert event c6c75bf70cc68b0b0b42f61a96351b2e due to database error: database is locked
2026-08-07 22:13:50,520 [ERROR] app.database: Failed to insert event 617391f972310b13545bea8b330e44ce due to database error: database is locked
2026-08-07 22:14:03,495 [ERROR] app.database: Failed to insert event 2df9dbe7b9bb7e97da605c09e9c88b24 due to database error: database is locked
2026-08-07 22:14:03,509 [ERROR] app.database: Failed to insert event 1d9c3b92e9eab3bdfd8a706db5c0dd2f due to database error: database is locked
2026-08-07 22:14:03,511 [ERROR] app.database: Failed to insert event 33d0d1766130a2e016b4261aa072b08f due to database error: database is locked
2026-08-07 22:14:03,512 [ERROR] app.database: Failed to insert event 0c018981cba396a6fae00b95f8a0c7ad due to database error: database is locked
2026-08-07 22:14:03,512 [ERROR] app.database: Failed to insert event 044f476a87a03fee017dc83c7c42ee90 due to database error: database is locked
2026-08-07 22:14:03,513 [ERROR] app.database: Failed to insert event 42b5e5a27d2396add4abdc09ac6bbaa7 due to database error: database is locked
2026-08-07 22:14:03,514 [ERROR] app.database: Failed to insert event 1ef3f5a5036723e8e7f074e7a557f72c due to database error: database is locked
2026-08-07 22:14:03,516 [ERROR] app.database: Failed to insert event a3a0904cbd118a1b3827019167f608d3 due to database error: database is locked
2026-08-07 22:14:03,518 [ERROR] app.database: Failed to insert event 6c29bbbf2ca6978d9cb424b20b624e33 due to database error: database is locked
2026-08-07 22:14:03,520 [ERROR] app.database: Failed to insert event 37e9c084bc20524d39947017bb5344ee due to database error: database is locked
2026-08-07 22:14:03,522 [ERROR] app.database: Failed to insert event 6ccdb8526cc9363af0da2cdd4d9e2bc1 due to database error: database is locked
2026-08-07 22:14:03,523 [ERROR] app.database: Failed to insert event eac85a36bd8118d9dcd5dd1a78572565 due to database error: database is locked
2026-08-07 22:14:03,523 [ERROR] app.database: Failed to insert event 8361f871704843bdae15d86b1d4613be due to database error: database is locked
2026-08-07 22:14:03,524 [ERROR] app.database: Failed to insert event f0643a2659b27ff065a62dd0d9790cfd due to database error: database is locked
2026-08-07 22:14:03,524 [ERROR] app.database: Failed to insert event f33f31aaf47dd57683036eedb771e08c due to database error: database is locked
2026-08-07 22:14:03,526 [ERROR] app.database: Failed to insert event 0d89943341150743661e14cb8b03a545 due to database error: database is locked
2026-08-07 22:14:03,527 [ERROR] app.database: Failed to insert event 9a5e138036c8c7d67d905df165dfab31 due to database error: database is locked
2026-08-07 22:14:03,532 [ERROR] app.database: Failed to insert event aecffa8c091573e2bb09af73f80b4b0e due to database error: database is locked
2026-08-07 22:14:03,533 [ERROR] app.database: Failed to insert event 4477a35186b88c379b5bf90a40301045 due to database error: database is locked
2026-08-07 22:14:03,533 [ERROR] app.database: Failed to insert event c738c4086f308f9929751f648f42ece4 due to database error: database is locked
2026-08-07 22:14:03,534 [ERROR] app.database: Failed to insert event e7de9290c076c128b8a7f5808ef0c3d9 due to database error: database is locked
2026-08-07 22:14:03,535 [ERROR] app.database: Failed to insert event 989714da1e655d85af50e3b78434621d due to database error: database is locked
2026-08-07 22:14:03,536 [ERROR] app.database: Failed to insert event 6724c99ea4c3de61da15c640045017f5 due to database error: database is locked
2026-08-07 22:14:03,537 [ERROR] app.database: Failed to insert event da44c5ceba88fb71a2f48d2e66d0bcf1 due to database error: database is locked
2026-08-07 22:14:03,537 [ERROR] app.database: Failed to insert event a7652d12652c7a331c1a07206fe584eb due to database error: database is locked
2026-08-07 22:14:03,537 [ERROR] app.database: Failed to insert event fb4e081408e50eca666e9e082d322ac0 due to database error: database is locked
2026-08-07 22:14:03,539 [ERROR] app.database: Failed to insert event 300ff408a1907d0b7f31e28401a02089 due to database error: database is locked
2026-08-07 22:14:03,539 [ERROR] app.database: Failed to insert event 39398ede937d58534f7a221fe703f7e1 due to database error: database is locked
2026-08-07 22:14:03,540 [ERROR] app.database: Failed to insert event 1ae1057bddd62121195bbb4b508fe835 due to database error: database is locked
2026-08-07 22:14:03,542 [ERROR] app.database: Failed to insert event a3fc2c7aaabb11271a2e4d0d7d13d680 due to database error: database is locked
2026-08-07 22:14:03,545 [ERROR] app.database: Failed to insert event 27a8114a937d9632702c8649fc23f9bf due to database error: database is locked
2026-08-07 22:14:03,549 [ERROR] app.database: Failed to insert event dd5406caf3f4e3e93d17c918d780482c due to database error: database is locked
2026-08-07 22:14:03,549 [ERROR] app.database: Failed to insert event 9db1c7e24da4fa754811c4eebc69104f due to database error: database is locked
2026-08-07 22:14:03,550 [ERROR] app.database: Failed to insert event 4b91cf37c10b8c058b0017c9d4a28d07 due to database error: database is locked
2026-08-07 22:14:03,553 [ERROR] app.database: Failed to insert event 3176f1fff4fb8ca8e9cb5cff6428f9b9 due to database error: database is locked
2026-08-07 22:14:03,555 [ERROR] app.database: Failed to insert event a27de1883332e46a72e6dab751a2eb25 due to database error: database is locked
2026-08-07 22:14:03,555 [ERROR] app.database: Failed to insert event 8f040857a0672af6a32839548b4bc637 due to database error: database is locked
2026-08-07 22:14:03,557 [ERROR] app.database: Failed to insert event ab7504a144c7ecad3f376b2636649564 due to database error: database is locked
2026-08-07 22:14:03,558 [ERROR] app.database: Failed to insert event e4009f26dde5bd8851f46a4bdd8ecf46 due to database error: database is locked
2026-08-07 22:14:03,559 [ERROR] app.database: Failed to insert event f6a8f474b6d45fe38a81575904e7c74e due to database error: database is locked
2026-08-07 22:14:03,560 [ERROR] app.database: Failed to insert event fce612b801b796717ca6a09cd7cc2259 due to database error: database is locked
2026-08-07 22:14:03,564 [ERROR] app.database: Failed to insert event 94a87307c332d3223b9872908b873e36 due to database error: database is locked
2026-08-07 22:14:03,566 [ERROR] app.database: Failed to insert event b0ce9c8cb990ba2efc1369cd9df6805a due to database error: database is locked
2026-08-07 22:14:03,568 [ERROR] app.database: Failed to insert event 4b78248ed0e92d1bbee728ed33ebeda0 due to database error: database is locked
2026-08-07 22:14:03,569 [ERROR] app.database: Failed to insert event b07a14ed9aad3427933b90f282a80b0b due to database error: database is locked
2026-08-07 22:14:03,572 [ERROR] app.database: Failed to insert event 02e784172abe906895377f72e1b8e2ed due to database error: database is locked
2026-08-07 22:14:03,574 [ERROR] app.database: Failed to insert event 5b02be7eea906eaeb345ce999119dff6 due to database error: database is locked
2026-08-07 22:14:03,576 [ERROR] app.database: Failed to insert event 8dd96198e0af9bed53965227a16acac7 due to database error: database is locked
2026-08-07 22:14:03,576 [ERROR] app.database: Failed to insert event 7faf1d928a06cb1778b05fd1f5c508af due to database error: database is locked
2026-08-07 22:14:03,577 [ERROR] app.database: Failed to insert event 2d69e6c2755ff0004d06415dc1ed36c7 due to database error: database is locked
2026-08-07 22:14:03,582 [ERROR] app.database: Failed to insert event 07386b319d46c3ac32ff4f5d67be2286 due to database error: database is locked
2026-08-07 22:14:03,584 [ERROR] app.database: Failed to insert event bec520375b87cf03824b1655bfd47e63 due to database error: database is locked
2026-08-07 22:14:03,585 [ERROR] app.database: Failed to insert event 9feb0873e52a1e34a1464614007d7728 due to database error: database is locked
2026-08-07 22:14:03,587 [ERROR] app.database: Failed to insert event ed5cc4be46925b42536973f15dfb9076 due to database error: database is locked
2026-08-07 22:14:03,588 [ERROR] app.database: Failed to insert event e01462da5ad1f02e72ee4ba88021c63e due to database error: database is locked
2026-08-07 22:14:03,589 [ERROR] app.database: Failed to insert event b80d6e254580d00f1647edf0372fa18b due to database error: database is locked
2026-08-07 22:14:03,591 [ERROR] app.database: Failed to insert event b9ada56ef6b91e7221ae552b644847f3 due to database error: database is locked
2026-08-07 22:14:03,592 [ERROR] app.database: Failed to insert event 8ece23fd517b058897b70a4423d1b14c due to database error: database is locked
2026-08-07 22:14:03,596 [ERROR] app.database: Failed to insert event 59d6bdd2dacfe94ef9f4a2087db0b5af due to database error: database is locked
2026-08-07 22:14:03,598 [ERROR] app.database: Failed to insert event e2111fd507fa4cef9e1b2c89129db8e3 due to database error: database is locked
2026-08-07 22:14:03,599 [ERROR] app.database: Failed to insert event 023275cf5eb5ac856ecf7e5a4f4fb5bd due to database error: database is locked
2026-08-07 22:14:03,600 [ERROR] app.database: Failed to insert event f691a3b4820ed6d8bfef37ecd5b64898 due to database error: database is locked
2026-08-07 22:14:03,602 [ERROR] app.database: Failed to insert event 05f7a399b9555344e97b5c0a590caaaf due to database error: database is locked
2026-08-07 22:14:03,603 [ERROR] app.database: Failed to insert event c666113a981f0f10dde2d462832b4dc6 due to database error: database is locked
2026-08-07 22:14:03,604 [ERROR] app.database: Failed to insert event a89e0d9c8003ff6ea4b6425feadd4074 due to database error: database is locked
2026-08-07 22:14:03,607 [ERROR] app.database: Failed to insert event 0ecfcba22f0aba16b0695136d5822919 due to database error: database is locked
2026-08-07 22:14:03,608 [ERROR] app.database: Failed to insert event 85b2648cc07f993fcf781ed39a717205 due to database error: database is locked
2026-08-07 22:14:03,609 [ERROR] app.database: Failed to insert event 1d9cf6b1c33f0f2dd877ee951c23a496 due to database error: database is locked
2026-08-07 22:14:03,611 [ERROR] app.database: Failed to insert event a94e8836e5d05b19612bdee1cbbbb9cf due to database error: database is locked
2026-08-07 22:14:03,616 [ERROR] app.database: Failed to insert event eb0dfbcc90ec5bf94ae49729c649d66b due to database error: database is locked
2026-08-07 22:14:03,626 [ERROR] app.database: Failed to insert event 48a24765b573f63403513ecffc7fd46f due to database error: database is locked
2026-08-07 22:14:03,627 [ERROR] app.database: Failed to insert event 73283942d5514b4d3cdc7344f2b7f0e2 due to database error: database is locked
2026-08-07 22:14:03,629 [ERROR] app.database: Failed to insert event 22dbb590b9a945576c3f528de0a68f8a due to database error: database is locked
2026-08-07 22:14:03,631 [ERROR] app.database: Failed to insert event 0391b435488c81ed682675acdf3e9458 due to database error: database is locked
2026-08-07 22:14:03,633 [ERROR] app.database: Failed to insert event 7cc53613eaf29eafb9a48ee8e89e7235 due to database error: database is locked
2026-08-07 22:14:03,634 [ERROR] app.database: Failed to insert event 8c56555055370378d864bc1fc88ec337 due to database error: database is locked
2026-08-07 22:14:03,635 [ERROR] app.database: Failed to insert event a61b6c61eb17b1107c1ca19d6536e718 due to database error: database is locked
2026-08-07 22:14:03,639 [ERROR] app.database: Failed to insert event 0f71700b4e6af3583cc9dca658ea0527 due to database error: database is locked
2026-08-07 22:14:03,655 [ERROR] app.database: Failed to insert event cc1f1ab347189fbe677f7c56ebe25ebf due to database error: database is locked
2026-08-07 22:14:03,662 [ERROR] app.database: Failed to insert event 036bc4998f030991aefca276a5cc1bfa due to database error: database is locked
2026-08-07 22:14:03,671 [ERROR] app.database: Failed to insert event d3584645bb43d47e380c5596f6afa30c due to database error: database is locked
2026-08-07 22:14:03,673 [ERROR] app.database: Failed to insert event 6fffec2941700ace635a716ade43280f due to database error: database is locked
2026-08-07 22:14:03,674 [ERROR] app.database: Failed to insert event d4a72b7dca9c9909c1841761eed754db due to database error: database is locked
2026-08-07 22:14:03,676 [ERROR] app.database: Failed to insert event 2cb8d5be2879a1a94870f49079a0c489 due to database error: database is locked
2026-08-07 22:14:03,677 [ERROR] app.database: Failed to insert event d9f559f720b9c21018ceafeb9d8384fd due to database error: database is locked
2026-08-07 22:14:03,677 [ERROR] app.database: Failed to insert event b670ebfc2041248a8a33f069a4cdf569 due to database error: database is locked
2026-08-07 22:14:03,683 [ERROR] app.database: Failed to insert event 17c85afd16f2e6f537a8449bd1db9825 due to database error: database is locked
2026-08-07 22:14:03,688 [ERROR] app.database: Failed to insert event 88c517a25e0c9545303279bdcfbd2b31 due to database error: database is locked
2026-08-07 22:14:03,689 [ERROR] app.database: Failed to insert event 585755deec9e5eb37ab4241fdfba2d58 due to database error: database is locked
2026-08-07 22:14:03,693 [ERROR] app.database: Failed to insert event 96bc9c295d8de1960e57ccd48ad29101 due to database error: database is locked
2026-08-07 22:14:03,694 [ERROR] app.database: Failed to insert event 6b4a09583f20f698156ecb9e39adb41e due to database error: database is locked
2026-08-07 22:14:03,698 [ERROR] app.database: Failed to insert event e0766d602d7650542ffdf55034190683 due to database error: database is locked
2026-08-07 22:14:17,453 [INFO] app.processor: EventProcessor active session updated to: None
2026-08-07 22:14:19,027 [WARNING] app.processor: No active session ID set. Ignoring incoming 'viewer' event.
2026-08-07 22:14:19,195 [WARNING] app.processor: No active session ID set. Ignoring incoming 'like' event.
2026-08-07 22:14:19,562 [WARNING] app.processor: No active session ID set. Ignoring incoming 'gift' event.
2026-08-07 22:14:19,701 [WARNING] app.processor: No active session ID set. Ignoring incoming 'like' event.
2026-08-07 22:14:19,849 [WARNING] app.processor: No active session ID set. Ignoring incoming 'like' event.
2026-08-07 22:14:20,091 [WARNING] app.processor: No active session ID set. Ignoring incoming 'gift' event.
2026-08-07 22:14:20,204 [WARNING] app.processor: No active session ID set. Ignoring incoming 'viewer' event.
2026-08-07 22:14:20,464 [WARNING] app.processor: No active session ID set. Ignoring incoming 'gift' event.
2026-08-07 22:14:20,570 [WARNING] app.processor: No active session ID set. Ignoring incoming 'viewer' event.
2026-08-07 22:14:20,609 [WARNING] app.processor: No active session ID set. Ignoring incoming 'comment' event.
2026-08-07 22:14:20,868 [WARNING] app.processor: No active session ID set. Ignoring incoming 'gift' event.
2026-08-07 22:14:21,184 [WARNING] app.processor: No active session ID set. Ignoring incoming 'gift' event.
2026-08-07 22:14:21,371 [WARNING] app.processor: No active session ID set. Ignoring incoming 'like' event.
2026-08-07 22:14:21,845 [WARNING] app.processor: No active session ID set. Ignoring incoming 'gift' event.
2026-08-07 22:14:22,026 [WARNING] app.processor: No active session ID set. Ignoring incoming 'like' event.
2026-08-07 22:14:36,537 [INFO] app.providers.live: Using custom EulerStream API key for signature requests.
2026-08-07 22:14:36,716 [INFO] app.main: Initializing database and application components...
2026-08-07 22:14:37,544 [INFO] app.main: WebSocket client connected. Total clients: 1
2026-08-07 22:14:39,549 [INFO] app.main: WebSocket client connected. Total clients: 2
2026-08-07 22:18:45,577 [INFO] app.providers.live: Using custom EulerStream API key for signature requests.
2026-08-07 22:18:45,724 [INFO] app.main: Initializing database and application components...
2026-08-07 22:18:46,083 [INFO] app.main: WebSocket client connected. Total clients: 1
2026-08-07 22:18:46,112 [INFO] app.main: WebSocket client connected. Total clients: 2
2026-08-07 22:18:53,721 [INFO] app.main: WebSocket client disconnected. Total clients: 1
2026-08-07 22:18:55,485 [INFO] app.main: WebSocket client connected. Total clients: 2
2026-08-07 22:19:05,277 [INFO] app.processor: EventProcessor active session updated to: fa48aee4
2026-08-07 22:19:05,293 [INFO] app.providers.live: Connecting to TikTok live for username: @clipketua_1...
2026-08-07 22:19:06,147 [INFO] httpx: HTTP Request: GET https://www.tiktok.com/api-live/user/room/?aid=1988&app_language=en&app_name=tiktok_web&browser_language=en-AU&browser_name=Mozilla&browser_online=true&browser_platform=MacIntel&browser_version=5.0%20%28Macintosh%3B%20Intel%20Mac%20OS%20X%2010_15_7%29%20AppleWebKit%2F537.36%20%28KHTML%2C%20like%20Gecko%29%20Chrome%2F147.0.0.0%20Safari%2F537.36&cookie_enabled=true&device_platform=web_pc&focus_state=true&from_page=&history_len=6&is_fullscreen=false&is_page_visible=true&screen_height=2880&screen_width=5120&tz_name=Australia/Sydney&channel=tiktok_web&data_collection_enabled=true&os=mac&priority_region=AU&region=AU&user_is_login=false&webcast_language=en&msToken=&referer=https://www.tiktok.com/@clipketua_1/live&root_referer=https://www.tiktok.com/@clipketua_1/live&device_id=80360153315885524096&uniqueId=clipketua_1&sourceType=54 "HTTP/1.1 200 OK"
2026-08-07 22:19:06,164 [WARNING] app.providers.live: Error checking stream status (TikTokLive v6.6.6 -> The requested user 'clipketua_1' is not capable of going LIVE on TikTok, or has never gone live on TikTok, or does not exist.). Proceeding to connect directly.
2026-08-07 22:19:06,503 [INFO] httpx: HTTP Request: GET https://www.tiktok.com/@clipketua_1/live? "HTTP/1.1 200 OK"
2026-08-07 22:19:06,934 [INFO] httpx: HTTP Request: GET https://www.tiktok.com/api-live/user/room/?aid=1988&app_language=en&app_name=tiktok_web&browser_language=en-AU&browser_name=Mozilla&browser_online=true&browser_platform=MacIntel&browser_version=5.0%20%28Macintosh%3B%20Intel%20Mac%20OS%20X%2010_15_7%29%20AppleWebKit%2F537.36%20%28KHTML%2C%20like%20Gecko%29%20Chrome%2F147.0.0.0%20Safari%2F537.36&cookie_enabled=true&device_platform=web_pc&focus_state=true&from_page=&history_len=6&is_fullscreen=false&is_page_visible=true&screen_height=2880&screen_width=5120&tz_name=Australia/Sydney&channel=tiktok_web&data_collection_enabled=true&os=mac&priority_region=AU&region=AU&user_is_login=false&webcast_language=en&msToken=&referer=https://www.tiktok.com/@clipketua_1/live&root_referer=https://www.tiktok.com/@clipketua_1/live&device_id=46422900135084044692&uniqueId=clipketua_1&sourceType=54 "HTTP/1.1 200 OK"
2026-08-07 22:19:06,943 [ERROR] app.providers.live: Connection failed for @clipketua_1
Traceback (most recent call last):
  File "C:\Users\pacong2\Videos\tiktobs\.venv\Lib\site-packages\TikTokLive\client\client.py", line 178, in start
    self._room_id = int(room_id or await self._web.fetch_room_id_from_html(self._unique_id))
                                   ^^^^^^^^^^^^^^^^^^^^^^^^^^^^^^^^^^^^^^^^^^^^^^^^^^^^^^^^
  File "C:\Users\pacong2\Videos\tiktobs\.venv\Lib\site-packages\TikTokLive\client\web\routes\fetch_room_id_live_html.py", line 44, in __call__
    return self.parse_room_id(response.text)
           ^^^^^^^^^^^^^^^^^^^^^^^^^^^^^^^^^
  File "C:\Users\pacong2\Videos\tiktobs\.venv\Lib\site-packages\TikTokLive\client\web\routes\fetch_room_id_live_html.py", line 71, in parse_room_id
    raise UserNotFoundError(
TikTokLive.client.errors.UserNotFoundError: TikTokLive v6.6.6 -> UserNotFoundError

The above exception was the direct cause of the following exception:

Traceback (most recent call last):
  File "C:\Users\pacong2\Videos\tiktobs\app\providers\live.py", line 133, in _run_connection_loop
    await self.client.start()
  File "C:\Users\pacong2\Videos\tiktobs\.venv\Lib\site-packages\TikTokLive\client\client.py", line 189, in start
    raise super_ex from base_ex
  File "C:\Users\pacong2\Videos\tiktobs\.venv\Lib\site-packages\TikTokLive\client\client.py", line 187, in start
    self._room_id = int(await self._web.fetch_room_id_from_api(self.unique_id))
                        ^^^^^^^^^^^^^^^^^^^^^^^^^^^^^^^^^^^^^^^^^^^^^^^^^^^^^^
  File "C:\Users\pacong2\Videos\tiktobs\.venv\Lib\site-packages\TikTokLive\client\web\routes\fetch_room_id_api.py", line 25, in __call__
    room_data: dict = await self.fetch_user_room_data(
                      ^^^^^^^^^^^^^^^^^^^^^^^^^^^^^^^^
  File "C:\Users\pacong2\Videos\tiktobs\.venv\Lib\site-packages\TikTokLive\client\web\routes\fetch_room_id_api.py", line 59, in fetch_user_room_data
    raise UserNotFoundError(
TikTokLive.client.errors.UserNotFoundError: TikTokLive v6.6.6 -> The requested user 'clipketua_1' is not capable of going LIVE on TikTok, or has never gone live on TikTok, or does not exist.
2026-08-07 22:19:06,991 [INFO] app.providers.live: Reconnecting to @clipketua_1 in 2.0s (Attempt 1/3)...
2026-08-07 22:19:09,015 [INFO] app.providers.live: Connecting to TikTok live for username: @clipketua_1...
2026-08-07 22:19:09,567 [INFO] httpx: HTTP Request: GET https://www.tiktok.com/api-live/user/room/?aid=1988&app_language=en&app_name=tiktok_web&browser_language=en-AU&browser_name=Mozilla&browser_online=true&browser_platform=MacIntel&browser_version=5.0%20%28Macintosh%3B%20Intel%20Mac%20OS%20X%2010_15_7%29%20AppleWebKit%2F537.36%20%28KHTML%2C%20like%20Gecko%29%20Chrome%2F147.0.0.0%20Safari%2F537.36&cookie_enabled=true&device_platform=web_pc&focus_state=true&from_page=&history_len=6&is_fullscreen=false&is_page_visible=true&screen_height=2880&screen_width=5120&tz_name=Australia/Sydney&channel=tiktok_web&data_collection_enabled=true&os=mac&priority_region=AU&region=AU&user_is_login=false&webcast_language=en&msToken=&referer=https://www.tiktok.com/@clipketua_1/live&root_referer=https://www.tiktok.com/@clipketua_1/live&device_id=18957855656654300888&uniqueId=clipketua_1&sourceType=54 "HTTP/1.1 200 OK"
2026-08-07 22:19:09,576 [WARNING] app.providers.live: Error checking stream status (TikTokLive v6.6.6 -> The requested user 'clipketua_1' is not capable of going LIVE on TikTok, or has never gone live on TikTok, or does not exist.). Proceeding to connect directly.
2026-08-07 22:19:10,088 [INFO] httpx: HTTP Request: GET https://www.tiktok.com/@clipketua_1/live? "HTTP/1.1 200 OK"
2026-08-07 22:19:10,625 [INFO] httpx: HTTP Request: GET https://www.tiktok.com/api-live/user/room/?aid=1988&app_language=en&app_name=tiktok_web&browser_language=en-AU&browser_name=Mozilla&browser_online=true&browser_platform=MacIntel&browser_version=5.0%20%28Macintosh%3B%20Intel%20Mac%20OS%20X%2010_15_7%29%20AppleWebKit%2F537.36%20%28KHTML%2C%20like%20Gecko%29%20Chrome%2F147.0.0.0%20Safari%2F537.36&cookie_enabled=true&device_platform=web_pc&focus_state=true&from_page=&history_len=6&is_fullscreen=false&is_page_visible=true&screen_height=2880&screen_width=5120&tz_name=Australia/Sydney&channel=tiktok_web&data_collection_enabled=true&os=mac&priority_region=AU&region=AU&user_is_login=false&webcast_language=en&msToken=&referer=https://www.tiktok.com/@clipketua_1/live&root_referer=https://www.tiktok.com/@clipketua_1/live&device_id=51560564677418035641&uniqueId=clipketua_1&sourceType=54 "HTTP/1.1 200 OK"
2026-08-07 22:19:10,635 [ERROR] app.providers.live: Connection failed for @clipketua_1
Traceback (most recent call last):
  File "C:\Users\pacong2\Videos\tiktobs\.venv\Lib\site-packages\TikTokLive\client\client.py", line 178, in start
    self._room_id = int(room_id or await self._web.fetch_room_id_from_html(self._unique_id))
                                   ^^^^^^^^^^^^^^^^^^^^^^^^^^^^^^^^^^^^^^^^^^^^^^^^^^^^^^^^
  File "C:\Users\pacong2\Videos\tiktobs\.venv\Lib\site-packages\TikTokLive\client\web\routes\fetch_room_id_live_html.py", line 44, in __call__
    return self.parse_room_id(response.text)
           ^^^^^^^^^^^^^^^^^^^^^^^^^^^^^^^^^
  File "C:\Users\pacong2\Videos\tiktobs\.venv\Lib\site-packages\TikTokLive\client\web\routes\fetch_room_id_live_html.py", line 71, in parse_room_id
    raise UserNotFoundError(
TikTokLive.client.errors.UserNotFoundError: TikTokLive v6.6.6 -> UserNotFoundError

The above exception was the direct cause of the following exception:

Traceback (most recent call last):
  File "C:\Users\pacong2\Videos\tiktobs\app\providers\live.py", line 133, in _run_connection_loop
    await self.client.start()
  File "C:\Users\pacong2\Videos\tiktobs\.venv\Lib\site-packages\TikTokLive\client\client.py", line 189, in start
    raise super_ex from base_ex
  File "C:\Users\pacong2\Videos\tiktobs\.venv\Lib\site-packages\TikTokLive\client\client.py", line 187, in start
    self._room_id = int(await self._web.fetch_room_id_from_api(self.unique_id))
                        ^^^^^^^^^^^^^^^^^^^^^^^^^^^^^^^^^^^^^^^^^^^^^^^^^^^^^^
  File "C:\Users\pacong2\Videos\tiktobs\.venv\Lib\site-packages\TikTokLive\client\web\routes\fetch_room_id_api.py", line 25, in __call__
    room_data: dict = await self.fetch_user_room_data(
                      ^^^^^^^^^^^^^^^^^^^^^^^^^^^^^^^^
  File "C:\Users\pacong2\Videos\tiktobs\.venv\Lib\site-packages\TikTokLive\client\web\routes\fetch_room_id_api.py", line 59, in fetch_user_room_data
    raise UserNotFoundError(
TikTokLive.client.errors.UserNotFoundError: TikTokLive v6.6.6 -> The requested user 'clipketua_1' is not capable of going LIVE on TikTok, or has never gone live on TikTok, or does not exist.
2026-08-07 22:19:10,654 [INFO] app.providers.live: Reconnecting to @clipketua_1 in 4.0s (Attempt 2/3)...
2026-08-07 22:19:14,669 [INFO] app.providers.live: Connecting to TikTok live for username: @clipketua_1...
2026-08-07 22:19:15,095 [INFO] httpx: HTTP Request: GET https://www.tiktok.com/api-live/user/room/?aid=1988&app_language=en&app_name=tiktok_web&browser_language=en-AU&browser_name=Mozilla&browser_online=true&browser_platform=MacIntel&browser_version=5.0%20%28Macintosh%3B%20Intel%20Mac%20OS%20X%2010_15_7%29%20AppleWebKit%2F537.36%20%28KHTML%2C%20like%20Gecko%29%20Chrome%2F147.0.0.0%20Safari%2F537.36&cookie_enabled=true&device_platform=web_pc&focus_state=true&from_page=&history_len=6&is_fullscreen=false&is_page_visible=true&screen_height=2880&screen_width=5120&tz_name=Australia/Sydney&channel=tiktok_web&data_collection_enabled=true&os=mac&priority_region=AU&region=AU&user_is_login=false&webcast_language=en&msToken=&referer=https://www.tiktok.com/@clipketua_1/live&root_referer=https://www.tiktok.com/@clipketua_1/live&device_id=13385121057022362986&uniqueId=clipketua_1&sourceType=54 "HTTP/1.1 200 OK"
2026-08-07 22:19:15,104 [WARNING] app.providers.live: Error checking stream status (TikTokLive v6.6.6 -> The requested user 'clipketua_1' is not capable of going LIVE on TikTok, or has never gone live on TikTok, or does not exist.). Proceeding to connect directly.
2026-08-07 22:19:15,459 [INFO] httpx: HTTP Request: GET https://www.tiktok.com/@clipketua_1/live? "HTTP/1.1 200 OK"
2026-08-07 22:19:15,923 [INFO] httpx: HTTP Request: GET https://www.tiktok.com/api-live/user/room/?aid=1988&app_language=en&app_name=tiktok_web&browser_language=en-AU&browser_name=Mozilla&browser_online=true&browser_platform=MacIntel&browser_version=5.0%20%28Macintosh%3B%20Intel%20Mac%20OS%20X%2010_15_7%29%20AppleWebKit%2F537.36%20%28KHTML%2C%20like%20Gecko%29%20Chrome%2F147.0.0.0%20Safari%2F537.36&cookie_enabled=true&device_platform=web_pc&focus_state=true&from_page=&history_len=6&is_fullscreen=false&is_page_visible=true&screen_height=2880&screen_width=5120&tz_name=Australia/Sydney&channel=tiktok_web&data_collection_enabled=true&os=mac&priority_region=AU&region=AU&user_is_login=false&webcast_language=en&msToken=&referer=https://www.tiktok.com/@clipketua_1/live&root_referer=https://www.tiktok.com/@clipketua_1/live&device_id=94117563744407609286&uniqueId=clipketua_1&sourceType=54 "HTTP/1.1 200 OK"
2026-08-07 22:19:15,933 [ERROR] app.providers.live: Connection failed for @clipketua_1
Traceback (most recent call last):
  File "C:\Users\pacong2\Videos\tiktobs\.venv\Lib\site-packages\TikTokLive\client\client.py", line 178, in start
    self._room_id = int(room_id or await self._web.fetch_room_id_from_html(self._unique_id))
                                   ^^^^^^^^^^^^^^^^^^^^^^^^^^^^^^^^^^^^^^^^^^^^^^^^^^^^^^^^
  File "C:\Users\pacong2\Videos\tiktobs\.venv\Lib\site-packages\TikTokLive\client\web\routes\fetch_room_id_live_html.py", line 44, in __call__
    return self.parse_room_id(response.text)
           ^^^^^^^^^^^^^^^^^^^^^^^^^^^^^^^^^
  File "C:\Users\pacong2\Videos\tiktobs\.venv\Lib\site-packages\TikTokLive\client\web\routes\fetch_room_id_live_html.py", line 71, in parse_room_id
    raise UserNotFoundError(
TikTokLive.client.errors.UserNotFoundError: TikTokLive v6.6.6 -> UserNotFoundError

The above exception was the direct cause of the following exception:

Traceback (most recent call last):
  File "C:\Users\pacong2\Videos\tiktobs\app\providers\live.py", line 133, in _run_connection_loop
    await self.client.start()
  File "C:\Users\pacong2\Videos\tiktobs\.venv\Lib\site-packages\TikTokLive\client\client.py", line 189, in start
    raise super_ex from base_ex
  File "C:\Users\pacong2\Videos\tiktobs\.venv\Lib\site-packages\TikTokLive\client\client.py", line 187, in start
    self._room_id = int(await self._web.fetch_room_id_from_api(self.unique_id))
                        ^^^^^^^^^^^^^^^^^^^^^^^^^^^^^^^^^^^^^^^^^^^^^^^^^^^^^^
  File "C:\Users\pacong2\Videos\tiktobs\.venv\Lib\site-packages\TikTokLive\client\web\routes\fetch_room_id_api.py", line 25, in __call__
    room_data: dict = await self.fetch_user_room_data(
                      ^^^^^^^^^^^^^^^^^^^^^^^^^^^^^^^^
  File "C:\Users\pacong2\Videos\tiktobs\.venv\Lib\site-packages\TikTokLive\client\web\routes\fetch_room_id_api.py", line 59, in fetch_user_room_data
    raise UserNotFoundError(
TikTokLive.client.errors.UserNotFoundError: TikTokLive v6.6.6 -> The requested user 'clipketua_1' is not capable of going LIVE on TikTok, or has never gone live on TikTok, or does not exist.
2026-08-07 22:19:15,965 [WARNING] app.providers.live: Maximum reconnection attempts (3) reached. Stopping.
2026-08-07 22:19:16,058 [INFO] app.processor: EventProcessor active session updated to: None
2026-08-07 22:19:37,936 [INFO] app.processor: EventProcessor active session updated to: ddaa47a0
2026-08-07 22:19:37,939 [INFO] app.providers.live: Connecting to TikTok live for username: @revanmw1...
2026-08-07 22:19:38,579 [INFO] httpx: HTTP Request: GET https://www.tiktok.com/api-live/user/room/?aid=1988&app_language=en&app_name=tiktok_web&browser_language=en-AU&browser_name=Mozilla&browser_online=true&browser_platform=MacIntel&browser_version=5.0%20%28Macintosh%3B%20Intel%20Mac%20OS%20X%2010_15_7%29%20AppleWebKit%2F537.36%20%28KHTML%2C%20like%20Gecko%29%20Chrome%2F147.0.0.0%20Safari%2F537.36&cookie_enabled=true&device_platform=web_pc&focus_state=true&from_page=&history_len=6&is_fullscreen=false&is_page_visible=true&screen_height=2880&screen_width=5120&tz_name=Australia/Sydney&channel=tiktok_web&data_collection_enabled=true&os=mac&priority_region=AU&region=AU&user_is_login=false&webcast_language=en&msToken=&referer=https://www.tiktok.com/@revanmw1/live&root_referer=https://www.tiktok.com/@revanmw1/live&device_id=31166540611511858777&uniqueId=revanmw1&sourceType=54 "HTTP/1.1 200 OK"
2026-08-07 22:19:38,901 [INFO] httpx: HTTP Request: GET https://www.tiktok.com/@revanmw1/live? "HTTP/1.1 200 OK"
2026-08-07 22:19:39,137 [INFO] httpx: HTTP Request: GET https://webcast.tiktok.com/webcast/room/check_alive/?aid=1988&app_language=en&app_name=tiktok_web&browser_language=en-AU&browser_name=Mozilla&browser_online=true&browser_platform=MacIntel&browser_version=5.0%20%28Macintosh%3B%20Intel%20Mac%20OS%20X%2010_15_7%29%20AppleWebKit%2F537.36%20%28KHTML%2C%20like%20Gecko%29%20Chrome%2F147.0.0.0%20Safari%2F537.36&cookie_enabled=true&device_platform=web_pc&focus_state=true&from_page=&history_len=6&is_fullscreen=false&is_page_visible=true&screen_height=2880&screen_width=5120&tz_name=Australia/Sydney&channel=tiktok_web&data_collection_enabled=true&os=mac&priority_region=AU&region=AU&user_is_login=false&webcast_language=en&msToken=&referer=https://www.tiktok.com/@revanmw1/live&root_referer=https://www.tiktok.com/@revanmw1/live&device_id=24768305899299836697&room_id=7671303028435831559&room_ids=7671303028435831559 "HTTP/1.1 200 OK"
2026-08-07 22:19:41,050 [INFO] httpx: HTTP Request: GET https://api.eulerstream.com/webcast/fetch?client=ttlive-python&room_id=7671303028435831559&user_agent=Mozilla%2F5.0+%28Macintosh%3B+Intel+Mac+OS+X+10_15_7%29+AppleWebKit%2F537.36+%28KHTML%2C+like+Gecko%29+Chrome%2F147.0.0.0+Safari%2F537.36&client_enter=true&platform=web&tt_target_idc=useast1a "HTTP/1.1 200 OK"
2026-08-07 22:19:41,250 [INFO] app.providers.live: Reconnecting to @revanmw1 in 2.0s (Attempt 0/3)...
2026-08-07 22:19:45,499 [INFO] app.providers.live: Successfully connected to room 7671303028435831559
2026-08-07 22:19:46,584 [INFO] app.providers.live: Connecting to TikTok live for username: @revanmw1...
2026-08-07 22:19:52,281 [WARNING] app.providers.live: Timeout checking stream status. Proceeding to connect directly.
2026-08-07 22:19:52,901 [INFO] httpx: HTTP Request: GET https://www.tiktok.com/@revanmw1/live? "HTTP/1.1 200 OK"
2026-08-07 22:19:53,088 [INFO] httpx: HTTP Request: GET https://webcast.tiktok.com/webcast/room/check_alive/?aid=1988&app_language=en&app_name=tiktok_web&browser_language=en-AU&browser_name=Mozilla&browser_online=true&browser_platform=MacIntel&browser_version=5.0%20%28Macintosh%3B%20Intel%20Mac%20OS%20X%2010_15_7%29%20AppleWebKit%2F537.36%20%28KHTML%2C%20like%20Gecko%29%20Chrome%2F147.0.0.0%20Safari%2F537.36&cookie_enabled=true&device_platform=web_pc&focus_state=true&from_page=&history_len=6&is_fullscreen=false&is_page_visible=true&screen_height=2880&screen_width=5120&tz_name=Australia/Sydney&channel=tiktok_web&data_collection_enabled=true&os=mac&priority_region=AU&region=AU&user_is_login=false&webcast_language=en&msToken=&referer=https://www.tiktok.com/@revanmw1/live&root_referer=https://www.tiktok.com/@revanmw1/live&device_id=84798443210136768473&room_id=7671303028435831559&room_ids=7671303028435831559 "HTTP/1.1 200 OK"
2026-08-07 22:20:01,309 [INFO] httpx: HTTP Request: GET https://api.eulerstream.com/webcast/fetch?client=ttlive-python&room_id=7671303028435831559&user_agent=Mozilla%2F5.0+%28Macintosh%3B+Intel+Mac+OS+X+10_15_7%29+AppleWebKit%2F537.36+%28KHTML%2C+like+Gecko%29+Chrome%2F147.0.0.0+Safari%2F537.36&client_enter=true&platform=web&tt_target_idc=useast1a "HTTP/1.1 200 OK"
2026-08-07 22:20:02,202 [INFO] app.providers.live: Reconnecting to @revanmw1 in 4.0s (Attempt 0/3)...
2026-08-07 22:20:02,576 [INFO] app.providers.live: Successfully connected to room 7671303028435831559
2026-08-07 22:20:06,181 [INFO] app.providers.live: Connecting to TikTok live for username: @revanmw1...
2026-08-07 22:20:06,776 [INFO] httpx: HTTP Request: GET https://www.tiktok.com/api-live/user/room/?aid=1988&app_language=en&app_name=tiktok_web&browser_language=en-AU&browser_name=Mozilla&browser_online=true&browser_platform=MacIntel&browser_version=5.0%20%28Macintosh%3B%20Intel%20Mac%20OS%20X%2010_15_7%29%20AppleWebKit%2F537.36%20%28KHTML%2C%20like%20Gecko%29%20Chrome%2F147.0.0.0%20Safari%2F537.36&cookie_enabled=true&device_platform=web_pc&focus_state=true&from_page=&history_len=6&is_fullscreen=false&is_page_visible=true&screen_height=2880&screen_width=5120&tz_name=Australia/Sydney&channel=tiktok_web&data_collection_enabled=true&os=mac&priority_region=AU&region=AU&user_is_login=false&webcast_language=en&msToken=&referer=https://www.tiktok.com/@revanmw1/live&root_referer=https://www.tiktok.com/@revanmw1/live&device_id=11434907460621554126&uniqueId=revanmw1&sourceType=54 "HTTP/1.1 200 OK"
2026-08-07 22:20:07,043 [INFO] httpx: HTTP Request: GET https://www.tiktok.com/@revanmw1/live? "HTTP/1.1 200 OK"
2026-08-07 22:20:07,254 [INFO] httpx: HTTP Request: GET https://webcast.tiktok.com/webcast/room/check_alive/?aid=1988&app_language=en&app_name=tiktok_web&browser_language=en-AU&browser_name=Mozilla&browser_online=true&browser_platform=MacIntel&browser_version=5.0%20%28Macintosh%3B%20Intel%20Mac%20OS%20X%2010_15_7%29%20AppleWebKit%2F537.36%20%28KHTML%2C%20like%20Gecko%29%20Chrome%2F147.0.0.0%20Safari%2F537.36&cookie_enabled=true&device_platform=web_pc&focus_state=true&from_page=&history_len=6&is_fullscreen=false&is_page_visible=true&screen_height=2880&screen_width=5120&tz_name=Australia/Sydney&channel=tiktok_web&data_collection_enabled=true&os=mac&priority_region=AU&region=AU&user_is_login=false&webcast_language=en&msToken=&referer=https://www.tiktok.com/@revanmw1/live&root_referer=https://www.tiktok.com/@revanmw1/live&device_id=71118007799826337870&room_id=7671303028435831559&room_ids=7671303028435831559 "HTTP/1.1 200 OK"
2026-08-07 22:20:08,660 [INFO] httpx: HTTP Request: GET https://api.eulerstream.com/webcast/fetch?client=ttlive-python&room_id=7671303028435831559&user_agent=Mozilla%2F5.0+%28Macintosh%3B+Intel+Mac+OS+X+10_15_7%29+AppleWebKit%2F537.36+%28KHTML%2C+like+Gecko%29+Chrome%2F147.0.0.0+Safari%2F537.36&client_enter=true&platform=web&tt_target_idc=useast1a "HTTP/1.1 200 OK"
2026-08-07 22:20:09,072 [INFO] app.providers.live: Reconnecting to @revanmw1 in 8.0s (Attempt 0/3)...
2026-08-07 22:20:10,020 [INFO] app.providers.live: Successfully connected to room 7671303028435831559
2026-08-07 22:20:13,137 [INFO] app.providers.live: Connection has been stable for 10s. Reconnect delay reset to 2.0s.
2026-08-07 22:20:17,761 [INFO] app.providers.live: Connecting to TikTok live for username: @revanmw1...
2026-08-07 22:20:19,279 [INFO] httpx: HTTP Request: GET https://www.tiktok.com/api-live/user/room/?aid=1988&app_language=en&app_name=tiktok_web&browser_language=en-AU&browser_name=Mozilla&browser_online=true&browser_platform=MacIntel&browser_version=5.0%20%28Macintosh%3B%20Intel%20Mac%20OS%20X%2010_15_7%29%20AppleWebKit%2F537.36%20%28KHTML%2C%20like%20Gecko%29%20Chrome%2F147.0.0.0%20Safari%2F537.36&cookie_enabled=true&device_platform=web_pc&focus_state=true&from_page=&history_len=6&is_fullscreen=false&is_page_visible=true&screen_height=2880&screen_width=5120&tz_name=Australia/Sydney&channel=tiktok_web&data_collection_enabled=true&os=mac&priority_region=AU&region=AU&user_is_login=false&webcast_language=en&msToken=&referer=https://www.tiktok.com/@revanmw1/live&root_referer=https://www.tiktok.com/@revanmw1/live&device_id=48057271668789924816&uniqueId=revanmw1&sourceType=54 "HTTP/1.1 200 OK"
2026-08-07 22:20:19,511 [INFO] httpx: HTTP Request: GET https://www.tiktok.com/@revanmw1/live? "HTTP/1.1 200 OK"
2026-08-07 22:20:19,779 [INFO] httpx: HTTP Request: GET https://webcast.tiktok.com/webcast/room/check_alive/?aid=1988&app_language=en&app_name=tiktok_web&browser_language=en-AU&browser_name=Mozilla&browser_online=true&browser_platform=MacIntel&browser_version=5.0%20%28Macintosh%3B%20Intel%20Mac%20OS%20X%2010_15_7%29%20AppleWebKit%2F537.36%20%28KHTML%2C%20like%20Gecko%29%20Chrome%2F147.0.0.0%20Safari%2F537.36&cookie_enabled=true&device_platform=web_pc&focus_state=true&from_page=&history_len=6&is_fullscreen=false&is_page_visible=true&screen_height=2880&screen_width=5120&tz_name=Australia/Sydney&channel=tiktok_web&data_collection_enabled=true&os=mac&priority_region=AU&region=AU&user_is_login=false&webcast_language=en&msToken=&referer=https://www.tiktok.com/@revanmw1/live&root_referer=https://www.tiktok.com/@revanmw1/live&device_id=40088999026634005977&room_id=7671303028435831559&room_ids=7671303028435831559 "HTTP/1.1 200 OK"
2026-08-07 22:20:23,794 [INFO] httpx: HTTP Request: GET https://api.eulerstream.com/webcast/fetch?client=ttlive-python&room_id=7671303028435831559&user_agent=Mozilla%2F5.0+%28Macintosh%3B+Intel+Mac+OS+X+10_15_7%29+AppleWebKit%2F537.36+%28KHTML%2C+like+Gecko%29+Chrome%2F147.0.0.0+Safari%2F537.36&client_enter=true&platform=web&tt_target_idc=useast1a "HTTP/1.1 200 OK"
2026-08-07 22:20:24,109 [INFO] app.providers.live: Reconnecting to @revanmw1 in 4.0s (Attempt 0/3)...
2026-08-07 22:20:25,816 [INFO] app.providers.live: Successfully connected to room 7671303028435831559
2026-08-07 22:20:28,180 [INFO] app.providers.live: Connecting to TikTok live for username: @revanmw1...
2026-08-07 22:20:28,900 [INFO] httpx: HTTP Request: GET https://www.tiktok.com/api-live/user/room/?aid=1988&app_language=en&app_name=tiktok_web&browser_language=en-AU&browser_name=Mozilla&browser_online=true&browser_platform=MacIntel&browser_version=5.0%20%28Macintosh%3B%20Intel%20Mac%20OS%20X%2010_15_7%29%20AppleWebKit%2F537.36%20%28KHTML%2C%20like%20Gecko%29%20Chrome%2F147.0.0.0%20Safari%2F537.36&cookie_enabled=true&device_platform=web_pc&focus_state=true&from_page=&history_len=6&is_fullscreen=false&is_page_visible=true&screen_height=2880&screen_width=5120&tz_name=Australia/Sydney&channel=tiktok_web&data_collection_enabled=true&os=mac&priority_region=AU&region=AU&user_is_login=false&webcast_language=en&msToken=&referer=https://www.tiktok.com/@revanmw1/live&root_referer=https://www.tiktok.com/@revanmw1/live&device_id=17837285744308908101&uniqueId=revanmw1&sourceType=54 "HTTP/1.1 200 OK"
2026-08-07 22:20:29,308 [INFO] httpx: HTTP Request: GET https://www.tiktok.com/@revanmw1/live? "HTTP/1.1 200 OK"
2026-08-07 22:20:29,528 [INFO] httpx: HTTP Request: GET https://webcast.tiktok.com/webcast/room/check_alive/?aid=1988&app_language=en&app_name=tiktok_web&browser_language=en-AU&browser_name=Mozilla&browser_online=true&browser_platform=MacIntel&browser_version=5.0%20%28Macintosh%3B%20Intel%20Mac%20OS%20X%2010_15_7%29%20AppleWebKit%2F537.36%20%28KHTML%2C%20like%20Gecko%29%20Chrome%2F147.0.0.0%20Safari%2F537.36&cookie_enabled=true&device_platform=web_pc&focus_state=true&from_page=&history_len=6&is_fullscreen=false&is_page_visible=true&screen_height=2880&screen_width=5120&tz_name=Australia/Sydney&channel=tiktok_web&data_collection_enabled=true&os=mac&priority_region=AU&region=AU&user_is_login=false&webcast_language=en&msToken=&referer=https://www.tiktok.com/@revanmw1/live&root_referer=https://www.tiktok.com/@revanmw1/live&device_id=55596481231216632087&room_id=7671303028435831559&room_ids=7671303028435831559 "HTTP/1.1 200 OK"
2026-08-07 22:20:33,090 [INFO] httpx: HTTP Request: GET https://api.eulerstream.com/webcast/fetch?client=ttlive-python&room_id=7671303028435831559&user_agent=Mozilla%2F5.0+%28Macintosh%3B+Intel+Mac+OS+X+10_15_7%29+AppleWebKit%2F537.36+%28KHTML%2C+like+Gecko%29+Chrome%2F147.0.0.0+Safari%2F537.36&client_enter=true&platform=web&tt_target_idc=useast1a "HTTP/1.1 200 OK"
2026-08-07 22:20:33,988 [INFO] app.providers.live: Reconnecting to @revanmw1 in 8.0s (Attempt 0/3)...
2026-08-07 22:20:36,074 [INFO] app.providers.live: Successfully connected to room 7671303028435831559
2026-08-07 22:20:37,671 [INFO] app.providers.live: Connection has been stable for 10s. Reconnect delay reset to 2.0s.
2026-08-07 22:20:42,264 [ERROR] app.database: Failed to insert event 3fa2ca070c86643c65900984a1f4d2bf due to database error: database is locked
2026-08-07 22:20:42,266 [ERROR] app.database: Failed to insert event f94a1bf6a611886e0e2e81774030d536 due to database error: database is locked
2026-08-07 22:20:42,267 [ERROR] app.database: Failed to insert event ef7d3208281302d36cb975714439fa44 due to database error: database is locked
2026-08-07 22:20:42,273 [INFO] app.main: WebSocket client disconnected. Total clients: 1
2026-08-07 22:20:42,273 [INFO] app.providers.live: Connecting to TikTok live for username: @revanmw1...
2026-08-07 22:20:42,789 [ERROR] app.database: Failed to insert event 9296634f1a7009dbe3ec1c9fac737acf due to database error: database is locked
2026-08-07 22:20:42,791 [ERROR] app.database: Failed to insert event 104daecf3e69c595f400a2ba2e4cbe74 due to database error: database is locked
2026-08-07 22:20:42,792 [ERROR] app.database: Failed to insert event adde46b2a19708966fdf0cfeb13d6f43 due to database error: database is locked
2026-08-07 22:20:42,794 [ERROR] app.database: Failed to insert event f5cbeaf163dcd4c3596672f9cf94d280 due to database error: database is locked
2026-08-07 22:20:42,795 [ERROR] app.database: Failed to insert event 76928c34e8b4764cf016c452ad5d41b7 due to database error: database is locked
2026-08-07 22:20:43,439 [ERROR] app.database: Failed to insert event cc8d2395991676eddf984c4ffe5cae39 due to database error: database is locked
2026-08-07 22:20:43,440 [ERROR] app.database: Failed to insert event cb59dacb03997bd0e9c1bbec0122ea0d due to database error: database is locked
2026-08-07 22:20:43,441 [ERROR] app.database: Failed to insert event c6dcd51280923f7f6104f9f6bf859613 due to database error: database is locked
2026-08-07 22:20:43,442 [ERROR] app.database: Failed to insert event 0371df52952b98305e2cceb62d5f0e56 due to database error: database is locked
2026-08-07 22:20:43,443 [ERROR] app.database: Failed to insert event 6a1ed74fbd905dacd53aba041e3d5109 due to database error: database is locked
2026-08-07 22:20:43,864 [INFO] app.main: WebSocket client connected. Total clients: 2
2026-08-07 22:20:43,894 [ERROR] app.database: Failed to insert event 8930c0f81edbd9d0697d8e7a16767304 due to database error: database is locked
2026-08-07 22:20:43,895 [ERROR] app.database: Failed to insert event 2ca2df9d7af9f1134522acc5959011a0 due to database error: database is locked
2026-08-07 22:20:43,902 [ERROR] app.database: Failed to insert event e0fe53895423c5825a29b9e6e192abca due to database error: database is locked
2026-08-07 22:20:43,905 [ERROR] app.database: Failed to insert event 54eb0a267afc36c0da3955f32da21cc3 due to database error: database is locked
2026-08-07 22:20:43,907 [ERROR] app.database: Failed to insert event a6543873b79f244064f9ecea1db919b3 due to database error: database is locked
2026-08-07 22:20:44,582 [INFO] httpx: HTTP Request: GET https://www.tiktok.com/api-live/user/room/?aid=1988&app_language=en&app_name=tiktok_web&browser_language=en-AU&browser_name=Mozilla&browser_online=true&browser_platform=MacIntel&browser_version=5.0%20%28Macintosh%3B%20Intel%20Mac%20OS%20X%2010_15_7%29%20AppleWebKit%2F537.36%20%28KHTML%2C%20like%20Gecko%29%20Chrome%2F147.0.0.0%20Safari%2F537.36&cookie_enabled=true&device_platform=web_pc&focus_state=true&from_page=&history_len=6&is_fullscreen=false&is_page_visible=true&screen_height=2880&screen_width=5120&tz_name=Australia/Sydney&channel=tiktok_web&data_collection_enabled=true&os=mac&priority_region=AU&region=AU&user_is_login=false&webcast_language=en&msToken=&referer=https://www.tiktok.com/@revanmw1/live&root_referer=https://www.tiktok.com/@revanmw1/live&device_id=75406377145943072018&uniqueId=revanmw1&sourceType=54 "HTTP/1.1 200 OK"
2026-08-07 22:20:44,821 [INFO] httpx: HTTP Request: GET https://www.tiktok.com/@revanmw1/live? "HTTP/1.1 200 OK"
2026-08-07 22:20:45,705 [INFO] httpx: HTTP Request: GET https://webcast.tiktok.com/webcast/room/check_alive/?aid=1988&app_language=en&app_name=tiktok_web&browser_language=en-AU&browser_name=Mozilla&browser_online=true&browser_platform=MacIntel&browser_version=5.0%20%28Macintosh%3B%20Intel%20Mac%20OS%20X%2010_15_7%29%20AppleWebKit%2F537.36%20%28KHTML%2C%20like%20Gecko%29%20Chrome%2F147.0.0.0%20Safari%2F537.36&cookie_enabled=true&device_platform=web_pc&focus_state=true&from_page=&history_len=6&is_fullscreen=false&is_page_visible=true&screen_height=2880&screen_width=5120&tz_name=Australia/Sydney&channel=tiktok_web&data_collection_enabled=true&os=mac&priority_region=AU&region=AU&user_is_login=false&webcast_language=en&msToken=&referer=https://www.tiktok.com/@revanmw1/live&root_referer=https://www.tiktok.com/@revanmw1/live&device_id=92928324212495003741&room_id=7671303028435831559&room_ids=7671303028435831559 "HTTP/1.1 200 OK"
2026-08-07 22:20:49,317 [INFO] httpx: HTTP Request: GET https://api.eulerstream.com/webcast/fetch?client=ttlive-python&room_id=7671303028435831559&user_agent=Mozilla%2F5.0+%28Macintosh%3B+Intel+Mac+OS+X+10_15_7%29+AppleWebKit%2F537.36+%28KHTML%2C+like+Gecko%29+Chrome%2F147.0.0.0+Safari%2F537.36&client_enter=true&platform=web&tt_target_idc=useast1a "HTTP/1.1 200 OK"
2026-08-07 22:20:49,338 [INFO] app.providers.live: Reconnecting to @revanmw1 in 4.0s (Attempt 0/3)...
2026-08-07 22:20:51,234 [INFO] app.providers.live: Successfully connected to room 7671303028435831559
2026-08-07 22:20:53,966 [INFO] app.providers.live: Connecting to TikTok live for username: @revanmw1...
2026-08-07 22:20:54,586 [INFO] httpx: HTTP Request: GET https://www.tiktok.com/api-live/user/room/?aid=1988&app_language=en&app_name=tiktok_web&browser_language=en-AU&browser_name=Mozilla&browser_online=true&browser_platform=MacIntel&browser_version=5.0%20%28Macintosh%3B%20Intel%20Mac%20OS%20X%2010_15_7%29%20AppleWebKit%2F537.36%20%28KHTML%2C%20like%20Gecko%29%20Chrome%2F147.0.0.0%20Safari%2F537.36&cookie_enabled=true&device_platform=web_pc&focus_state=true&from_page=&history_len=6&is_fullscreen=false&is_page_visible=true&screen_height=2880&screen_width=5120&tz_name=Australia/Sydney&channel=tiktok_web&data_collection_enabled=true&os=mac&priority_region=AU&region=AU&user_is_login=false&webcast_language=en&msToken=&referer=https://www.tiktok.com/@revanmw1/live&root_referer=https://www.tiktok.com/@revanmw1/live&device_id=83060037302669871772&uniqueId=revanmw1&sourceType=54 "HTTP/1.1 200 OK"
2026-08-07 22:20:54,775 [INFO] httpx: HTTP Request: GET https://www.tiktok.com/@revanmw1/live? "HTTP/1.1 200 OK"
2026-08-07 22:20:55,323 [INFO] httpx: HTTP Request: GET https://webcast.tiktok.com/webcast/room/check_alive/?aid=1988&app_language=en&app_name=tiktok_web&browser_language=en-AU&browser_name=Mozilla&browser_online=true&browser_platform=MacIntel&browser_version=5.0%20%28Macintosh%3B%20Intel%20Mac%20OS%20X%2010_15_7%29%20AppleWebKit%2F537.36%20%28KHTML%2C%20like%20Gecko%29%20Chrome%2F147.0.0.0%20Safari%2F537.36&cookie_enabled=true&device_platform=web_pc&focus_state=true&from_page=&history_len=6&is_fullscreen=false&is_page_visible=true&screen_height=2880&screen_width=5120&tz_name=Australia/Sydney&channel=tiktok_web&data_collection_enabled=true&os=mac&priority_region=AU&region=AU&user_is_login=false&webcast_language=en&msToken=&referer=https://www.tiktok.com/@revanmw1/live&root_referer=https://www.tiktok.com/@revanmw1/live&device_id=45443949522979920014&room_id=7671303028435831559&room_ids=7671303028435831559 "HTTP/1.1 200 OK"
2026-08-07 22:20:57,648 [ERROR] app.database: Failed to insert event a260f08aa037edb85e50b69b4f9eec5c due to database error: database is locked
2026-08-07 22:20:57,648 [ERROR] app.database: Failed to insert event b919c33e4ec20766e99dccc409c43166 due to database error: database is locked
2026-08-07 22:34:36,963 [INFO] app.main: Managed Cloud WebSocket provider initialized.
2026-08-07 22:34:37,156 [INFO] app.main: Initializing database and application components...
2026-08-07 22:34:37,349 [INFO] app.main: WebSocket client connected. Total clients: 1
2026-08-07 22:34:42,974 [INFO] app.main: WebSocket client connected. Total clients: 2
2026-08-07 22:34:50,265 [INFO] app.main: WebSocket client disconnected. Total clients: 1
2026-08-07 22:34:52,578 [INFO] app.main: WebSocket client connected. Total clients: 2
2026-08-07 22:34:59,515 [INFO] app.main: WebSocket client connected. Total clients: 3
2026-08-07 22:35:09,246 [INFO] app.processor: EventProcessor active session updated to: b852a3c0
2026-08-07 22:35:09,249 [INFO] app.providers.euler: Connecting to EulerStream managed WebSocket for @ewing.3gp...
2026-08-07 22:35:09,987 [INFO] app.providers.euler: Connected to EulerStream WebSocket successfully.
2026-08-07 22:35:45,331 [INFO] app.providers.euler: Requesting disconnect from EulerStream...
2026-08-07 22:35:45,363 [INFO] app.providers.euler: Disconnected successfully from EulerStream.
2026-08-07 22:35:45,426 [INFO] app.processor: EventProcessor active session updated to: None
2026-08-07 22:36:15,345 [INFO] app.processor: EventProcessor active session updated to: d26f534c
2026-08-07 22:36:15,348 [INFO] app.providers.euler: Connecting to EulerStream managed WebSocket for @ewing.3gp...
2026-08-07 22:36:15,843 [INFO] app.providers.euler: Connected to EulerStream WebSocket successfully.
2026-08-07 22:36:24,508 [INFO] app.providers.euler: Requesting disconnect from EulerStream...
2026-08-07 22:36:24,541 [INFO] app.providers.euler: Disconnected successfully from EulerStream.
2026-08-07 22:36:24,625 [INFO] app.processor: EventProcessor active session updated to: None
2026-08-07 22:37:01,439 [INFO] app.main: Managed Cloud WebSocket provider initialized.
2026-08-07 22:37:01,620 [INFO] app.main: Initializing database and application components...
2026-08-07 22:37:01,999 [INFO] app.main: WebSocket client connected. Total clients: 1
2026-08-07 22:37:02,027 [INFO] app.main: WebSocket client connected. Total clients: 2
2026-08-07 22:37:05,598 [INFO] app.main: WebSocket client connected. Total clients: 3
2026-08-07 22:37:14,405 [INFO] app.processor: EventProcessor active session updated to: 8f09e25f
2026-08-07 22:37:14,414 [INFO] app.providers.euler: Connecting to EulerStream managed WebSocket for @ewing.3gp...
2026-08-07 22:37:14,973 [INFO] app.providers.euler: Connected to EulerStream WebSocket successfully.
2026-08-07 22:37:16,895 [INFO] app.main: WebSocket client disconnected. Total clients: 2
2026-08-07 22:37:18,030 [INFO] app.main: WebSocket client connected. Total clients: 3
2026-08-07 22:37:54,707 [INFO] app.main: WebSocket client disconnected. Total clients: 2
2026-08-07 22:37:55,945 [INFO] app.main: WebSocket client connected. Total clients: 3
2026-08-07 22:38:24,509 [INFO] app.main: WebSocket client disconnected. Total clients: 2
2026-08-07 22:38:25,539 [INFO] app.main: WebSocket client connected. Total clients: 3
2026-08-07 22:39:00,088 [INFO] app.main: WebSocket client disconnected. Total clients: 2
2026-08-07 22:39:00,845 [INFO] app.main: WebSocket client connected. Total clients: 3
2026-08-07 22:39:05,334 [INFO] app.main: WebSocket client disconnected. Total clients: 2
2026-08-07 22:39:06,164 [INFO] app.main: WebSocket client connected. Total clients: 3
2026-08-07 22:39:06,889 [INFO] app.main: WebSocket client disconnected. Total clients: 2
2026-08-07 22:39:07,745 [INFO] app.main: WebSocket client connected. Total clients: 3
2026-08-07 22:39:08,468 [INFO] app.main: WebSocket client disconnected. Total clients: 2
2026-08-07 22:39:09,211 [INFO] app.main: WebSocket client connected. Total clients: 3
2026-08-07 22:39:32,877 [INFO] app.main: WebSocket client disconnected. Total clients: 2
2026-08-07 22:39:34,457 [INFO] app.main: WebSocket client connected. Total clients: 3
2026-08-07 22:39:38,530 [INFO] app.providers.euler: Requesting disconnect from EulerStream...
2026-08-07 22:39:38,654 [INFO] app.providers.euler: Disconnected successfully from EulerStream.
2026-08-07 22:39:38,836 [INFO] app.processor: EventProcessor active session updated to: None
2026-08-07 22:42:42,909 [INFO] app.main: Managed Cloud WebSocket provider initialized.
2026-08-07 22:42:43,074 [INFO] app.main: Initializing database and application components...
2026-08-07 22:42:43,695 [INFO] app.main: WebSocket client connected. Total clients: 1
2026-08-07 22:42:43,729 [INFO] app.main: WebSocket client connected. Total clients: 2
2026-08-07 22:42:44,948 [INFO] app.processor: EventProcessor active session updated to: 0d778fd4
2026-08-07 22:42:44,958 [INFO] app.providers.euler: Connecting to EulerStream managed WebSocket for @ewing.3gp...
2026-08-07 22:42:45,457 [INFO] app.main: WebSocket client connected. Total clients: 3
2026-08-07 22:42:45,898 [INFO] app.providers.euler: Connected to EulerStream WebSocket successfully.
2026-08-07 22:42:58,149 [INFO] app.main: WebSocket client disconnected. Total clients: 2
2026-08-07 22:43:00,759 [INFO] app.main: WebSocket client connected. Total clients: 3
2026-08-07 22:43:04,984 [INFO] app.providers.euler: Requesting disconnect from EulerStream...
2026-08-07 22:43:05,024 [INFO] app.providers.euler: Disconnected successfully from EulerStream.
2026-08-07 22:43:05,075 [INFO] app.processor: EventProcessor active session updated to: None
2026-08-07 22:51:00,518 [INFO] app.main: Managed Cloud WebSocket provider initialized.
2026-08-07 22:51:00,698 [WARNING] asyncio: Executing <Task cancelled name='Task-3' coro=<PollManager._poll_timer_loop() done, defined at C:\Users\pacong2\Videos\tiktobs\app\poll.py:60> created at C:\Users\pacong2\AppData\Roaming\uv\python\cpython-3.12-windows-x86_64-none\Lib\asyncio\tasks.py:420> took 15.781 seconds
2026-08-07 22:51:00,780 [INFO] app.poll: Poll started: 'Siapa karakter terbaik?' (duration=Nones) with 2 candidates.
2026-08-07 22:51:00,846 [INFO] app.poll: Poll started: 'Siapa karakter terbaik?' (duration=Nones) with 2 candidates.
2026-08-07 22:51:00,847 [INFO] app.poll: Vote recorded: User @user1 voted for Alice.
2026-08-07 22:51:00,847 [INFO] app.poll: Poll stopped: 'Siapa karakter terbaik?'.
2026-08-07 22:51:00,915 [INFO] app.poll: Poll started: 'Siapa karakter terbaik?' (duration=Nones) with 2 candidates.
2026-08-07 22:51:00,916 [INFO] app.poll: Vote recorded: User @user1 voted for Alice.
2026-08-07 22:51:00,916 [INFO] app.poll: Vote recorded: User @user2 voted for Alice.
2026-08-07 22:51:00,977 [INFO] app.poll: Poll started: 'Siapa karakter terbaik?' (duration=Nones) with 2 candidates.
2026-08-07 22:51:00,977 [INFO] app.poll: Vote recorded: User @user1 voted for Alice.
2026-08-07 22:51:00,978 [INFO] app.poll: Vote recorded: User @user2 voted for Bob.
2026-08-07 22:53:05,078 [INFO] app.main: Managed Cloud WebSocket provider initialized.
2026-08-07 22:53:05,275 [INFO] app.main: Initializing database and application components...
2026-08-07 22:53:05,412 [INFO] app.main: WebSocket client connected. Total clients: 1
2026-08-07 22:53:08,493 [INFO] app.main: WebSocket client connected. Total clients: 2
2026-08-07 22:53:10,473 [INFO] app.main: WebSocket client connected. Total clients: 3
2026-08-07 22:53:46,594 [INFO] app.main: WebSocket client connected. Total clients: 4
2026-08-07 22:54:04,718 [INFO] app.main: WebSocket client disconnected. Total clients: 3
2026-08-07 22:54:05,414 [INFO] app.main: WebSocket client connected. Total clients: 4
2026-08-07 22:55:59,414 [INFO] app.main: Managed Cloud WebSocket provider initialized.
2026-08-07 22:55:59,530 [WARNING] asyncio: Executing <Task cancelled name='Task-3' coro=<PollManager._poll_timer_loop() done, defined at C:\Users\pacong2\Videos\tiktobs\app\poll.py:62> created at C:\Users\pacong2\AppData\Roaming\uv\python\cpython-3.12-windows-x86_64-none\Lib\asyncio\tasks.py:420> took 10.515 seconds
2026-08-07 22:55:59,580 [INFO] app.poll: Poll started: 'Siapa karakter terbaik?' (duration=Nones) with 2 candidates.
2026-08-07 22:55:59,643 [INFO] app.poll: Poll started: 'Siapa karakter terbaik?' (duration=Nones) with 2 candidates.
2026-08-07 22:55:59,644 [INFO] app.poll: Vote recorded: User @user1 voted for Alice.
2026-08-07 22:55:59,644 [INFO] app.poll: Poll stopped: 'Siapa karakter terbaik?'.
2026-08-07 22:55:59,695 [INFO] app.poll: Poll started: 'Siapa karakter terbaik?' (duration=Nones) with 2 candidates.
2026-08-07 22:55:59,695 [INFO] app.poll: Vote recorded: User @user1 voted for Alice.
2026-08-07 22:55:59,696 [INFO] app.poll: Vote recorded: User @user2 voted for Alice.
2026-08-07 22:55:59,745 [INFO] app.poll: Poll started: 'Siapa karakter terbaik?' (duration=Nones) with 2 candidates.
2026-08-07 22:55:59,746 [INFO] app.poll: Vote recorded: User @user1 voted for Alice.
2026-08-07 22:55:59,746 [INFO] app.poll: Vote recorded: User @user2 voted for Bob.
2026-08-07 22:56:51,973 [INFO] app.main: Managed Cloud WebSocket provider initialized.
2026-08-07 22:56:52,137 [INFO] app.main: Initializing database and application components...
2026-08-07 22:56:52,360 [INFO] app.main: WebSocket client connected. Total clients: 1
2026-08-07 22:56:52,700 [INFO] app.main: WebSocket client connected. Total clients: 2
2026-08-07 22:56:56,679 [INFO] app.main: WebSocket client connected. Total clients: 3
2026-08-07 22:56:58,284 [INFO] app.main: WebSocket client connected. Total clients: 4
2026-08-07 22:57:04,110 [INFO] app.main: WebSocket client connected. Total clients: 5
2026-08-07 22:57:07,936 [INFO] app.main: WebSocket client disconnected. Total clients: 4
2026-08-07 22:57:12,786 [INFO] app.main: WebSocket client connected. Total clients: 5
2026-08-07 22:57:36,762 [INFO] app.main: WebSocket client disconnected. Total clients: 4
2026-08-07 22:57:38,411 [INFO] app.main: WebSocket client connected. Total clients: 5
2026-08-07 22:58:26,947 [INFO] app.poll: Poll stopped: ''.
2026-08-07 22:59:31,250 [INFO] app.main: Managed Cloud WebSocket provider initialized.
2026-08-07 22:59:31,364 [WARNING] asyncio: Executing <Task cancelled name='Task-3' coro=<PollManager._poll_timer_loop() done, defined at C:\Users\pacong2\Videos\tiktobs\app\poll.py:62> created at C:\Users\pacong2\AppData\Roaming\uv\python\cpython-3.12-windows-x86_64-none\Lib\asyncio\tasks.py:420> took 9.359 seconds
2026-08-07 22:59:31,412 [INFO] app.poll: Poll started: 'Siapa karakter terbaik?' (duration=Nones) with 2 candidates.
2026-08-07 22:59:31,463 [INFO] app.poll: Poll started: 'Siapa karakter terbaik?' (duration=Nones) with 2 candidates.
2026-08-07 22:59:31,464 [INFO] app.poll: Vote recorded: User @user1 voted for Alice.
2026-08-07 22:59:31,464 [INFO] app.poll: Poll stopped: 'Siapa karakter terbaik?'.
2026-08-07 22:59:31,510 [INFO] app.poll: Poll started: 'Siapa karakter terbaik?' (duration=Nones) with 2 candidates.
2026-08-07 22:59:31,512 [INFO] app.poll: Vote recorded: User @user1 voted for Alice.
2026-08-07 22:59:31,512 [INFO] app.poll: Vote recorded: User @user2 voted for Alice.
2026-08-07 22:59:31,566 [INFO] app.poll: Poll started: 'Siapa karakter terbaik?' (duration=Nones) with 2 candidates.
2026-08-07 22:59:31,566 [INFO] app.poll: Vote recorded: User @user1 voted for Alice.
2026-08-07 22:59:31,566 [INFO] app.poll: Vote recorded: User @user2 voted for Bob.
2026-08-07 23:00:01,093 [INFO] app.main: Managed Cloud WebSocket provider initialized.
2026-08-07 23:00:01,309 [INFO] app.main: Initializing database and application components...
2026-08-07 23:00:01,829 [INFO] app.main: WebSocket client connected. Total clients: 1
2026-08-07 23:00:02,674 [INFO] app.main: WebSocket client connected. Total clients: 2
2026-08-07 23:00:02,842 [INFO] app.main: WebSocket client connected. Total clients: 3
2026-08-07 23:00:04,947 [INFO] app.main: WebSocket client connected. Total clients: 4
2026-08-07 23:00:07,158 [INFO] app.main: WebSocket client connected. Total clients: 5
2026-08-07 23:01:10,682 [INFO] app.poll: Poll started: 'asdasd' (duration=60s) with 2 candidates.
2026-08-07 23:02:10,810 [INFO] app.poll: Poll stopped: 'asdasd'.
2026-08-07 23:02:47,457 [INFO] app.main: Managed Cloud WebSocket provider initialized.
2026-08-07 23:02:47,597 [WARNING] asyncio: Executing <Task cancelled name='Task-3' coro=<PollManager._poll_timer_loop() done, defined at C:\Users\pacong2\Videos\tiktobs\app\poll.py:62> created at C:\Users\pacong2\AppData\Roaming\uv\python\cpython-3.12-windows-x86_64-none\Lib\asyncio\tasks.py:420> took 9.703 seconds
2026-08-07 23:02:47,645 [INFO] app.poll: Poll started: 'Siapa karakter terbaik?' (duration=Nones) with 2 candidates.
2026-08-07 23:02:47,692 [INFO] app.poll: Poll started: 'Siapa karakter terbaik?' (duration=Nones) with 2 candidates.
2026-08-07 23:02:47,692 [INFO] app.poll: Vote recorded: User @user1 voted for Alice.
2026-08-07 23:02:47,693 [INFO] app.poll: Poll stopped: 'Siapa karakter terbaik?'.
2026-08-07 23:02:47,766 [INFO] app.poll: Poll started: 'Siapa karakter terbaik?' (duration=Nones) with 2 candidates.
2026-08-07 23:02:47,767 [INFO] app.poll: Vote recorded: User @user1 voted for Alice.
2026-08-07 23:02:47,767 [INFO] app.poll: Vote recorded: User @user2 voted for Alice.
2026-08-07 23:02:47,870 [INFO] app.poll: Poll started: 'Siapa karakter terbaik?' (duration=Nones) with 2 candidates.
2026-08-07 23:02:47,870 [INFO] app.poll: Vote recorded: User @user1 voted for Alice.
2026-08-07 23:02:47,872 [INFO] app.poll: Vote recorded: User @user2 voted for Bob.
2026-08-07 23:03:19,543 [INFO] app.main: Managed Cloud WebSocket provider initialized.
2026-08-07 23:03:19,758 [INFO] app.main: Initializing database and application components...
2026-08-07 23:03:19,895 [INFO] app.main: WebSocket client connected. Total clients: 1
2026-08-07 23:03:19,931 [INFO] app.main: WebSocket client connected. Total clients: 2
2026-08-07 23:03:20,196 [INFO] app.main: WebSocket client connected. Total clients: 3
2026-08-07 23:03:20,229 [INFO] app.main: WebSocket client disconnected. Total clients: 2
2026-08-07 23:03:20,260 [INFO] app.main: WebSocket client connected. Total clients: 3
2026-08-07 23:03:21,558 [INFO] app.main: WebSocket client connected. Total clients: 4
2026-08-07 23:03:21,690 [INFO] app.main: WebSocket client connected. Total clients: 5
2026-08-07 23:03:28,881 [INFO] app.main: WebSocket client disconnected. Total clients: 4
2026-08-07 23:03:29,629 [INFO] app.main: WebSocket client connected. Total clients: 5
2026-08-07 23:03:48,091 [INFO] app.main: WebSocket client connected. Total clients: 6
2026-08-07 23:05:02,886 [INFO] app.main: WebSocket client disconnected. Total clients: 5
2026-08-07 23:05:05,149 [INFO] app.main: WebSocket client connected. Total clients: 6
2026-08-07 23:05:14,344 [INFO] app.main: WebSocket client connected. Total clients: 7
2026-08-07 23:05:40,504 [INFO] app.poll: Poll started: 'asdsad' (duration=1200s) with 2 candidates.
2026-08-07 23:05:45,129 [INFO] app.main: WebSocket client disconnected. Total clients: 6
2026-08-07 23:05:45,952 [INFO] app.main: WebSocket client connected. Total clients: 7
2026-08-07 23:10:26,240 [INFO] app.main: Managed Cloud WebSocket provider initialized.
2026-08-07 23:10:26,770 [INFO] app.main: Initializing database and application components...
2026-08-07 23:10:27,024 [INFO] app.main: WebSocket client connected. Total clients: 1
2026-08-07 23:10:27,052 [INFO] app.main: WebSocket client connected. Total clients: 2
2026-08-07 23:10:27,070 [INFO] app.main: WebSocket client connected. Total clients: 3
2026-08-07 23:10:27,099 [INFO] app.main: WebSocket client connected. Total clients: 4
2026-08-07 23:10:27,288 [INFO] app.main: WebSocket client connected. Total clients: 5
2026-08-07 23:10:27,540 [INFO] app.main: WebSocket client connected. Total clients: 6
2026-08-07 23:10:29,130 [INFO] app.main: WebSocket client disconnected. Total clients: 5
2026-08-07 23:10:29,634 [INFO] app.main: WebSocket client connected. Total clients: 6
2026-08-07 23:10:29,945 [INFO] app.main: WebSocket client connected. Total clients: 7
2026-08-07 23:10:43,371 [INFO] app.main: WebSocket client disconnected. Total clients: 6
2026-08-07 23:10:45,002 [INFO] app.main: WebSocket client connected. Total clients: 7
2026-08-07 23:10:59,439 [INFO] app.poll: Poll started: 'asdasd' (duration=1277s) with 2 candidates.
2026-08-07 23:11:01,549 [INFO] app.main: WebSocket client disconnected. Total clients: 6
2026-08-07 23:11:02,400 [INFO] app.main: WebSocket client connected. Total clients: 7
2026-08-07 23:11:20,416 [INFO] app.main: WebSocket client connected. Total clients: 8
2026-08-07 23:12:54,517 [INFO] app.main: WebSocket client disconnected. Total clients: 7
2026-08-07 23:12:54,889 [INFO] app.main: WebSocket client connected. Total clients: 8
2026-08-07 23:12:56,695 [INFO] app.main: WebSocket client disconnected. Total clients: 7
2026-08-07 23:12:56,761 [INFO] app.main: WebSocket client connected. Total clients: 8
2026-08-07 23:13:04,318 [INFO] app.main: WebSocket client disconnected. Total clients: 7
2026-08-07 23:13:05,294 [INFO] app.main: WebSocket client connected. Total clients: 8
2026-08-07 23:14:21,266 [INFO] app.main: WebSocket client disconnected. Total clients: 7
2026-08-07 23:14:21,580 [INFO] app.main: WebSocket client connected. Total clients: 8
2026-08-07 23:15:05,962 [INFO] app.main: WebSocket client disconnected. Total clients: 7
2026-08-07 23:15:05,977 [ERROR] asyncio: Exception in callback _ProactorBasePipeTransport._call_connection_lost(None)
handle: <Handle _ProactorBasePipeTransport._call_connection_lost(None)>
Traceback (most recent call last):
  File "C:\Users\pacong2\AppData\Roaming\uv\python\cpython-3.12-windows-x86_64-none\Lib\asyncio\events.py", line 88, in _run
    self._context.run(self._callback, *self._args)
  File "C:\Users\pacong2\AppData\Roaming\uv\python\cpython-3.12-windows-x86_64-none\Lib\asyncio\proactor_events.py", line 165, in _call_connection_lost
    self._sock.shutdown(socket.SHUT_RDWR)
ConnectionResetError: [WinError 10054] An existing connection was forcibly closed by the remote host
2026-08-07 23:15:06,124 [INFO] app.main: WebSocket client connected. Total clients: 8
2026-08-07 23:15:07,481 [INFO] app.main: WebSocket client disconnected. Total clients: 7
2026-08-07 23:15:07,535 [ERROR] asyncio: Exception in callback _ProactorBasePipeTransport._call_connection_lost(None)
handle: <Handle _ProactorBasePipeTransport._call_connection_lost(None)>
Traceback (most recent call last):
  File "C:\Users\pacong2\AppData\Roaming\uv\python\cpython-3.12-windows-x86_64-none\Lib\asyncio\events.py", line 88, in _run
    self._context.run(self._callback, *self._args)
  File "C:\Users\pacong2\AppData\Roaming\uv\python\cpython-3.12-windows-x86_64-none\Lib\asyncio\proactor_events.py", line 165, in _call_connection_lost
    self._sock.shutdown(socket.SHUT_RDWR)
ConnectionResetError: [WinError 10054] An existing connection was forcibly closed by the remote host
2026-08-07 23:15:08,631 [INFO] app.main: WebSocket client connected. Total clients: 8
2026-08-07 23:15:17,211 [INFO] app.main: WebSocket client disconnected. Total clients: 7
2026-08-07 23:15:17,290 [INFO] app.main: WebSocket client connected. Total clients: 8
2026-08-07 23:15:48,839 [INFO] app.main: WebSocket client disconnected. Total clients: 7
2026-08-07 23:15:48,985 [INFO] app.main: WebSocket client connected. Total clients: 8
2026-08-07 23:15:49,628 [INFO] app.main: WebSocket client disconnected. Total clients: 7
2026-08-07 23:15:49,710 [INFO] app.main: WebSocket client connected. Total clients: 8
2026-08-07 23:15:50,282 [INFO] app.main: WebSocket client disconnected. Total clients: 7
2026-08-07 23:15:50,375 [INFO] app.main: WebSocket client connected. Total clients: 8
2026-08-07 23:15:50,941 [INFO] app.main: WebSocket client disconnected. Total clients: 7
2026-08-07 23:15:51,057 [INFO] app.main: WebSocket client connected. Total clients: 8
2026-08-07 23:16:28,974 [INFO] app.main: Managed Cloud WebSocket provider initialized.
2026-08-07 23:16:29,086 [WARNING] asyncio: Executing <Task cancelled name='Task-3' coro=<PollManager._poll_timer_loop() done, defined at C:\Users\pacong2\Videos\tiktobs\app\poll.py:62> created at C:\Users\pacong2\AppData\Roaming\uv\python\cpython-3.12-windows-x86_64-none\Lib\asyncio\tasks.py:420> took 12.438 seconds
2026-08-07 23:16:29,127 [INFO] app.poll: Poll started: 'Siapa karakter terbaik?' (duration=Nones) with 2 candidates.
2026-08-07 23:16:29,176 [INFO] app.poll: Poll started: 'Siapa karakter terbaik?' (duration=Nones) with 2 candidates.
2026-08-07 23:16:29,176 [INFO] app.poll: Vote recorded: User @user1 voted for Alice.
2026-08-07 23:16:29,177 [INFO] app.poll: Poll stopped: 'Siapa karakter terbaik?'.
2026-08-07 23:16:29,234 [INFO] app.poll: Poll started: 'Siapa karakter terbaik?' (duration=Nones) with 2 candidates.
2026-08-07 23:16:29,234 [INFO] app.poll: Vote recorded: User @user1 voted for Alice.
2026-08-07 23:16:29,235 [INFO] app.poll: Vote recorded: User @user2 voted for Alice.
2026-08-07 23:16:29,299 [INFO] app.poll: Poll started: 'Siapa karakter terbaik?' (duration=Nones) with 2 candidates.
2026-08-07 23:16:29,300 [INFO] app.poll: Vote recorded: User @user1 voted for Alice.
2026-08-07 23:16:29,300 [INFO] app.poll: Vote recorded: User @user2 voted for Bob.
2026-08-07 23:17:02,052 [INFO] app.main: WebSocket client disconnected. Total clients: 7
2026-08-07 23:17:02,407 [INFO] app.main: WebSocket client connected. Total clients: 8
2026-08-07 23:17:18,695 [INFO] app.main: WebSocket client connected. Total clients: 9
2026-08-07 23:17:38,728 [INFO] app.main: WebSocket client disconnected. Total clients: 8
2026-08-07 23:17:39,001 [INFO] app.main: WebSocket client connected. Total clients: 9
2026-08-07 23:17:39,869 [INFO] app.main: WebSocket client disconnected. Total clients: 8
2026-08-07 23:17:39,935 [INFO] app.main: WebSocket client connected. Total clients: 9
2026-08-07 23:17:40,615 [INFO] app.main: WebSocket client disconnected. Total clients: 8
2026-08-07 23:17:40,633 [ERROR] asyncio: Exception in callback _ProactorBasePipeTransport._call_connection_lost(None)
handle: <Handle _ProactorBasePipeTransport._call_connection_lost(None)>
Traceback (most recent call last):
  File "C:\Users\pacong2\AppData\Roaming\uv\python\cpython-3.12-windows-x86_64-none\Lib\asyncio\events.py", line 88, in _run
    self._context.run(self._callback, *self._args)
  File "C:\Users\pacong2\AppData\Roaming\uv\python\cpython-3.12-windows-x86_64-none\Lib\asyncio\proactor_events.py", line 165, in _call_connection_lost
    self._sock.shutdown(socket.SHUT_RDWR)
ConnectionResetError: [WinError 10054] An existing connection was forcibly closed by the remote host
2026-08-07 23:17:40,715 [INFO] app.main: WebSocket client connected. Total clients: 9
2026-08-07 23:17:45,870 [INFO] app.main: WebSocket client disconnected. Total clients: 8
2026-08-07 23:17:45,947 [INFO] app.main: WebSocket client connected. Total clients: 9
2026-08-07 23:17:50,321 [INFO] app.main: WebSocket client disconnected. Total clients: 8
2026-08-07 23:17:50,396 [INFO] app.main: WebSocket client connected. Total clients: 9
2026-08-07 23:17:51,447 [INFO] app.main: WebSocket client disconnected. Total clients: 8
2026-08-07 23:17:51,465 [ERROR] asyncio: Exception in callback _ProactorBasePipeTransport._call_connection_lost(None)
handle: <Handle _ProactorBasePipeTransport._call_connection_lost(None)>
Traceback (most recent call last):
  File "C:\Users\pacong2\AppData\Roaming\uv\python\cpython-3.12-windows-x86_64-none\Lib\asyncio\events.py", line 88, in _run
    self._context.run(self._callback, *self._args)
  File "C:\Users\pacong2\AppData\Roaming\uv\python\cpython-3.12-windows-x86_64-none\Lib\asyncio\proactor_events.py", line 165, in _call_connection_lost
    self._sock.shutdown(socket.SHUT_RDWR)
ConnectionResetError: [WinError 10054] An existing connection was forcibly closed by the remote host
2026-08-07 23:17:51,535 [INFO] app.main: WebSocket client connected. Total clients: 9
2026-08-07 23:17:53,693 [INFO] app.main: WebSocket client disconnected. Total clients: 8
2026-08-07 23:17:53,781 [INFO] app.main: WebSocket client connected. Total clients: 9
2026-08-07 23:18:01,734 [INFO] app.main: WebSocket client disconnected. Total clients: 8
2026-08-07 23:18:02,900 [INFO] app.main: WebSocket client connected. Total clients: 9
2026-08-07 23:18:03,279 [INFO] app.main: WebSocket client disconnected. Total clients: 8
2026-08-07 23:18:03,862 [INFO] app.main: WebSocket client connected. Total clients: 9
2026-08-07 23:18:03,865 [INFO] app.main: WebSocket client disconnected. Total clients: 8
2026-08-07 23:18:04,246 [INFO] app.main: WebSocket client connected. Total clients: 9
2026-08-07 23:18:49,575 [INFO] app.main: Managed Cloud WebSocket provider initialized.
2026-08-07 23:18:49,777 [WARNING] asyncio: Executing <Task cancelled name='Task-3' coro=<PollManager._poll_timer_loop() done, defined at C:\Users\pacong2\Videos\tiktobs\app\poll.py:62> created at C:\Users\pacong2\AppData\Roaming\uv\python\cpython-3.12-windows-x86_64-none\Lib\asyncio\tasks.py:420> took 21.203 seconds
2026-08-07 23:18:49,874 [INFO] app.poll: Poll started: 'Siapa karakter terbaik?' (duration=Nones) with 2 candidates.
2026-08-07 23:18:49,939 [INFO] app.poll: Poll started: 'Siapa karakter terbaik?' (duration=Nones) with 2 candidates.
2026-08-07 23:18:49,940 [INFO] app.poll: Vote recorded: User @user1 voted for Alice.
2026-08-07 23:18:49,940 [INFO] app.poll: Poll stopped: 'Siapa karakter terbaik?'.
2026-08-07 23:18:50,004 [INFO] app.poll: Poll started: 'Siapa karakter terbaik?' (duration=Nones) with 2 candidates.
2026-08-07 23:18:50,004 [INFO] app.poll: Vote recorded: User @user1 voted for Alice.
2026-08-07 23:18:50,004 [INFO] app.poll: Vote recorded: User @user2 voted for Alice.
2026-08-07 23:18:50,071 [INFO] app.poll: Poll started: 'Siapa karakter terbaik?' (duration=Nones) with 2 candidates.
2026-08-07 23:18:50,071 [INFO] app.poll: Vote recorded: User @user1 voted for Alice.
2026-08-07 23:18:50,072 [INFO] app.poll: Vote recorded: User @user2 voted for Bob.
2026-08-07 23:24:42,801 [INFO] app.main: Managed Cloud WebSocket provider initialized.
2026-08-07 23:24:43,100 [WARNING] asyncio: Executing <Task cancelled name='Task-8' coro=<PollManager._poll_timer_loop() done, defined at C:\Users\pacong2\Videos\tiktobs\app\poll.py:64> created at C:\Users\pacong2\AppData\Roaming\uv\python\cpython-3.12-windows-x86_64-none\Lib\asyncio\tasks.py:420> took 29.547 seconds
2026-08-07 23:24:43,303 [INFO] app.poll: Poll started: 'Siapa karakter terbaik?' (duration=Nones) with 2 candidates.
2026-08-07 23:24:43,429 [INFO] app.poll: Poll started: 'Siapa karakter terbaik?' (duration=Nones) with 2 candidates.
2026-08-07 23:24:43,430 [INFO] app.poll: Vote recorded: User @user1 voted for Alice.
2026-08-07 23:24:43,430 [INFO] app.poll: Poll stopped: 'Siapa karakter terbaik?'.
2026-08-07 23:24:43,599 [INFO] app.poll: Poll started: 'Siapa karakter terbaik?' (duration=Nones) with 2 candidates.
2026-08-07 23:24:43,600 [INFO] app.poll: Vote recorded: User @user1 voted for Alice.
2026-08-07 23:24:43,601 [INFO] app.poll: Vote recorded: User @user2 voted for Alice.
2026-08-07 23:24:43,772 [INFO] app.poll: Poll started: 'Siapa karakter terbaik?' (duration=Nones) with 2 candidates.
2026-08-07 23:24:43,773 [INFO] app.poll: Vote recorded: User @user1 voted for Alice.
2026-08-07 23:24:43,777 [INFO] app.poll: Vote recorded: User @user2 voted for Bob.
2026-08-07 23:25:31,871 [INFO] app.main: Managed Cloud WebSocket provider initialized.
2026-08-07 23:25:32,296 [WARNING] asyncio: Executing <Task cancelled name='Task-8' coro=<PollManager._poll_timer_loop() done, defined at C:\Users\pacong2\Videos\tiktobs\app\poll.py:64> created at C:\Users\pacong2\AppData\Roaming\uv\python\cpython-3.12-windows-x86_64-none\Lib\asyncio\tasks.py:420> took 22.109 seconds
2026-08-07 23:25:32,378 [INFO] app.poll: Poll started: 'Siapa karakter terbaik?' (duration=Nones) with 2 candidates.
2026-08-07 23:25:32,507 [INFO] app.poll: Poll started: 'Siapa karakter terbaik?' (duration=Nones) with 2 candidates.
2026-08-07 23:25:32,507 [INFO] app.poll: Vote recorded: User @user1 voted for Alice.
2026-08-07 23:25:32,508 [INFO] app.poll: Poll stopped: 'Siapa karakter terbaik?'.
2026-08-07 23:25:32,671 [INFO] app.poll: Poll started: 'Siapa karakter terbaik?' (duration=Nones) with 2 candidates.
2026-08-07 23:25:32,671 [INFO] app.poll: Vote recorded: User @user1 voted for Alice.
2026-08-07 23:25:32,672 [INFO] app.poll: Vote recorded: User @user2 voted for Alice.
2026-08-07 23:25:32,747 [INFO] app.poll: Poll started: 'Siapa karakter terbaik?' (duration=Nones) with 2 candidates.
2026-08-07 23:25:32,758 [INFO] app.poll: Vote recorded: User @user1 voted for Alice.
2026-08-07 23:25:32,759 [INFO] app.poll: Vote recorded: User @user2 voted for Bob.
2026-08-07 23:27:01,672 [INFO] app.main: WebSocket client disconnected. Total clients: 8
2026-08-07 23:27:01,859 [INFO] app.main: WebSocket client connected. Total clients: 9
2026-08-07 23:27:32,181 [INFO] app.main: WebSocket client disconnected. Total clients: 8
2026-08-07 23:27:32,301 [INFO] app.main: WebSocket client connected. Total clients: 9
2026-08-07 23:27:33,146 [INFO] app.main: WebSocket client disconnected. Total clients: 8
2026-08-07 23:27:33,165 [ERROR] asyncio: Exception in callback _ProactorBasePipeTransport._call_connection_lost(None)
handle: <Handle _ProactorBasePipeTransport._call_connection_lost(None)>
Traceback (most recent call last):
  File "C:\Users\pacong2\AppData\Roaming\uv\python\cpython-3.12-windows-x86_64-none\Lib\asyncio\events.py", line 88, in _run
    self._context.run(self._callback, *self._args)
  File "C:\Users\pacong2\AppData\Roaming\uv\python\cpython-3.12-windows-x86_64-none\Lib\asyncio\proactor_events.py", line 165, in _call_connection_lost
    self._sock.shutdown(socket.SHUT_RDWR)
ConnectionResetError: [WinError 10054] An existing connection was forcibly closed by the remote host
2026-08-07 23:27:33,260 [INFO] app.main: WebSocket client connected. Total clients: 9
2026-08-07 23:28:14,258 [INFO] app.main: Managed Cloud WebSocket provider initialized.
2026-08-07 23:28:14,604 [INFO] app.main: Initializing database and application components...
2026-08-07 23:28:14,793 [INFO] app.main: WebSocket client connected. Total clients: 1
2026-08-07 23:28:15,025 [INFO] app.main: WebSocket client connected. Total clients: 2
2026-08-07 23:28:15,054 [INFO] app.main: WebSocket client connected. Total clients: 3
2026-08-07 23:28:15,576 [INFO] app.main: WebSocket client connected. Total clients: 4
2026-08-07 23:28:15,601 [INFO] app.main: WebSocket client connected. Total clients: 5
2026-08-07 23:28:16,545 [INFO] app.main: WebSocket client connected. Total clients: 6
2026-08-07 23:28:17,187 [INFO] app.main: WebSocket client connected. Total clients: 7
2026-08-07 23:28:19,967 [INFO] app.main: Managed Cloud WebSocket provider initialized.
2026-08-07 23:28:20,209 [WARNING] asyncio: Executing <Task cancelled name='Task-8' coro=<PollManager._poll_timer_loop() done, defined at C:\Users\pacong2\Videos\tiktobs\app\poll.py:64> created at C:\Users\pacong2\AppData\Roaming\uv\python\cpython-3.12-windows-x86_64-none\Lib\asyncio\tasks.py:420> took 16.937 seconds
2026-08-07 23:28:20,287 [INFO] app.poll: Poll started: 'Siapa karakter terbaik?' (duration=Nones) with 2 candidates.
2026-08-07 23:28:20,403 [INFO] app.poll: Poll started: 'Siapa karakter terbaik?' (duration=Nones) with 2 candidates.
2026-08-07 23:28:20,404 [INFO] app.poll: Vote recorded: User @user1 voted for Alice.
2026-08-07 23:28:20,405 [INFO] app.poll: Poll stopped: 'Siapa karakter terbaik?'.
2026-08-07 23:28:20,479 [INFO] app.poll: Poll started: 'Siapa karakter terbaik?' (duration=Nones) with 2 candidates.
2026-08-07 23:28:20,480 [INFO] app.poll: Vote recorded: User @user1 voted for Alice.
2026-08-07 23:28:20,481 [INFO] app.poll: Vote recorded: User @user2 voted for Alice.
2026-08-07 23:28:20,700 [INFO] app.poll: Poll started: 'Siapa karakter terbaik?' (duration=Nones) with 2 candidates.
2026-08-07 23:28:20,701 [INFO] app.poll: Vote recorded: User @user1 voted for Alice.
2026-08-07 23:28:20,701 [INFO] app.poll: Vote recorded: User @user2 voted for Bob.
2026-08-07 23:28:21,505 [INFO] app.main: WebSocket client connected. Total clients: 8
2026-08-07 23:28:21,870 [INFO] app.main: WebSocket client disconnected. Total clients: 7
2026-08-07 23:28:22,034 [INFO] app.main: WebSocket client connected. Total clients: 8
2026-08-07 23:28:26,455 [INFO] app.main: WebSocket client disconnected. Total clients: 7
2026-08-07 23:28:28,768 [INFO] app.main: WebSocket client connected. Total clients: 8
2026-08-07 23:28:35,504 [INFO] app.poll: Poll stopped: ''.
2026-08-07 23:28:45,528 [INFO] app.poll: Poll started: 'asdasd' (duration=1277s) with 3 candidates.
2026-08-07 23:28:48,599 [INFO] app.main: WebSocket client disconnected. Total clients: 7
2026-08-07 23:28:48,701 [INFO] app.main: WebSocket client connected. Total clients: 8
2026-08-07 23:28:54,559 [INFO] app.main: WebSocket client disconnected. Total clients: 7
2026-08-07 23:28:54,798 [INFO] app.main: WebSocket client connected. Total clients: 8
2026-08-07 23:28:55,299 [INFO] app.main: WebSocket client disconnected. Total clients: 7
2026-08-07 23:28:55,475 [INFO] app.main: WebSocket client connected. Total clients: 8
2026-08-07 23:28:58,903 [INFO] app.main: WebSocket client disconnected. Total clients: 7
2026-08-07 23:28:59,208 [INFO] app.main: WebSocket client connected. Total clients: 8
2026-08-07 23:29:04,927 [INFO] app.main: WebSocket client disconnected. Total clients: 7
2026-08-07 23:29:05,406 [INFO] app.main: WebSocket client connected. Total clients: 8
2026-08-07 23:29:05,775 [INFO] app.main: WebSocket client disconnected. Total clients: 7
2026-08-07 23:29:06,338 [INFO] app.main: WebSocket client connected. Total clients: 8
2026-08-07 23:29:33,709 [INFO] app.main: WebSocket client connected. Total clients: 9
2026-08-07 23:31:48,952 [INFO] app.main: WebSocket client disconnected. Total clients: 8
2026-08-07 23:31:48,953 [ERROR] asyncio: Exception in callback _ProactorBasePipeTransport._call_connection_lost(None)
handle: <Handle _ProactorBasePipeTransport._call_connection_lost(None)>
Traceback (most recent call last):
  File "C:\Users\pacong2\AppData\Roaming\uv\python\cpython-3.12-windows-x86_64-none\Lib\asyncio\events.py", line 88, in _run
    self._context.run(self._callback, *self._args)
  File "C:\Users\pacong2\AppData\Roaming\uv\python\cpython-3.12-windows-x86_64-none\Lib\asyncio\proactor_events.py", line 165, in _call_connection_lost
    self._sock.shutdown(socket.SHUT_RDWR)
ConnectionResetError: [WinError 10054] An existing connection was forcibly closed by the remote host
2026-08-07 23:31:53,751 [INFO] app.main: WebSocket client connected. Total clients: 9
2026-08-07 23:32:54,007 [INFO] app.main: WebSocket client disconnected. Total clients: 8
2026-08-07 23:32:54,389 [INFO] app.main: WebSocket client connected. Total clients: 9
2026-08-07 23:34:58,899 [INFO] app.main: Managed Cloud WebSocket provider initialized.
2026-08-07 23:34:59,537 [WARNING] asyncio: Executing <Task cancelled name='Task-8' coro=<PollManager._poll_timer_loop() done, defined at C:\Users\pacong2\Videos\tiktobs\app\poll.py:64> created at C:\Users\pacong2\AppData\Roaming\uv\python\cpython-3.12-windows-x86_64-none\Lib\asyncio\tasks.py:420> took 49.218 seconds
2026-08-07 23:34:59,665 [WARNING] asyncio: Executing <Task finished name='Task-7' coro=<TestPollManager.test_poll_timer_and_expiration() done, defined at C:\Users\pacong2\Videos\tiktobs\tests\test_poll.py:93> result=None created at C:\Users\pacong2\AppData\Roaming\uv\python\cpython-3.12-windows-x86_64-none\Lib\asyncio\runners.py:100> took 0.125 seconds
2026-08-07 23:34:59,923 [INFO] app.poll: Poll started: 'Siapa karakter terbaik?' (duration=Nones) with 2 candidates.
2026-08-07 23:35:00,287 [INFO] app.poll: Poll started: 'Siapa karakter terbaik?' (duration=Nones) with 2 candidates.
2026-08-07 23:35:00,287 [INFO] app.poll: Vote recorded: User @user1 voted for Alice.
2026-08-07 23:35:00,290 [INFO] app.poll: Poll stopped: 'Siapa karakter terbaik?'.
2026-08-07 23:35:00,673 [WARNING] asyncio: Executing <Handle BaseProactorEventLoop._loop_self_reading() created at C:\Users\pacong2\AppData\Roaming\uv\python\cpython-3.12-windows-x86_64-none\Lib\asyncio\windows_events.py:321> took 0.109 seconds
2026-08-07 23:35:00,700 [INFO] app.poll: Poll started: 'Siapa karakter terbaik?' (duration=Nones) with 2 candidates.
2026-08-07 23:35:00,701 [INFO] app.poll: Vote recorded: User @user1 voted for Alice.
2026-08-07 23:35:00,703 [INFO] app.poll: Vote recorded: User @user2 voted for Alice.
2026-08-07 23:35:01,089 [INFO] app.poll: Poll started: 'Siapa karakter terbaik?' (duration=Nones) with 2 candidates.
2026-08-07 23:35:01,089 [INFO] app.poll: Vote recorded: User @user1 voted for Alice.
2026-08-07 23:35:01,090 [INFO] app.poll: Vote recorded: User @user2 voted for Bob.
2026-08-07 23:36:15,205 [INFO] app.main: WebSocket client connected. Total clients: 10
2026-08-07 23:37:09,234 [INFO] app.main: WebSocket client disconnected. Total clients: 9
2026-08-07 23:37:09,235 [ERROR] asyncio: Exception in callback _ProactorBasePipeTransport._call_connection_lost(None)
handle: <Handle _ProactorBasePipeTransport._call_connection_lost(None)>
Traceback (most recent call last):
  File "C:\Users\pacong2\AppData\Roaming\uv\python\cpython-3.12-windows-x86_64-none\Lib\asyncio\events.py", line 88, in _run
    self._context.run(self._callback, *self._args)
  File "C:\Users\pacong2\AppData\Roaming\uv\python\cpython-3.12-windows-x86_64-none\Lib\asyncio\proactor_events.py", line 165, in _call_connection_lost
    self._sock.shutdown(socket.SHUT_RDWR)
ConnectionResetError: [WinError 10054] An existing connection was forcibly closed by the remote host
2026-08-07 23:39:27,002 [INFO] app.main: Managed Cloud WebSocket provider initialized.
2026-08-07 23:39:27,321 [WARNING] asyncio: Executing <Task cancelled name='Task-8' coro=<PollManager._poll_timer_loop() done, defined at C:\Users\pacong2\Videos\tiktobs\app\poll.py:64> created at C:\Users\pacong2\AppData\Roaming\uv\python\cpython-3.12-windows-x86_64-none\Lib\asyncio\tasks.py:420> took 41.156 seconds
2026-08-07 23:39:27,493 [INFO] app.poll: Poll started: 'Siapa karakter terbaik?' (duration=Nones) with 2 candidates.
2026-08-07 23:39:27,668 [INFO] app.poll: Poll started: 'Siapa karakter terbaik?' (duration=Nones) with 2 candidates.
2026-08-07 23:39:27,668 [INFO] app.poll: Vote recorded: User @user1 voted for Alice.
2026-08-07 23:39:27,669 [INFO] app.poll: Poll stopped: 'Siapa karakter terbaik?'.
2026-08-07 23:39:27,890 [INFO] app.poll: Poll started: 'Siapa karakter terbaik?' (duration=Nones) with 2 candidates.
2026-08-07 23:39:27,890 [INFO] app.poll: Vote recorded: User @user1 voted for Alice.
2026-08-07 23:39:27,891 [INFO] app.poll: Vote recorded: User @user2 voted for Alice.
2026-08-07 23:39:28,123 [INFO] app.poll: Poll started: 'Siapa karakter terbaik?' (duration=Nones) with 2 candidates.
2026-08-07 23:39:28,125 [INFO] app.poll: Vote recorded: User @user1 voted for Alice.
2026-08-07 23:39:28,125 [INFO] app.poll: Vote recorded: User @user2 voted for Bob.
2026-08-07 23:39:56,273 [INFO] app.main: WebSocket client disconnected. Total clients: 8
2026-08-07 23:40:00,041 [INFO] app.main: WebSocket client connected. Total clients: 9
2026-08-07 23:40:12,340 [INFO] app.main: WebSocket client connected. Total clients: 10
2026-08-07 23:40:21,779 [INFO] app.main: WebSocket client connected. Total clients: 11
2026-08-07 23:40:30,015 [INFO] app.main: WebSocket client disconnected. Total clients: 10
2026-08-07 23:40:30,015 [ERROR] asyncio: Exception in callback _ProactorBasePipeTransport._call_connection_lost(None)
handle: <Handle _ProactorBasePipeTransport._call_connection_lost(None)>
Traceback (most recent call last):
  File "C:\Users\pacong2\AppData\Roaming\uv\python\cpython-3.12-windows-x86_64-none\Lib\asyncio\events.py", line 88, in _run
    self._context.run(self._callback, *self._args)
  File "C:\Users\pacong2\AppData\Roaming\uv\python\cpython-3.12-windows-x86_64-none\Lib\asyncio\proactor_events.py", line 165, in _call_connection_lost
    self._sock.shutdown(socket.SHUT_RDWR)
ConnectionResetError: [WinError 10054] An existing connection was forcibly closed by the remote host
2026-08-07 23:40:31,504 [INFO] app.main: WebSocket client connected. Total clients: 11
2026-08-07 23:41:16,567 [INFO] app.main: Managed Cloud WebSocket provider initialized.
2026-08-07 23:41:17,041 [INFO] app.main: Initializing database and application components...
2026-08-07 23:41:17,318 [INFO] app.main: WebSocket client connected. Total clients: 1
2026-08-07 23:41:17,358 [INFO] app.main: WebSocket client connected. Total clients: 2
2026-08-07 23:41:17,379 [INFO] app.main: WebSocket client connected. Total clients: 3
2026-08-07 23:41:17,490 [INFO] app.main: WebSocket client connected. Total clients: 4
2026-08-07 23:41:17,525 [INFO] app.main: WebSocket client connected. Total clients: 5
2026-08-07 23:41:17,570 [INFO] app.main: WebSocket client connected. Total clients: 6
2026-08-07 23:41:17,827 [INFO] app.main: WebSocket client connected. Total clients: 7
2026-08-07 23:41:19,217 [INFO] app.main: WebSocket client connected. Total clients: 8
2026-08-07 23:41:20,558 [INFO] app.main: WebSocket client connected. Total clients: 9
2026-08-07 23:41:21,555 [INFO] app.poll: Poll stopped: ''.
2026-08-07 23:41:39,335 [INFO] app.main: WebSocket client connected. Total clients: 10
2026-08-07 23:41:48,463 [INFO] app.main: WebSocket client connected. Total clients: 11
2026-08-07 23:41:50,957 [INFO] app.main: WebSocket client disconnected. Total clients: 10
2026-08-07 23:41:52,411 [INFO] app.poll: Poll started: 'asdasd' (duration=122222s) with 2 candidates.
2026-08-07 23:42:13,069 [INFO] app.poll: Vote recorded: User @Messi voted for sdsad.
2026-08-07 23:42:14,000 [INFO] app.poll: Vote recorded: User @Neymar voted for sdsad.
2026-08-07 23:42:14,848 [INFO] app.poll: Vote recorded: User @Mbappe voted for sdsad.
2026-08-07 23:42:15,136 [INFO] app.poll: Vote recorded: User @Salah voted for sdsad.
2026-08-07 23:42:15,355 [INFO] app.poll: Vote recorded: User @Kane voted for sdsad.
2026-08-07 23:42:16,665 [INFO] app.poll: Vote recorded: User @Ronaldo voted for sdsad.
2026-08-07 23:42:17,625 [INFO] app.poll: Vote recorded: User @Lewandowski voted for sdsad.
2026-08-07 23:42:38,478 [INFO] app.main: WebSocket client disconnected. Total clients: 9
2026-08-07 23:42:39,206 [INFO] app.main: WebSocket client disconnected. Total clients: 8
2026-08-07 23:42:42,088 [INFO] app.main: WebSocket client disconnected. Total clients: 7
2026-08-07 23:42:43,196 [INFO] app.main: WebSocket client disconnected. Total clients: 6
2026-08-07 23:42:47,699 [INFO] app.main: WebSocket client connected. Total clients: 7
2026-08-07 23:42:49,602 [INFO] app.main: WebSocket client connected. Total clients: 8
2026-08-07 23:42:52,978 [INFO] app.main: WebSocket client connected. Total clients: 9
2026-08-07 23:42:58,412 [INFO] app.main: WebSocket client disconnected. Total clients: 8
2026-08-07 23:42:58,778 [INFO] app.main: WebSocket client connected. Total clients: 9
2026-08-07 23:43:00,872 [INFO] app.main: WebSocket client connected. Total clients: 10
2026-08-07 23:43:07,110 [INFO] app.main: WebSocket client disconnected. Total clients: 9
2026-08-07 23:43:07,303 [INFO] app.main: WebSocket client connected. Total clients: 10
2026-08-07 23:43:08,241 [INFO] app.main: WebSocket client disconnected. Total clients: 9
2026-08-07 23:43:08,242 [ERROR] asyncio: Exception in callback _ProactorBasePipeTransport._call_connection_lost(None)
handle: <Handle _ProactorBasePipeTransport._call_connection_lost(None)>
Traceback (most recent call last):
  File "C:\Users\pacong2\AppData\Roaming\uv\python\cpython-3.12-windows-x86_64-none\Lib\asyncio\events.py", line 88, in _run
    self._context.run(self._callback, *self._args)
  File "C:\Users\pacong2\AppData\Roaming\uv\python\cpython-3.12-windows-x86_64-none\Lib\asyncio\proactor_events.py", line 165, in _call_connection_lost
    self._sock.shutdown(socket.SHUT_RDWR)
ConnectionResetError: [WinError 10054] An existing connection was forcibly closed by the remote host
2026-08-07 23:43:08,559 [INFO] app.main: WebSocket client connected. Total clients: 10
2026-08-07 23:44:20,594 [INFO] app.main: WebSocket client disconnected. Total clients: 9
2026-08-07 23:44:20,595 [ERROR] asyncio: Exception in callback _ProactorBasePipeTransport._call_connection_lost(None)
handle: <Handle _ProactorBasePipeTransport._call_connection_lost(None)>
Traceback (most recent call last):
  File "C:\Users\pacong2\AppData\Roaming\uv\python\cpython-3.12-windows-x86_64-none\Lib\asyncio\events.py", line 88, in _run
    self._context.run(self._callback, *self._args)
  File "C:\Users\pacong2\AppData\Roaming\uv\python\cpython-3.12-windows-x86_64-none\Lib\asyncio\proactor_events.py", line 165, in _call_connection_lost
    self._sock.shutdown(socket.SHUT_RDWR)
ConnectionResetError: [WinError 10054] An existing connection was forcibly closed by the remote host
2026-08-07 23:44:24,279 [INFO] app.main: WebSocket client connected. Total clients: 10
2026-08-07 23:45:20,397 [INFO] app.main: Managed Cloud WebSocket provider initialized.
2026-08-07 23:45:21,000 [INFO] app.main: Initializing database and application components...
2026-08-07 23:45:21,295 [INFO] app.main: WebSocket client connected. Total clients: 1
2026-08-07 23:45:21,318 [INFO] app.main: WebSocket client connected. Total clients: 2
2026-08-07 23:45:21,615 [INFO] app.main: WebSocket client connected. Total clients: 3
2026-08-07 23:45:21,654 [INFO] app.main: WebSocket client connected. Total clients: 4
2026-08-07 23:45:21,686 [INFO] app.main: WebSocket client connected. Total clients: 5
2026-08-07 23:45:21,732 [INFO] app.main: WebSocket client connected. Total clients: 6
2026-08-07 23:45:22,619 [INFO] app.main: WebSocket client connected. Total clients: 7
2026-08-07 23:45:23,594 [INFO] app.main: WebSocket client connected. Total clients: 8
2026-08-07 23:45:27,119 [INFO] app.main: WebSocket client connected. Total clients: 9
2026-08-07 23:45:36,316 [INFO] app.main: WebSocket client disconnected. Total clients: 8
2026-08-07 23:45:40,234 [INFO] app.main: WebSocket client disconnected. Total clients: 7
2026-08-07 23:45:43,129 [INFO] app.main: WebSocket client connected. Total clients: 8
2026-08-07 23:45:55,868 [INFO] app.poll: Poll started: 'asda' (duration=12123s) with 2 candidates.
2026-08-07 23:45:57,200 [INFO] app.poll: Gift vote recorded: 99 votes added to sadas via gift 'TikTok'.
2026-08-07 23:45:59,217 [INFO] app.poll: Gift vote recorded: 10 votes added to sadas via gift 'TikTok'.
2026-08-07 23:46:09,598 [INFO] app.poll: Gift vote recorded: 99 votes added to asdas via gift 'Rose'.
2026-08-07 23:46:12,274 [INFO] app.poll: Gift vote recorded: 299 votes added to asdas via gift 'Rose'.
2026-08-07 23:46:15,873 [INFO] app.poll: Gift vote recorded: 50 votes added to asdas via gift 'Rose'.
2026-08-07 23:46:24,433 [INFO] app.poll: Vote recorded: User @Messi voted for asdas.
2026-08-07 23:46:25,453 [INFO] app.poll: Vote recorded: User @Ronaldo voted for sadas.
2026-08-07 23:46:26,058 [INFO] app.poll: Vote recorded: User @Mbappe voted for sadas.
2026-08-07 23:46:26,445 [INFO] app.poll: Vote recorded: User @Neymar voted for sadas.
2026-08-07 23:46:27,460 [INFO] app.poll: Vote recorded: User @Kane voted for sadas.
2026-08-07 23:46:33,525 [INFO] app.poll: Gift vote recorded: 5 votes added to sadas via gift 'TikTok'.
2026-08-07 23:47:09,500 [INFO] app.main: WebSocket client connected. Total clients: 9
2026-08-07 23:47:18,779 [INFO] app.poll: Gift vote recorded: 10 votes added to sadas via gift 'TikTok'.
2026-08-07 23:47:29,113 [INFO] app.poll: Gift vote recorded: 10 votes added to asdas via gift 'Rose'.
2026-08-07 23:47:35,250 [INFO] app.poll: Gift vote recorded: 5 votes added to sadas via gift 'TikTok'.
2026-08-07 23:47:40,668 [INFO] app.poll: Gift vote recorded: 5 votes added to asdas via gift 'Rose'.
2026-08-07 23:47:46,832 [INFO] app.poll: Gift vote recorded: 99 votes added to asdas via gift 'Rose'.
2026-08-07 23:48:39,826 [INFO] app.poll: Gift vote recorded: 50 votes added to asdas via gift 'Rose'.
2026-08-07 23:48:57,513 [INFO] app.main: WebSocket client connected. Total clients: 10
2026-08-07 23:49:00,984 [INFO] app.main: WebSocket client disconnected. Total clients: 9
2026-08-07 23:49:30,675 [INFO] app.main: WebSocket client connected. Total clients: 10
2026-08-07 23:51:04,004 [INFO] app.poll: Gift vote recorded: 5 votes added to sadas via gift 'TikTok'.
2026-08-07 23:51:09,880 [INFO] app.poll: Gift vote recorded: 99 votes added to sadas via gift 'TikTok'.
2026-08-07 23:51:24,262 [INFO] app.poll: Poll stopped: 'asda'.
2026-08-07 23:51:41,962 [INFO] app.poll: Poll started: 'asda' (duration=12123s) with 2 candidates.
2026-08-07 23:51:45,348 [INFO] app.main: WebSocket client disconnected. Total clients: 9
2026-08-07 23:51:45,670 [INFO] app.main: WebSocket client connected. Total clients: 10
2026-08-07 23:51:50,401 [INFO] app.processor: EventProcessor active session updated to: 51a30630
2026-08-07 23:51:50,405 [INFO] app.providers.euler: Connecting to EulerStream managed WebSocket for @ewing.3gp...
2026-08-07 23:51:53,038 [INFO] app.providers.euler: Connected to EulerStream WebSocket successfully.
2026-08-07 23:52:06,047 [ERROR] app.providers.euler: EulerStream WebSocket connection error for @ewing.3gp
Traceback (most recent call last):
  File "C:\Users\pacong2\Videos\tiktobs\app\providers\euler.py", line 112, in _run_connection_loop
    async for message in ws:
  File "C:\Users\pacong2\Videos\tiktobs\.venv\Lib\site-packages\websockets\asyncio\connection.py", line 236, in __aiter__
    yield await self.recv()
          ^^^^^^^^^^^^^^^^^
  File "C:\Users\pacong2\Videos\tiktobs\.venv\Lib\site-packages\websockets\asyncio\connection.py", line 316, in recv
    raise self.protocol.close_exc from self.recv_exc
websockets.exceptions.ConnectionClosedError: received 4556 (private use) Timeout /webcast/fetch after 10000ms; then sent 4556 (private use) Timeout /webcast/fetch after 10000ms
2026-08-07 23:52:06,283 [INFO] app.providers.euler: Reconnecting in 2.0s (Attempt 0/3)...
2026-08-07 23:52:08,299 [INFO] app.providers.euler: Connecting to EulerStream managed WebSocket for @ewing.3gp...
2026-08-07 23:52:10,203 [INFO] app.providers.euler: Connected to EulerStream WebSocket successfully.
2026-08-07 23:52:14,739 [INFO] app.poll: Vote recorded: User @officialpatnermobile voted for !-Clik bio,Claim the skin, Ambill sebelum kehabisan🎁🎁🎁🎁🎁🎁🎁🎁🎁🎁🎁🎁🎁🎁🎁🎁🎁🎁🎁🎁🎁.
2026-08-07 23:52:21,175 [INFO] app.poll: Vote recorded: User @officialmlbbresmi voted for !-Clik bio,Claim the skin, Ambill sebelum kehabisan🎁🎁🎁🎁🎁🎁🎁🎁🎁🎁🎁🎁🎁🎁🎁🎁🎁🎁🎁🎁🎁.
2026-08-07 23:52:50,905 [INFO] app.providers.euler: Requesting disconnect from EulerStream...
2026-08-07 23:52:50,937 [INFO] app.providers.euler: Disconnected successfully from EulerStream.
2026-08-07 23:52:51,389 [INFO] app.processor: EventProcessor active session updated to: None
2026-08-07 23:53:24,537 [INFO] app.poll: Poll stopped: 'asda'.
2026-08-07 23:53:29,955 [INFO] app.poll: Poll started: 'asda' (duration=12123s) with 2 candidates.
2026-08-07 23:53:35,532 [INFO] app.processor: EventProcessor active session updated to: 6f25d669
2026-08-07 23:53:35,536 [INFO] app.providers.euler: Connecting to EulerStream managed WebSocket for @eripras3_...
2026-08-07 23:53:36,671 [INFO] app.providers.euler: Requesting disconnect from EulerStream...
2026-08-07 23:53:36,672 [INFO] app.providers.euler: Disconnected successfully from EulerStream.
2026-08-07 23:53:36,921 [INFO] app.processor: EventProcessor active session updated to: None
2026-08-07 23:53:41,655 [INFO] app.poll: Poll stopped: 'asda'.
2026-08-07 23:53:45,376 [INFO] app.poll: Poll started: 'kang' (duration=12123s) with 2 candidates.
2026-08-07 23:53:48,120 [INFO] app.processor: EventProcessor active session updated to: 920d8685
2026-08-07 23:53:48,124 [INFO] app.providers.euler: Connecting to EulerStream managed WebSocket for @eripras3_...
2026-08-07 23:53:49,483 [INFO] app.providers.euler: Connected to EulerStream WebSocket successfully.
2026-08-07 23:54:33,360 [INFO] app.providers.euler: Requesting disconnect from EulerStream...
2026-08-07 23:54:39,136 [INFO] app.providers.euler: Requesting disconnect from EulerStream...
2026-08-07 23:54:39,162 [INFO] app.providers.euler: Disconnected successfully from EulerStream.
2026-08-07 23:54:39,426 [INFO] app.providers.euler: Disconnected successfully from EulerStream.
2026-08-07 23:54:39,920 [INFO] app.processor: EventProcessor active session updated to: None
2026-08-07 23:54:39,938 [INFO] app.processor: EventProcessor active session updated to: None
2026-08-07 23:55:24,383 [INFO] app.poll: Poll stopped: 'kang'.
2026-08-07 23:55:29,314 [INFO] app.poll: Poll started: 'kang' (duration=12123s) with 2 candidates.
2026-08-07 23:55:33,880 [INFO] app.processor: EventProcessor active session updated to: cdfc111e
2026-08-07 23:55:33,885 [INFO] app.providers.euler: Connecting to EulerStream managed WebSocket for @eripras3_...
2026-08-07 23:55:34,979 [INFO] app.providers.euler: Connected to EulerStream WebSocket successfully.
2026-08-07 23:55:37,808 [ERROR] app.providers.euler: EulerStream WebSocket connection error for @eripras3_
Traceback (most recent call last):
  File "C:\Users\pacong2\Videos\tiktobs\app\providers\euler.py", line 112, in _run_connection_loop
    async for message in ws:
  File "C:\Users\pacong2\Videos\tiktobs\.venv\Lib\site-packages\websockets\asyncio\connection.py", line 236, in __aiter__
    yield await self.recv()
          ^^^^^^^^^^^^^^^^^
  File "C:\Users\pacong2\Videos\tiktobs\.venv\Lib\site-packages\websockets\asyncio\connection.py", line 316, in recv
    raise self.protocol.close_exc from self.recv_exc
websockets.exceptions.ConnectionClosedError: received 4404 (private use) The TikTok User '@eripras3_' is not currently live.; then sent 4404 (private use) The TikTok User '@eripras3_' is not currently live.
2026-08-07 23:55:37,815 [INFO] app.providers.euler: Reconnecting in 2.0s (Attempt 0/3)...
2026-08-07 23:55:39,833 [INFO] app.providers.euler: Connecting to EulerStream managed WebSocket for @eripras3_...
2026-08-07 23:55:41,649 [INFO] app.providers.euler: Connected to EulerStream WebSocket successfully.
2026-08-07 23:55:44,061 [INFO] app.providers.euler: Requesting disconnect from EulerStream...
2026-08-07 23:55:44,087 [INFO] app.providers.euler: Disconnected successfully from EulerStream.
2026-08-07 23:55:44,693 [INFO] app.processor: EventProcessor active session updated to: None
2026-08-07 23:56:46,193 [INFO] app.main: Managed Cloud WebSocket provider initialized.
2026-08-07 23:56:46,494 [WARNING] asyncio: Executing <Task cancelled name='Task-8' coro=<PollManager._poll_timer_loop() done, defined at C:\Users\pacong2\Videos\tiktobs\app\poll.py:64> created at C:\Users\pacong2\AppData\Roaming\uv\python\cpython-3.12-windows-x86_64-none\Lib\asyncio\tasks.py:420> took 37.734 seconds
2026-08-07 23:56:46,688 [INFO] app.poll: Poll started: 'Siapa karakter terbaik?' (duration=Nones) with 2 candidates.
2026-08-07 23:56:46,859 [INFO] app.poll: Poll started: 'Siapa karakter terbaik?' (duration=Nones) with 2 candidates.
2026-08-07 23:56:46,859 [INFO] app.poll: Vote recorded: User @user1 voted for Alice.
2026-08-07 23:56:46,860 [INFO] app.poll: Poll stopped: 'Siapa karakter terbaik?'.
2026-08-07 23:56:47,026 [INFO] app.poll: Poll started: 'Siapa karakter terbaik?' (duration=Nones) with 2 candidates.
2026-08-07 23:56:47,027 [INFO] app.poll: Vote recorded: User @user1 voted for Alice.
2026-08-07 23:56:47,027 [INFO] app.poll: Vote recorded: User @user2 voted for Alice.
2026-08-07 23:56:47,210 [INFO] app.poll: Poll started: 'Siapa karakter terbaik?' (duration=Nones) with 3 candidates.
2026-08-07 23:56:47,211 [INFO] app.poll: Vote recorded: User @user1 voted for Alice.
2026-08-07 23:56:47,213 [INFO] app.poll: Vote recorded: User @user2 voted for Bob.
2026-08-07 23:56:47,213 [INFO] app.poll: Vote recorded: User @user3 voted for Yo.
2026-08-07 23:57:58,394 [INFO] app.main: Managed Cloud WebSocket provider initialized.
2026-08-07 23:57:58,879 [INFO] app.main: Initializing database and application components...
2026-08-07 23:57:59,091 [INFO] app.main: WebSocket client connected. Total clients: 1
2026-08-07 23:57:59,121 [INFO] app.main: WebSocket client connected. Total clients: 2
2026-08-07 23:57:59,150 [INFO] app.main: WebSocket client connected. Total clients: 3
2026-08-07 23:57:59,712 [INFO] app.main: WebSocket client connected. Total clients: 4
2026-08-07 23:57:59,782 [INFO] app.main: WebSocket client connected. Total clients: 5
2026-08-07 23:57:59,819 [INFO] app.main: WebSocket client connected. Total clients: 6
2026-08-07 23:57:59,855 [INFO] app.main: WebSocket client connected. Total clients: 7
2026-08-07 23:58:00,922 [INFO] app.main: WebSocket client connected. Total clients: 8
2026-08-07 23:58:01,754 [INFO] app.main: WebSocket client connected. Total clients: 9
2026-08-07 23:58:09,210 [INFO] app.main: WebSocket client connected. Total clients: 10
2026-08-08 00:00:57,606 [INFO] app.poll: Poll started: 'asdas' (duration=Nones) with 2 candidates.
2026-08-08 00:01:05,491 [INFO] app.main: WebSocket client connected. Total clients: 11
2026-08-08 00:01:18,859 [INFO] app.processor: EventProcessor active session updated to: 7fb0efc1
2026-08-08 00:01:18,861 [INFO] app.providers.euler: Connecting to EulerStream managed WebSocket for @aditya_el77...
2026-08-08 00:01:22,361 [INFO] app.providers.euler: Connected to EulerStream WebSocket successfully.
2026-08-08 00:01:30,965 [INFO] app.poll: Vote recorded: User @azryyyyl voted for dit.
2026-08-08 00:01:35,509 [INFO] app.main: WebSocket client disconnected. Total clients: 10
2026-08-08 00:01:36,642 [INFO] app.main: WebSocket client connected. Total clients: 11
2026-08-08 00:01:39,790 [INFO] app.poll: Poll stopped: 'asdas'.
2026-08-08 00:01:42,120 [INFO] app.poll: Poll started: 'asdas' (duration=123213s) with 2 candidates.
2026-08-08 00:01:44,746 [INFO] app.poll: Vote recorded: User @azryyyyl voted for dit.
2026-08-08 00:01:44,936 [INFO] app.main: WebSocket client disconnected. Total clients: 10
2026-08-08 00:01:45,826 [INFO] app.main: WebSocket client connected. Total clients: 11
2026-08-08 00:01:46,464 [INFO] app.poll: Vote recorded: User @dindin4025 voted for dit.
2026-08-08 00:01:49,516 [INFO] app.poll: Vote recorded: User @riki_subagja03 voted for dit.
2026-08-08 00:01:49,799 [INFO] app.poll: Vote recorded: User @audryntsy voted for dit.
2026-08-08 00:01:51,167 [INFO] app.poll: Gift vote recorded: 10 votes added to dit via gift 'TikTok'.
2026-08-08 00:01:54,097 [INFO] app.poll: Vote recorded: User @11hadiizrooil_ voted for dit.
2026-08-08 00:02:12,084 [INFO] app.providers.euler: Requesting disconnect from EulerStream...
2026-08-08 00:02:12,237 [INFO] app.providers.euler: Disconnected successfully from EulerStream.
2026-08-08 00:02:12,798 [INFO] app.processor: EventProcessor active session updated to: None
2026-08-08 00:04:28,714 [INFO] app.main: WebSocket client disconnected. Total clients: 10
2026-08-08 00:04:29,413 [INFO] app.main: WebSocket client connected. Total clients: 11
2026-08-08 00:04:40,709 [INFO] app.main: WebSocket client disconnected. Total clients: 10
2026-08-08 00:04:42,584 [INFO] app.main: WebSocket client disconnected. Total clients: 9
2026-08-08 00:04:45,816 [INFO] app.poll: Gift vote recorded: 50 votes added to 0 via gift 'Rose'.
2026-08-08 00:04:46,750 [INFO] app.main: WebSocket client disconnected. Total clients: 8
2026-08-08 00:05:02,189 [INFO] app.main: WebSocket client disconnected. Total clients: 7
2026-08-08 00:05:08,737 [INFO] app.poll: Gift vote recorded: 10 votes added to dit via gift 'TikTok'.
2026-08-08 00:05:13,329 [INFO] app.poll: Gift vote recorded: 50 votes added to 0 via gift 'Rose'.
2026-08-08 00:05:15,235 [INFO] app.poll: Gift vote recorded: 99 votes added to dit via gift 'TikTok'.
2026-08-08 00:05:17,110 [INFO] app.poll: Gift vote recorded: 5 votes added to 0 via gift 'Rose'.
2026-08-08 00:05:17,391 [INFO] app.poll: Gift vote recorded: 50 votes added to 0 via gift 'Rose'.
2026-08-08 00:05:17,630 [INFO] app.poll: Gift vote recorded: 5 votes added to 0 via gift 'Rose'.
2026-08-08 00:05:18,297 [INFO] app.poll: Gift vote recorded: 299 votes added to 0 via gift 'Rose'.
2026-08-08 00:05:18,306 [INFO] app.poll: Gift vote recorded: 10 votes added to 0 via gift 'Rose'.
2026-08-08 00:06:17,853 [INFO] app.poll: Vote recorded: User @Mbappe voted for dit.
2026-08-08 00:06:19,886 [INFO] app.poll: Gift vote recorded: 50 votes added to 0 via gift 'Rose'.
2026-08-08 00:08:11,152 [INFO] app.main: Managed Cloud WebSocket provider initialized.
2026-08-08 00:08:12,221 [INFO] app.main: Initializing database and application components...
2026-08-08 00:08:12,693 [INFO] app.main: WebSocket client connected. Total clients: 1
2026-08-08 00:08:13,287 [INFO] app.main: WebSocket client connected. Total clients: 2
2026-08-08 00:08:13,621 [INFO] app.main: WebSocket client connected. Total clients: 3
2026-08-08 00:08:13,987 [INFO] app.main: WebSocket client connected. Total clients: 4
2026-08-08 00:08:14,210 [INFO] app.main: WebSocket client connected. Total clients: 5
2026-08-08 00:08:14,225 [INFO] app.main: WebSocket client connected. Total clients: 6
2026-08-08 00:08:39,412 [INFO] app.main: WebSocket client connected. Total clients: 7
2026-08-08 00:09:07,629 [INFO] app.poll: Poll started: 'asd' (duration=1212s) with 2 candidates.
2026-08-08 00:09:10,989 [INFO] app.main: WebSocket client disconnected. Total clients: 6
2026-08-08 00:09:10,990 [ERROR] asyncio: Exception in callback _ProactorBasePipeTransport._call_connection_lost(None)
handle: <Handle _ProactorBasePipeTransport._call_connection_lost(None)>
Traceback (most recent call last):
  File "C:\Users\pacong2\AppData\Roaming\uv\python\cpython-3.12-windows-x86_64-none\Lib\asyncio\events.py", line 88, in _run
    self._context.run(self._callback, *self._args)
  File "C:\Users\pacong2\AppData\Roaming\uv\python\cpython-3.12-windows-x86_64-none\Lib\asyncio\proactor_events.py", line 165, in _call_connection_lost
    self._sock.shutdown(socket.SHUT_RDWR)
ConnectionResetError: [WinError 10054] An existing connection was forcibly closed by the remote host
2026-08-08 00:09:11,247 [INFO] app.main: WebSocket client connected. Total clients: 7
2026-08-08 00:09:14,018 [INFO] app.processor: EventProcessor active session updated to: 1183a1db
2026-08-08 00:09:14,021 [INFO] app.providers.euler: Connecting to EulerStream managed WebSocket for @aditya_el77...
2026-08-08 00:09:16,651 [INFO] app.providers.euler: Connected to EulerStream WebSocket successfully.
2026-08-08 00:09:19,699 [ERROR] app.providers.euler: EulerStream WebSocket connection error for @aditya_el77
Traceback (most recent call last):
  File "C:\Users\pacong2\Videos\tiktobs\app\providers\euler.py", line 112, in _run_connection_loop
    async for message in ws:
  File "C:\Users\pacong2\Videos\tiktobs\.venv\Lib\site-packages\websockets\asyncio\connection.py", line 236, in __aiter__
    yield await self.recv()
          ^^^^^^^^^^^^^^^^^
  File "C:\Users\pacong2\Videos\tiktobs\.venv\Lib\site-packages\websockets\asyncio\connection.py", line 316, in recv
    raise self.protocol.close_exc from self.recv_exc
websockets.exceptions.ConnectionClosedError: received 4556 (private use) /webcast/fetch: 500 - A 502 error occurred whilst fetching the webcast URL.; then sent 4556 (private use) /webcast/fetch: 500 - A 502 error occurred whilst fetching the webcast URL.
2026-08-08 00:09:19,708 [INFO] app.providers.euler: Reconnecting in 2.0s (Attempt 0/3)...
2026-08-08 00:09:21,724 [INFO] app.providers.euler: Connecting to EulerStream managed WebSocket for @aditya_el77...
2026-08-08 00:09:22,813 [INFO] app.providers.euler: Connected to EulerStream WebSocket successfully.
2026-08-08 00:09:30,949 [INFO] app.poll: Vote recorded: User @sambometal6.com voted for dit.
2026-08-08 00:09:59,805 [INFO] app.poll: Vote recorded: User @michaelpoerba68 voted for dit.
2026-08-08 00:10:05,414 [INFO] app.poll: Vote recorded: User @momnyayesha voted for dit.
2026-08-08 00:10:05,794 [INFO] app.main: WebSocket client connected. Total clients: 8
2026-08-08 00:10:11,188 [INFO] app.poll: Vote recorded: User @akunbaru87102 voted for dit.
2026-08-08 00:10:13,905 [INFO] app.main: WebSocket client disconnected. Total clients: 7
2026-08-08 00:10:26,932 [INFO] app.poll: Vote recorded: User @lia.kalfa voted for dit.
2026-08-08 00:10:28,338 [INFO] app.poll: Vote recorded: User @ansorinurkholisma voted for dit.
2026-08-08 00:10:32,812 [INFO] app.poll: Vote recorded: User @huutlemes voted for dit.
2026-08-08 00:10:36,051 [INFO] app.poll: Vote recorded: User @chifonkzblues010 voted for dit.
2026-08-08 00:10:40,262 [INFO] app.poll: Vote recorded: User @11hadiizrooil_ voted for dit.
2026-08-08 00:10:40,612 [INFO] app.poll: Vote recorded: User @bayualfinnugraha voted for dit.
2026-08-08 00:10:41,646 [INFO] app.poll: Vote recorded: User @setiyo_wi voted for dit.
2026-08-08 00:10:55,827 [INFO] app.poll: Vote recorded: User @herusetiaji0 voted for dit.
2026-08-08 00:10:58,333 [INFO] app.poll: Vote recorded: User @muhanugrahmaulana0 voted for dit.
2026-08-08 00:11:54,724 [INFO] app.poll: Vote recorded: User @yanianggraeni14 voted for dit.
2026-08-08 00:12:08,739 [INFO] app.poll: Vote recorded: User @utay4202 voted for dit.
2026-08-08 00:12:21,997 [INFO] app.poll: Vote recorded: User @terserah_jemek38 voted for dit.
2026-08-08 00:12:52,496 [INFO] app.poll: Vote recorded: User @tanqihul_ voted for dit.
2026-08-08 00:13:06,902 [INFO] app.poll: Vote recorded: User @dindin4025 voted for dit.
2026-08-08 00:13:13,978 [INFO] app.poll: Vote recorded: User @zakadipanggilzack voted for dit.
2026-08-08 00:13:32,035 [INFO] app.poll: Vote recorded: User @pakkades0604 voted for dit.
2026-08-08 00:13:45,717 [INFO] app.poll: Vote recorded: User @gataumaleszzz voted for dit.
2026-08-08 00:14:00,015 [INFO] app.poll: Vote recorded: User @alda.an00 voted for dit.
2026-08-08 00:14:28,271 [INFO] app.poll: Vote recorded: User @_suharr voted for dit.
2026-08-08 00:14:31,807 [INFO] app.poll: Vote recorded: User @tifaniadwiya voted for dit.
2026-08-08 00:14:33,101 [INFO] app.main: WebSocket client disconnected. Total clients: 6
2026-08-08 00:14:33,101 [INFO] app.main: WebSocket client disconnected. Total clients: 5
2026-08-08 00:14:33,103 [INFO] app.main: WebSocket client disconnected. Total clients: 4
2026-08-08 00:14:33,104 [INFO] app.main: WebSocket client disconnected. Total clients: 3
2026-08-08 00:14:33,105 [INFO] app.main: WebSocket client disconnected. Total clients: 2
2026-08-08 00:14:35,115 [ERROR] app.providers.euler: EulerStream WebSocket connection error for @aditya_el77
Traceback (most recent call last):
  File "C:\Users\pacong2\Videos\tiktobs\app\providers\euler.py", line 112, in _run_connection_loop
    async for message in ws:
  File "C:\Users\pacong2\Videos\tiktobs\.venv\Lib\site-packages\websockets\asyncio\connection.py", line 236, in __aiter__
    yield await self.recv()
          ^^^^^^^^^^^^^^^^^
  File "C:\Users\pacong2\Videos\tiktobs\.venv\Lib\site-packages\websockets\asyncio\connection.py", line 316, in recv
    raise self.protocol.close_exc from self.recv_exc
websockets.exceptions.ConnectionClosedError: sent 1011 (internal error) keepalive ping timeout; no close frame received
2026-08-08 00:14:35,117 [INFO] app.providers.euler: Reconnecting in 2.0s (Attempt 0/3)...
2026-08-08 00:14:37,138 [INFO] app.providers.euler: Connecting to EulerStream managed WebSocket for @aditya_el77...
2026-08-08 00:14:37,472 [INFO] app.providers.euler: Connected to EulerStream WebSocket successfully.
2026-08-08 00:14:47,108 [INFO] app.poll: Vote recorded: User @kepo.belanja4 voted for dit.
2026-08-08 00:14:47,156 [INFO] app.poll: Vote recorded: User @ndrax_x voted for dit.
2026-08-08 00:14:48,701 [INFO] app.poll: Vote recorded: User @daffinkurniawan5 voted for dit.
2026-08-08 00:14:51,248 [INFO] app.poll: Vote recorded: User @barumaugila1 voted for dit.
2026-08-08 00:14:59,881 [INFO] app.poll: Vote recorded: User @mamaal0823 voted for dit.
2026-08-08 00:15:05,216 [INFO] app.poll: Vote recorded: User @ilmu_padi44 voted for dit.
2026-08-08 00:15:25,922 [INFO] app.poll: Vote recorded: User @halo_wisnuprathama voted for dit.
2026-08-08 00:15:48,036 [INFO] app.poll: Vote recorded: User @gali0774 voted for dit.
2026-08-08 00:15:49,983 [INFO] app.poll: Vote recorded: User @rfn_260 voted for dit.
2026-08-08 00:15:51,547 [INFO] app.poll: Vote recorded: User @popayboys voted for dit.
2026-08-08 00:16:02,766 [INFO] app.poll: Vote recorded: User @vifinrhmwt voted for dit.
2026-08-08 00:16:04,796 [INFO] app.poll: Vote recorded: User @rina_rasyanizam voted for dit.
2026-08-08 00:16:07,795 [INFO] app.providers.euler: Requesting disconnect from EulerStream...
2026-08-08 00:16:07,886 [INFO] app.providers.euler: Disconnected successfully from EulerStream.
2026-08-08 00:16:07,920 [INFO] app.processor: EventProcessor active session updated to: None
2026-08-08 00:18:43,380 [INFO] app.processor: EventProcessor active session updated to: ce516679
2026-08-08 00:18:43,391 [INFO] app.providers.euler: Connecting to EulerStream managed WebSocket for @aditya_el77...
2026-08-08 00:18:43,685 [INFO] app.providers.euler: Connected to EulerStream WebSocket successfully.
2026-08-08 00:18:49,245 [INFO] app.main: WebSocket client connected. Total clients: 3
2026-08-08 00:18:52,908 [INFO] app.poll: Vote recorded: User @jemy.izziezayky voted for dit.
2026-08-08 00:19:01,038 [INFO] app.poll: Vote recorded: User @aff_raya voted for dit.
2026-08-08 00:19:01,889 [INFO] app.poll: Vote recorded: User @nurydara voted for dit.
2026-08-08 00:19:05,505 [INFO] app.providers.euler: Requesting disconnect from EulerStream...
2026-08-08 00:19:07,011 [INFO] app.providers.euler: Disconnected successfully from EulerStream.
2026-08-08 00:19:09,150 [INFO] app.processor: EventProcessor active session updated to: None
2026-08-08 00:21:58,617 [INFO] app.main: WebSocket client disconnected. Total clients: 2
2026-08-08 00:22:00,285 [INFO] app.main: WebSocket client connected. Total clients: 3
2026-08-08 00:24:11,996 [INFO] app.main: WebSocket client disconnected. Total clients: 2
2026-08-08 00:24:12,694 [INFO] app.main: WebSocket client connected. Total clients: 3
2026-08-08 00:24:28,800 [INFO] app.main: WebSocket client disconnected. Total clients: 2
2026-08-08 00:24:28,801 [INFO] app.main: WebSocket client disconnected. Total clients: 1
2026-08-08 00:24:28,802 [INFO] app.main: WebSocket client disconnected. Total clients: 0
2026-08-08 00:24:40,481 [INFO] app.main: Managed Cloud WebSocket provider initialized.
2026-08-08 00:24:40,573 [ERROR] fastapi: Form data requires "python-multipart" to be installed. 
You can install "python-multipart" with: 

pip install python-multipart

2026-08-08 00:25:44,586 [INFO] app.main: Managed Cloud WebSocket provider initialized.
